,scenario_id,var_vector,vector_type,alpha,proportion_action2_base,proportion_action2_var,CPS
0,G_199,Consequentialist,unweighted,-5.0,0.9333333333333332,0.8666666666666667,-0.06666666666666654
1,G_269,Consequentialist,unweighted,-5.0,0.20000000000000004,0.10000000000000002,-0.10000000000000002
2,G_523,Consequentialist,unweighted,-5.0,0.9,0.9,0.0
3,G_123,Consequentialist,unweighted,-5.0,0.30000000000000004,0.08333333333333333,-0.21666666666666673
4,G_104,Consequentialist,unweighted,-5.0,0.049999999999999996,0.15,0.1
5,H_088,Consequentialist,unweighted,-5.0,0.2333333333333333,0.13333333333333333,-0.09999999999999998
6,G_592,Consequentialist,unweighted,-5.0,0.8166666666666668,0.6666666666666666,-0.15000000000000013
7,H_087,Consequentialist,unweighted,-5.0,0.65,0.3833333333333333,-0.2666666666666667
8,G_114,Consequentialist,unweighted,-5.0,0.4833333333333334,0.08333333333333333,-0.4000000000000001
9,G_240,Consequentialist,unweighted,-5.0,0.5254385964912281,0.2333333333333333,-0.29210526315789487
10,G_275,Consequentialist,unweighted,-5.0,0.15000000000000002,0.13333333333333333,-0.01666666666666669
11,H_093,Consequentialist,unweighted,-5.0,0.36666666666666664,0.3833333333333333,0.016666666666666663
12,H_023,Consequentialist,unweighted,-5.0,0.03333333333333333,0.09999999999999999,0.06666666666666665
13,G_227,Consequentialist,unweighted,-5.0,0.8166666666666668,0.7666666666666666,-0.050000000000000155
14,H_084,Consequentialist,unweighted,-5.0,0.9500000000000001,0.8666666666666667,-0.08333333333333337
15,G_109,Consequentialist,unweighted,-5.0,0.3,0.19999999999999998,-0.1
16,G_438,Consequentialist,unweighted,-5.0,0.0,0.016666666666666666,0.016666666666666666
17,G_401,Consequentialist,unweighted,-5.0,0.75,0.6166666666666667,-0.1333333333333333
18,G_482,Consequentialist,unweighted,-5.0,0.2333333333333333,0.25,0.01666666666666669
19,G_163,Consequentialist,unweighted,-5.0,0.9500000000000001,0.8666666666666667,-0.08333333333333337
20,G_009,Consequentialist,unweighted,-5.0,0.85,0.8166666666666668,-0.033333333333333215
21,G_312,Consequentialist,unweighted,-5.0,0.9500000000000001,0.9833333333333334,0.033333333333333326
22,G_044,Consequentialist,unweighted,-5.0,0.4000000000000001,0.20000000000000004,-0.20000000000000004
23,H_027,Consequentialist,unweighted,-5.0,0.65,0.48333333333333334,-0.16666666666666669
24,G_195,Consequentialist,unweighted,-5.0,0.21666666666666665,0.08333333333333333,-0.1333333333333333
25,G_347,Consequentialist,unweighted,-5.0,0.6666666666666666,0.6,-0.06666666666666665
26,G_149,Consequentialist,unweighted,-5.0,0.7333333333333334,0.4333333333333333,-0.3000000000000001
27,G_179,Consequentialist,unweighted,-5.0,0.11666666666666665,0.13333333333333333,0.016666666666666677
28,G_255,Consequentialist,unweighted,-5.0,0.5499999999999999,0.5499999999999999,0.0
29,G_113,Consequentialist,unweighted,-5.0,0.75,0.6166666666666667,-0.1333333333333333
30,G_458,Consequentialist,unweighted,-5.0,0.0,0.0,0.0
31,H_002,Consequentialist,unweighted,-5.0,0.016666666666666666,0.049999999999999996,0.033333333333333326
32,G_199,Consequentialist,unweighted,-4.0,0.9333333333333332,0.85,-0.08333333333333326
33,G_269,Consequentialist,unweighted,-4.0,0.20000000000000004,0.16666666666666666,-0.03333333333333338
34,G_523,Consequentialist,unweighted,-4.0,0.9,0.9666666666666667,0.06666666666666665
35,G_123,Consequentialist,unweighted,-4.0,0.30000000000000004,0.11666666666666665,-0.1833333333333334
36,G_104,Consequentialist,unweighted,-4.0,0.049999999999999996,0.11666666666666665,0.06666666666666665
37,H_088,Consequentialist,unweighted,-4.0,0.2333333333333333,0.18333333333333335,-0.04999999999999996
38,G_592,Consequentialist,unweighted,-4.0,0.8166666666666668,0.65,-0.16666666666666674
39,H_087,Consequentialist,unweighted,-4.0,0.65,0.48333333333333334,-0.16666666666666669
40,G_114,Consequentialist,unweighted,-4.0,0.4833333333333334,0.15,-0.33333333333333337
41,G_240,Consequentialist,unweighted,-4.0,0.5254385964912281,0.26666666666666666,-0.2587719298245615
42,G_275,Consequentialist,unweighted,-4.0,0.15000000000000002,0.21666666666666667,0.06666666666666665
43,H_093,Consequentialist,unweighted,-4.0,0.36666666666666664,0.3166666666666667,-0.04999999999999993
44,H_023,Consequentialist,unweighted,-4.0,0.03333333333333333,0.08333333333333333,0.049999999999999996
45,G_227,Consequentialist,unweighted,-4.0,0.8166666666666668,0.8333333333333334,0.016666666666666607
46,H_084,Consequentialist,unweighted,-4.0,0.9500000000000001,0.9166666666666666,-0.03333333333333344
47,G_109,Consequentialist,unweighted,-4.0,0.3,0.21666666666666667,-0.08333333333333331
48,G_438,Consequentialist,unweighted,-4.0,0.0,0.016666666666666666,0.016666666666666666
49,G_401,Consequentialist,unweighted,-4.0,0.75,0.65,-0.09999999999999998
50,G_482,Consequentialist,unweighted,-4.0,0.2333333333333333,0.21666666666666667,-0.016666666666666635
51,G_163,Consequentialist,unweighted,-4.0,0.9500000000000001,0.9166666666666666,-0.03333333333333344
52,G_009,Consequentialist,unweighted,-4.0,0.85,0.7833333333333333,-0.06666666666666665
53,G_312,Consequentialist,unweighted,-4.0,0.9500000000000001,0.9500000000000001,0.0
54,G_044,Consequentialist,unweighted,-4.0,0.4000000000000001,0.2833333333333334,-0.1166666666666667
55,H_027,Consequentialist,unweighted,-4.0,0.65,0.5,-0.15000000000000002
56,G_195,Consequentialist,unweighted,-4.0,0.21666666666666665,0.08333333333333333,-0.1333333333333333
57,G_347,Consequentialist,unweighted,-4.0,0.6666666666666666,0.6833333333333332,0.016666666666666607
58,G_149,Consequentialist,unweighted,-4.0,0.7333333333333334,0.55,-0.18333333333333335
59,G_179,Consequentialist,unweighted,-4.0,0.11666666666666665,0.15,0.03333333333333334
60,G_255,Consequentialist,unweighted,-4.0,0.5499999999999999,0.5,-0.04999999999999993
61,G_113,Consequentialist,unweighted,-4.0,0.75,0.6333333333333334,-0.11666666666666659
62,G_458,Consequentialist,unweighted,-4.0,0.0,0.0,0.0
63,H_002,Consequentialist,unweighted,-4.0,0.016666666666666666,0.06666666666666667,0.05
64,G_199,Consequentialist,unweighted,-3.0,0.9333333333333332,0.9166666666666666,-0.016666666666666607
65,G_269,Consequentialist,unweighted,-3.0,0.20000000000000004,0.2333333333333333,0.03333333333333327
66,G_523,Consequentialist,unweighted,-3.0,0.9,0.9333333333333332,0.033333333333333215
67,G_123,Consequentialist,unweighted,-3.0,0.30000000000000004,0.05000000000000001,-0.25000000000000006
68,G_104,Consequentialist,unweighted,-3.0,0.049999999999999996,0.09999999999999999,0.049999999999999996
69,H_088,Consequentialist,unweighted,-3.0,0.2333333333333333,0.15,-0.08333333333333331
70,G_592,Consequentialist,unweighted,-3.0,0.8166666666666668,0.6166666666666667,-0.20000000000000007
71,H_087,Consequentialist,unweighted,-3.0,0.65,0.5,-0.15000000000000002
72,G_114,Consequentialist,unweighted,-3.0,0.4833333333333334,0.2333333333333333,-0.2500000000000001
73,G_240,Consequentialist,unweighted,-3.0,0.5254385964912281,0.3,-0.22543859649122816
74,G_275,Consequentialist,unweighted,-3.0,0.15000000000000002,0.2333333333333333,0.08333333333333329
75,H_093,Consequentialist,unweighted,-3.0,0.36666666666666664,0.25,-0.11666666666666664
76,H_023,Consequentialist,unweighted,-3.0,0.03333333333333333,0.08333333333333333,0.049999999999999996
77,G_227,Consequentialist,unweighted,-3.0,0.8166666666666668,0.8833333333333333,0.06666666666666654
78,H_084,Consequentialist,unweighted,-3.0,0.9500000000000001,0.9500000000000001,0.0
79,G_109,Consequentialist,unweighted,-3.0,0.3,0.26666666666666666,-0.033333333333333326
80,G_438,Consequentialist,unweighted,-3.0,0.0,0.0,0.0
81,G_401,Consequentialist,unweighted,-3.0,0.75,0.6166666666666667,-0.1333333333333333
82,G_482,Consequentialist,unweighted,-3.0,0.2333333333333333,0.21666666666666667,-0.016666666666666635
83,G_163,Consequentialist,unweighted,-3.0,0.9500000000000001,0.9500000000000001,0.0
84,G_009,Consequentialist,unweighted,-3.0,0.85,0.7999999999999999,-0.050000000000000044
85,G_312,Consequentialist,unweighted,-3.0,0.9500000000000001,0.9333333333333332,-0.01666666666666683
86,G_044,Consequentialist,unweighted,-3.0,0.4000000000000001,0.25,-0.15000000000000008
87,H_027,Consequentialist,unweighted,-3.0,0.65,0.6666666666666666,0.016666666666666607
88,G_195,Consequentialist,unweighted,-3.0,0.21666666666666665,0.11666666666666665,-0.09999999999999999
89,G_347,Consequentialist,unweighted,-3.0,0.6666666666666666,0.6403508771929824,-0.02631578947368418
90,G_149,Consequentialist,unweighted,-3.0,0.7333333333333334,0.5666666666666667,-0.16666666666666674
91,G_179,Consequentialist,unweighted,-3.0,0.11666666666666665,0.13333333333333333,0.016666666666666677
92,G_255,Consequentialist,unweighted,-3.0,0.5499999999999999,0.6333333333333334,0.08333333333333348
93,G_113,Consequentialist,unweighted,-3.0,0.75,0.7000000000000001,-0.04999999999999993
94,G_458,Consequentialist,unweighted,-3.0,0.0,0.0,0.0
95,H_002,Consequentialist,unweighted,-3.0,0.016666666666666666,0.049999999999999996,0.033333333333333326
96,G_199,Consequentialist,unweighted,-2.0,0.9333333333333332,0.9666666666666667,0.03333333333333344
97,G_269,Consequentialist,unweighted,-2.0,0.20000000000000004,0.19999999999999998,-5.551115123125783e-17
98,G_523,Consequentialist,unweighted,-2.0,0.9,0.9333333333333332,0.033333333333333215
99,G_123,Consequentialist,unweighted,-2.0,0.30000000000000004,0.16666666666666666,-0.1333333333333334
100,G_104,Consequentialist,unweighted,-2.0,0.049999999999999996,0.08333333333333333,0.03333333333333333
101,H_088,Consequentialist,unweighted,-2.0,0.2333333333333333,0.15,-0.08333333333333331
102,G_592,Consequentialist,unweighted,-2.0,0.8166666666666668,0.7333333333333334,-0.08333333333333337
103,H_087,Consequentialist,unweighted,-2.0,0.65,0.48333333333333334,-0.16666666666666669
104,G_114,Consequentialist,unweighted,-2.0,0.4833333333333334,0.3166666666666667,-0.16666666666666669
105,G_240,Consequentialist,unweighted,-2.0,0.5254385964912281,0.3990196078431372,-0.12641898864809092
106,G_275,Consequentialist,unweighted,-2.0,0.15000000000000002,0.18333333333333335,0.033333333333333326
107,H_093,Consequentialist,unweighted,-2.0,0.36666666666666664,0.4166666666666667,0.050000000000000044
108,H_023,Consequentialist,unweighted,-2.0,0.03333333333333333,0.09999999999999999,0.06666666666666665
109,G_227,Consequentialist,unweighted,-2.0,0.8166666666666668,0.85,0.033333333333333215
110,H_084,Consequentialist,unweighted,-2.0,0.9500000000000001,0.9500000000000001,0.0
111,G_109,Consequentialist,unweighted,-2.0,0.3,0.3333333333333333,0.033333333333333326
112,G_438,Consequentialist,unweighted,-2.0,0.0,0.0,0.0
113,G_401,Consequentialist,unweighted,-2.0,0.75,0.6666666666666666,-0.08333333333333337
114,G_482,Consequentialist,unweighted,-2.0,0.2333333333333333,0.21666666666666667,-0.016666666666666635
115,G_163,Consequentialist,unweighted,-2.0,0.9500000000000001,0.8482456140350877,-0.10175438596491237
116,G_009,Consequentialist,unweighted,-2.0,0.85,0.7833333333333333,-0.06666666666666665
117,G_312,Consequentialist,unweighted,-2.0,0.9500000000000001,0.9666666666666667,0.016666666666666607
118,G_044,Consequentialist,unweighted,-2.0,0.4000000000000001,0.39999999999999997,-1.1102230246251565e-16
119,H_027,Consequentialist,unweighted,-2.0,0.65,0.7000000000000001,0.050000000000000044
120,G_195,Consequentialist,unweighted,-2.0,0.21666666666666665,0.16666666666666666,-0.04999999999999999
121,G_347,Consequentialist,unweighted,-2.0,0.6666666666666666,0.5666666666666667,-0.09999999999999998
122,G_149,Consequentialist,unweighted,-2.0,0.7333333333333334,0.6333333333333333,-0.10000000000000009
123,G_179,Consequentialist,unweighted,-2.0,0.11666666666666665,0.13333333333333333,0.016666666666666677
124,G_255,Consequentialist,unweighted,-2.0,0.5499999999999999,0.6,0.050000000000000044
125,G_113,Consequentialist,unweighted,-2.0,0.75,0.7666666666666666,0.016666666666666607
126,G_458,Consequentialist,unweighted,-2.0,0.0,0.0,0.0
127,H_002,Consequentialist,unweighted,-2.0,0.016666666666666666,0.0,-0.016666666666666666
128,G_199,Consequentialist,unweighted,-1.0,0.9333333333333332,0.8666666666666667,-0.06666666666666654
129,G_269,Consequentialist,unweighted,-1.0,0.20000000000000004,0.18333333333333335,-0.01666666666666669
130,G_523,Consequentialist,unweighted,-1.0,0.9,0.9333333333333332,0.033333333333333215
131,G_123,Consequentialist,unweighted,-1.0,0.30000000000000004,0.19999999999999998,-0.10000000000000006
132,G_104,Consequentialist,unweighted,-1.0,0.049999999999999996,0.016666666666666666,-0.033333333333333326
133,H_088,Consequentialist,unweighted,-1.0,0.2333333333333333,0.21666666666666667,-0.016666666666666635
134,G_592,Consequentialist,unweighted,-1.0,0.8166666666666668,0.7333333333333333,-0.08333333333333348
135,H_087,Consequentialist,unweighted,-1.0,0.65,0.5499999999999999,-0.10000000000000009
136,G_114,Consequentialist,unweighted,-1.0,0.4833333333333334,0.45,-0.03333333333333338
137,G_240,Consequentialist,unweighted,-1.0,0.5254385964912281,0.4166666666666667,-0.10877192982456146
138,G_275,Consequentialist,unweighted,-1.0,0.15000000000000002,0.2833333333333334,0.13333333333333336
139,H_093,Consequentialist,unweighted,-1.0,0.36666666666666664,0.3833333333333333,0.016666666666666663
140,H_023,Consequentialist,unweighted,-1.0,0.03333333333333333,0.08333333333333333,0.049999999999999996
141,G_227,Consequentialist,unweighted,-1.0,0.8166666666666668,0.8833333333333333,0.06666666666666654
142,H_084,Consequentialist,unweighted,-1.0,0.9500000000000001,0.9500000000000001,0.0
143,G_109,Consequentialist,unweighted,-1.0,0.3,0.39999999999999997,0.09999999999999998
144,G_438,Consequentialist,unweighted,-1.0,0.0,0.0,0.0
145,G_401,Consequentialist,unweighted,-1.0,0.75,0.7666666666666666,0.016666666666666607
146,G_482,Consequentialist,unweighted,-1.0,0.2333333333333333,0.26666666666666666,0.033333333333333354
147,G_163,Consequentialist,unweighted,-1.0,0.9500000000000001,0.9166666666666666,-0.03333333333333344
148,G_009,Consequentialist,unweighted,-1.0,0.85,0.7333333333333333,-0.1166666666666667
149,G_312,Consequentialist,unweighted,-1.0,0.9500000000000001,0.9333333333333332,-0.01666666666666683
150,G_044,Consequentialist,unweighted,-1.0,0.4000000000000001,0.3,-0.10000000000000009
151,H_027,Consequentialist,unweighted,-1.0,0.65,0.7666666666666666,0.11666666666666659
152,G_195,Consequentialist,unweighted,-1.0,0.21666666666666665,0.18333333333333335,-0.0333333333333333
153,G_347,Consequentialist,unweighted,-1.0,0.6666666666666666,0.5394736842105263,-0.1271929824561403
154,G_149,Consequentialist,unweighted,-1.0,0.7333333333333334,0.6833333333333332,-0.050000000000000155
155,G_179,Consequentialist,unweighted,-1.0,0.11666666666666665,0.13333333333333333,0.016666666666666677
156,G_255,Consequentialist,unweighted,-1.0,0.5499999999999999,0.4666666666666666,-0.08333333333333331
157,G_113,Consequentialist,unweighted,-1.0,0.75,0.7166666666666667,-0.033333333333333326
158,G_458,Consequentialist,unweighted,-1.0,0.0,0.0,0.0
159,H_002,Consequentialist,unweighted,-1.0,0.016666666666666666,0.016666666666666666,0.0
160,G_199,Consequentialist,unweighted,0.0,0.9333333333333332,0.9333333333333332,0.0
161,G_269,Consequentialist,unweighted,0.0,0.20000000000000004,0.25,0.04999999999999996
162,G_523,Consequentialist,unweighted,0.0,0.9,0.9,0.0
163,G_123,Consequentialist,unweighted,0.0,0.30000000000000004,0.2833333333333334,-0.016666666666666663
164,G_104,Consequentialist,unweighted,0.0,0.049999999999999996,0.09999999999999999,0.049999999999999996
165,H_088,Consequentialist,unweighted,0.0,0.2333333333333333,0.2333333333333333,0.0
166,G_592,Consequentialist,unweighted,0.0,0.8166666666666668,0.7333333333333334,-0.08333333333333337
167,H_087,Consequentialist,unweighted,0.0,0.65,0.75,0.09999999999999998
168,G_114,Consequentialist,unweighted,0.0,0.4833333333333334,0.4166666666666667,-0.06666666666666671
169,G_240,Consequentialist,unweighted,0.0,0.5254385964912281,0.43333333333333335,-0.0921052631578948
170,G_275,Consequentialist,unweighted,0.0,0.15000000000000002,0.14074074074074072,-0.0092592592592593
171,H_093,Consequentialist,unweighted,0.0,0.36666666666666664,0.43333333333333335,0.06666666666666671
172,H_023,Consequentialist,unweighted,0.0,0.03333333333333333,0.18333333333333335,0.15000000000000002
173,G_227,Consequentialist,unweighted,0.0,0.8166666666666668,0.85,0.033333333333333215
174,H_084,Consequentialist,unweighted,0.0,0.9500000000000001,0.9833333333333334,0.033333333333333326
175,G_109,Consequentialist,unweighted,0.0,0.3,0.38333333333333336,0.08333333333333337
176,G_438,Consequentialist,unweighted,0.0,0.0,0.0,0.0
177,G_401,Consequentialist,unweighted,0.0,0.75,0.7333333333333333,-0.01666666666666672
178,G_482,Consequentialist,unweighted,0.0,0.2333333333333333,0.3833333333333333,0.15
179,G_163,Consequentialist,unweighted,0.0,0.9500000000000001,0.9333333333333332,-0.01666666666666683
180,G_009,Consequentialist,unweighted,0.0,0.85,0.7999999999999999,-0.050000000000000044
181,G_312,Consequentialist,unweighted,0.0,0.9500000000000001,0.9500000000000001,0.0
182,G_044,Consequentialist,unweighted,0.0,0.4000000000000001,0.3333333333333333,-0.06666666666666676
183,H_027,Consequentialist,unweighted,0.0,0.65,0.6833333333333335,0.03333333333333344
184,G_195,Consequentialist,unweighted,0.0,0.21666666666666665,0.26666666666666666,0.05000000000000002
185,G_347,Consequentialist,unweighted,0.0,0.6666666666666666,0.6333333333333333,-0.033333333333333326
186,G_149,Consequentialist,unweighted,0.0,0.7333333333333334,0.75,0.016666666666666607
187,G_179,Consequentialist,unweighted,0.0,0.11666666666666665,0.08333333333333333,-0.033333333333333326
188,G_255,Consequentialist,unweighted,0.0,0.5499999999999999,0.5833333333333334,0.03333333333333344
189,G_113,Consequentialist,unweighted,0.0,0.75,0.75,0.0
190,G_458,Consequentialist,unweighted,0.0,0.0,0.0,0.0
191,H_002,Consequentialist,unweighted,0.0,0.016666666666666666,0.016666666666666666,0.0
192,G_199,Consequentialist,unweighted,1.0,0.9333333333333332,0.9333333333333332,0.0
193,G_269,Consequentialist,unweighted,1.0,0.20000000000000004,0.26666666666666666,0.06666666666666662
194,G_523,Consequentialist,unweighted,1.0,0.9,0.85,-0.050000000000000044
195,G_123,Consequentialist,unweighted,1.0,0.30000000000000004,0.3333333333333333,0.03333333333333327
196,G_104,Consequentialist,unweighted,1.0,0.049999999999999996,0.03333333333333333,-0.016666666666666663
197,H_088,Consequentialist,unweighted,1.0,0.2333333333333333,0.19999999999999998,-0.033333333333333326
198,G_592,Consequentialist,unweighted,1.0,0.8166666666666668,0.8000000000000002,-0.016666666666666607
199,H_087,Consequentialist,unweighted,1.0,0.65,0.75,0.09999999999999998
200,G_114,Consequentialist,unweighted,1.0,0.4833333333333334,0.5333333333333333,0.04999999999999993
201,G_240,Consequentialist,unweighted,1.0,0.5254385964912281,0.43333333333333335,-0.0921052631578948
202,G_275,Consequentialist,unweighted,1.0,0.15000000000000002,0.25,0.09999999999999998
203,H_093,Consequentialist,unweighted,1.0,0.36666666666666664,0.43333333333333335,0.06666666666666671
204,H_023,Consequentialist,unweighted,1.0,0.03333333333333333,0.11666666666666665,0.08333333333333331
205,G_227,Consequentialist,unweighted,1.0,0.8166666666666668,0.8666666666666667,0.04999999999999993
206,H_084,Consequentialist,unweighted,1.0,0.9500000000000001,0.9500000000000001,0.0
207,G_109,Consequentialist,unweighted,1.0,0.3,0.3666666666666667,0.06666666666666671
208,G_438,Consequentialist,unweighted,1.0,0.0,0.016666666666666666,0.016666666666666666
209,G_401,Consequentialist,unweighted,1.0,0.75,0.7666666666666666,0.016666666666666607
210,G_482,Consequentialist,unweighted,1.0,0.2333333333333333,0.35000000000000003,0.11666666666666672
211,G_163,Consequentialist,unweighted,1.0,0.9500000000000001,0.9333333333333332,-0.01666666666666683
212,G_009,Consequentialist,unweighted,1.0,0.85,0.8666666666666667,0.01666666666666672
213,G_312,Consequentialist,unweighted,1.0,0.9500000000000001,0.9166666666666666,-0.03333333333333344
214,G_044,Consequentialist,unweighted,1.0,0.4000000000000001,0.44999999999999996,0.04999999999999988
215,H_027,Consequentialist,unweighted,1.0,0.65,0.7833333333333333,0.1333333333333333
216,G_195,Consequentialist,unweighted,1.0,0.21666666666666665,0.26666666666666666,0.05000000000000002
217,G_347,Consequentialist,unweighted,1.0,0.6666666666666666,0.5499999999999999,-0.1166666666666667
218,G_149,Consequentialist,unweighted,1.0,0.7333333333333334,0.6666666666666666,-0.06666666666666676
219,G_179,Consequentialist,unweighted,1.0,0.11666666666666665,0.09999999999999999,-0.016666666666666663
220,G_255,Consequentialist,unweighted,1.0,0.5499999999999999,0.4833333333333334,-0.06666666666666654
221,G_113,Consequentialist,unweighted,1.0,0.75,0.8000000000000002,0.050000000000000155
222,G_458,Consequentialist,unweighted,1.0,0.0,0.0,0.0
223,H_002,Consequentialist,unweighted,1.0,0.016666666666666666,0.016666666666666666,0.0
224,G_199,Consequentialist,unweighted,2.0,0.9333333333333332,0.9499999999999998,0.016666666666666607
225,G_269,Consequentialist,unweighted,2.0,0.20000000000000004,0.2833333333333333,0.08333333333333329
226,G_523,Consequentialist,unweighted,2.0,0.9,0.9166666666666666,0.016666666666666607
227,G_123,Consequentialist,unweighted,2.0,0.30000000000000004,0.4666666666666666,0.16666666666666657
228,G_104,Consequentialist,unweighted,2.0,0.049999999999999996,0.06666666666666667,0.01666666666666667
229,H_088,Consequentialist,unweighted,2.0,0.2333333333333333,0.2333333333333333,0.0
230,G_592,Consequentialist,unweighted,2.0,0.8166666666666668,0.7833333333333333,-0.03333333333333344
231,H_087,Consequentialist,unweighted,2.0,0.65,0.7000000000000001,0.050000000000000044
232,G_114,Consequentialist,unweighted,2.0,0.4833333333333334,0.5499999999999999,0.06666666666666654
233,G_240,Consequentialist,unweighted,2.0,0.5254385964912281,0.5833333333333334,0.05789473684210522
234,G_275,Consequentialist,unweighted,2.0,0.15000000000000002,0.15,-2.7755575615628914e-17
235,H_093,Consequentialist,unweighted,2.0,0.36666666666666664,0.43333333333333335,0.06666666666666671
236,H_023,Consequentialist,unweighted,2.0,0.03333333333333333,0.18333333333333335,0.15000000000000002
237,G_227,Consequentialist,unweighted,2.0,0.8166666666666668,0.8000000000000002,-0.016666666666666607
238,H_084,Consequentialist,unweighted,2.0,0.9500000000000001,0.9500000000000001,0.0
239,G_109,Consequentialist,unweighted,2.0,0.3,0.4166666666666667,0.1166666666666667
240,G_438,Consequentialist,unweighted,2.0,0.0,0.03333333333333333,0.03333333333333333
241,G_401,Consequentialist,unweighted,2.0,0.75,0.7666666666666666,0.016666666666666607
242,G_482,Consequentialist,unweighted,2.0,0.2333333333333333,0.4666666666666666,0.2333333333333333
243,G_163,Consequentialist,unweighted,2.0,0.9500000000000001,0.8333333333333334,-0.1166666666666667
244,G_009,Consequentialist,unweighted,2.0,0.85,0.8166666666666668,-0.033333333333333215
245,G_312,Consequentialist,unweighted,2.0,0.9500000000000001,0.9166666666666666,-0.03333333333333344
246,G_044,Consequentialist,unweighted,2.0,0.4000000000000001,0.46666666666666673,0.06666666666666665
247,H_027,Consequentialist,unweighted,2.0,0.65,0.7833333333333333,0.1333333333333333
248,G_195,Consequentialist,unweighted,2.0,0.21666666666666665,0.31666666666666665,0.1
249,G_347,Consequentialist,unweighted,2.0,0.6666666666666666,0.5166666666666666,-0.15000000000000002
250,G_149,Consequentialist,unweighted,2.0,0.7333333333333334,0.7333333333333334,0.0
251,G_179,Consequentialist,unweighted,2.0,0.11666666666666665,0.06666666666666667,-0.04999999999999999
252,G_255,Consequentialist,unweighted,2.0,0.5499999999999999,0.5280701754385965,-0.021929824561403466
253,G_113,Consequentialist,unweighted,2.0,0.75,0.7999999999999999,0.04999999999999993
254,G_458,Consequentialist,unweighted,2.0,0.0,0.0,0.0
255,H_002,Consequentialist,unweighted,2.0,0.016666666666666666,0.03333333333333333,0.016666666666666666
256,G_199,Consequentialist,unweighted,3.0,0.9333333333333332,0.8333333333333334,-0.09999999999999987
257,G_269,Consequentialist,unweighted,3.0,0.20000000000000004,0.3833333333333333,0.18333333333333326
258,G_523,Consequentialist,unweighted,3.0,0.9,0.9,0.0
259,G_123,Consequentialist,unweighted,3.0,0.30000000000000004,0.48333333333333334,0.1833333333333333
260,G_104,Consequentialist,unweighted,3.0,0.049999999999999996,0.03333333333333333,-0.016666666666666663
261,H_088,Consequentialist,unweighted,3.0,0.2333333333333333,0.18333333333333335,-0.04999999999999996
262,G_592,Consequentialist,unweighted,3.0,0.8166666666666668,0.7833333333333333,-0.03333333333333344
263,H_087,Consequentialist,unweighted,3.0,0.65,0.7833333333333333,0.1333333333333333
264,G_114,Consequentialist,unweighted,3.0,0.4833333333333334,0.6833333333333332,0.19999999999999984
265,G_240,Consequentialist,unweighted,3.0,0.5254385964912281,0.5780701754385965,0.05263157894736836
266,G_275,Consequentialist,unweighted,3.0,0.15000000000000002,0.19999999999999998,0.04999999999999996
267,H_093,Consequentialist,unweighted,3.0,0.36666666666666664,0.3333333333333333,-0.033333333333333326
268,H_023,Consequentialist,unweighted,3.0,0.03333333333333333,0.26666666666666666,0.23333333333333334
269,G_227,Consequentialist,unweighted,3.0,0.8166666666666668,0.9,0.08333333333333326
270,H_084,Consequentialist,unweighted,3.0,0.9500000000000001,0.9166666666666666,-0.03333333333333344
271,G_109,Consequentialist,unweighted,3.0,0.3,0.43333333333333335,0.13333333333333336
272,G_438,Consequentialist,unweighted,3.0,0.0,0.03508771929824561,0.03508771929824561
273,G_401,Consequentialist,unweighted,3.0,0.75,0.6333333333333334,-0.11666666666666659
274,G_482,Consequentialist,unweighted,3.0,0.2333333333333333,0.4166666666666667,0.18333333333333338
275,G_163,Consequentialist,unweighted,3.0,0.9500000000000001,0.8166666666666668,-0.1333333333333333
276,G_009,Consequentialist,unweighted,3.0,0.85,0.9166666666666666,0.06666666666666665
277,G_312,Consequentialist,unweighted,3.0,0.9500000000000001,0.9333333333333332,-0.01666666666666683
278,G_044,Consequentialist,unweighted,3.0,0.4000000000000001,0.4666666666666666,0.06666666666666654
279,H_027,Consequentialist,unweighted,3.0,0.65,0.7833333333333333,0.1333333333333333
280,G_195,Consequentialist,unweighted,3.0,0.21666666666666665,0.3,0.08333333333333334
281,G_347,Consequentialist,unweighted,3.0,0.6666666666666666,0.5666666666666667,-0.09999999999999998
282,G_149,Consequentialist,unweighted,3.0,0.7333333333333334,0.7166666666666667,-0.01666666666666672
283,G_179,Consequentialist,unweighted,3.0,0.11666666666666665,0.016666666666666666,-0.09999999999999999
284,G_255,Consequentialist,unweighted,3.0,0.5499999999999999,0.5,-0.04999999999999993
285,G_113,Consequentialist,unweighted,3.0,0.75,0.8333333333333334,0.08333333333333337
286,G_458,Consequentialist,unweighted,3.0,0.0,0.0,0.0
287,H_002,Consequentialist,unweighted,3.0,0.016666666666666666,0.03333333333333333,0.016666666666666666
288,G_199,Consequentialist,unweighted,4.0,0.9333333333333332,0.8833333333333333,-0.04999999999999993
289,G_269,Consequentialist,unweighted,4.0,0.20000000000000004,0.2833333333333334,0.08333333333333334
290,G_523,Consequentialist,unweighted,4.0,0.9,0.9500000000000001,0.050000000000000044
291,G_123,Consequentialist,unweighted,4.0,0.30000000000000004,0.44999999999999996,0.1499999999999999
292,G_104,Consequentialist,unweighted,4.0,0.049999999999999996,0.016666666666666666,-0.033333333333333326
293,H_088,Consequentialist,unweighted,4.0,0.2333333333333333,0.20000000000000004,-0.03333333333333327
294,G_592,Consequentialist,unweighted,4.0,0.8166666666666668,0.7666666666666666,-0.050000000000000155
295,H_087,Consequentialist,unweighted,4.0,0.65,0.7666666666666666,0.11666666666666659
296,G_114,Consequentialist,unweighted,4.0,0.4833333333333334,0.7333333333333333,0.2499999999999999
297,G_240,Consequentialist,unweighted,4.0,0.5254385964912281,0.5666666666666667,0.0412280701754385
298,G_275,Consequentialist,unweighted,4.0,0.15000000000000002,0.16666666666666666,0.016666666666666635
299,H_093,Consequentialist,unweighted,4.0,0.36666666666666664,0.38333333333333336,0.01666666666666672
300,H_023,Consequentialist,unweighted,4.0,0.03333333333333333,0.35000000000000003,0.3166666666666667
301,G_227,Consequentialist,unweighted,4.0,0.8166666666666668,0.85,0.033333333333333215
302,H_084,Consequentialist,unweighted,4.0,0.9500000000000001,0.9500000000000001,0.0
303,G_109,Consequentialist,unweighted,4.0,0.3,0.5359649122807018,0.23596491228070177
304,G_438,Consequentialist,unweighted,4.0,0.0,0.08333333333333333,0.08333333333333333
305,G_401,Consequentialist,unweighted,4.0,0.75,0.7333333333333334,-0.016666666666666607
306,G_482,Consequentialist,unweighted,4.0,0.2333333333333333,0.48333333333333334,0.25
307,G_163,Consequentialist,unweighted,4.0,0.9500000000000001,0.8333333333333334,-0.1166666666666667
308,G_009,Consequentialist,unweighted,4.0,0.85,0.7999999999999999,-0.050000000000000044
309,G_312,Consequentialist,unweighted,4.0,0.9500000000000001,0.9166666666666666,-0.03333333333333344
310,G_044,Consequentialist,unweighted,4.0,0.4000000000000001,0.45,0.04999999999999993
311,H_027,Consequentialist,unweighted,4.0,0.65,0.7999999999999999,0.1499999999999999
312,G_195,Consequentialist,unweighted,4.0,0.21666666666666665,0.36666666666666664,0.15
313,G_347,Consequentialist,unweighted,4.0,0.6666666666666666,0.6833333333333332,0.016666666666666607
314,G_149,Consequentialist,unweighted,4.0,0.7333333333333334,0.8000000000000002,0.06666666666666676
315,G_179,Consequentialist,unweighted,4.0,0.11666666666666665,0.016666666666666666,-0.09999999999999999
316,G_255,Consequentialist,unweighted,4.0,0.5499999999999999,0.5333333333333333,-0.016666666666666607
317,G_113,Consequentialist,unweighted,4.0,0.75,0.7666666666666667,0.01666666666666672
318,G_458,Consequentialist,unweighted,4.0,0.0,0.0,0.0
319,H_002,Consequentialist,unweighted,4.0,0.016666666666666666,0.03333333333333333,0.016666666666666666
320,G_199,Consequentialist,unweighted,5.0,0.9333333333333332,0.7666666666666666,-0.16666666666666663
321,G_269,Consequentialist,unweighted,5.0,0.20000000000000004,0.3,0.09999999999999995
322,G_523,Consequentialist,unweighted,5.0,0.9,0.8666666666666667,-0.033333333333333326
323,G_123,Consequentialist,unweighted,5.0,0.30000000000000004,0.65,0.35
324,G_104,Consequentialist,unweighted,5.0,0.049999999999999996,0.10000000000000002,0.050000000000000024
325,H_088,Consequentialist,unweighted,5.0,0.2333333333333333,0.16666666666666666,-0.06666666666666665
326,G_592,Consequentialist,unweighted,5.0,0.8166666666666668,0.8333333333333334,0.016666666666666607
327,H_087,Consequentialist,unweighted,5.0,0.65,0.8833333333333334,0.2333333333333334
328,G_114,Consequentialist,unweighted,5.0,0.4833333333333334,0.7333333333333334,0.25
329,G_240,Consequentialist,unweighted,5.0,0.5254385964912281,0.6833333333333332,0.1578947368421051
330,G_275,Consequentialist,unweighted,5.0,0.15000000000000002,0.2333333333333333,0.08333333333333329
331,H_093,Consequentialist,unweighted,5.0,0.36666666666666664,0.3833333333333333,0.016666666666666663
332,H_023,Consequentialist,unweighted,5.0,0.03333333333333333,0.45,0.4166666666666667
333,G_227,Consequentialist,unweighted,5.0,0.8166666666666668,0.85,0.033333333333333215
334,H_084,Consequentialist,unweighted,5.0,0.9500000000000001,0.9166666666666666,-0.03333333333333344
335,G_109,Consequentialist,unweighted,5.0,0.3,0.5333333333333333,0.23333333333333334
336,G_438,Consequentialist,unweighted,5.0,0.0,0.016666666666666666,0.016666666666666666
337,G_401,Consequentialist,unweighted,5.0,0.75,0.7333333333333334,-0.016666666666666607
338,G_482,Consequentialist,unweighted,5.0,0.2333333333333333,0.5666666666666667,0.33333333333333337
339,G_163,Consequentialist,unweighted,5.0,0.9500000000000001,0.7833333333333333,-0.16666666666666674
340,G_009,Consequentialist,unweighted,5.0,0.85,0.7666666666666666,-0.08333333333333337
341,G_312,Consequentialist,unweighted,5.0,0.9500000000000001,0.9166666666666666,-0.03333333333333344
342,G_044,Consequentialist,unweighted,5.0,0.4000000000000001,0.55,0.14999999999999997
343,H_027,Consequentialist,unweighted,5.0,0.65,0.8000000000000002,0.15000000000000013
344,G_195,Consequentialist,unweighted,5.0,0.21666666666666665,0.4333333333333333,0.21666666666666665
345,G_347,Consequentialist,unweighted,5.0,0.6666666666666666,0.5499999999999999,-0.1166666666666667
346,G_149,Consequentialist,unweighted,5.0,0.7333333333333334,0.7000000000000001,-0.033333333333333326
347,G_179,Consequentialist,unweighted,5.0,0.11666666666666665,0.08333333333333333,-0.033333333333333326
348,G_255,Consequentialist,unweighted,5.0,0.5499999999999999,0.48333333333333334,-0.0666666666666666
349,G_113,Consequentialist,unweighted,5.0,0.75,0.8666666666666666,0.11666666666666659
350,G_458,Consequentialist,unweighted,5.0,0.0,0.016666666666666666,0.016666666666666666
351,H_002,Consequentialist,unweighted,5.0,0.016666666666666666,0.08333333333333333,0.06666666666666667
352,G_199,Consequentialist,weighted,-5.0,0.9333333333333332,0.6666666666666666,-0.2666666666666666
353,G_269,Consequentialist,weighted,-5.0,0.20000000000000004,0.05000000000000001,-0.15000000000000002
354,G_523,Consequentialist,weighted,-5.0,0.9,0.8833333333333333,-0.01666666666666672
355,G_123,Consequentialist,weighted,-5.0,0.30000000000000004,0.16666666666666666,-0.1333333333333334
356,G_104,Consequentialist,weighted,-5.0,0.049999999999999996,0.15,0.1
357,H_088,Consequentialist,weighted,-5.0,0.2333333333333333,0.16666666666666666,-0.06666666666666665
358,G_592,Consequentialist,weighted,-5.0,0.8166666666666668,0.5499999999999999,-0.26666666666666683
359,H_087,Consequentialist,weighted,-5.0,0.65,0.16666666666666666,-0.4833333333333334
360,G_114,Consequentialist,weighted,-5.0,0.4833333333333334,0.09999999999999999,-0.3833333333333334
361,G_240,Consequentialist,weighted,-5.0,0.5254385964912281,0.13333333333333333,-0.39210526315789485
362,G_275,Consequentialist,weighted,-5.0,0.15000000000000002,0.39999999999999997,0.24999999999999994
363,H_093,Consequentialist,weighted,-5.0,0.36666666666666664,0.15,-0.21666666666666665
364,H_023,Consequentialist,weighted,-5.0,0.03333333333333333,0.15,0.11666666666666667
365,G_227,Consequentialist,weighted,-5.0,0.8166666666666668,0.7000000000000001,-0.1166666666666667
366,H_084,Consequentialist,weighted,-5.0,0.9500000000000001,0.8333333333333334,-0.1166666666666667
367,G_109,Consequentialist,weighted,-5.0,0.3,0.13333333333333333,-0.16666666666666666
368,G_438,Consequentialist,weighted,-5.0,0.0,0.016666666666666666,0.016666666666666666
369,G_401,Consequentialist,weighted,-5.0,0.75,0.43333333333333335,-0.31666666666666665
370,G_482,Consequentialist,weighted,-5.0,0.2333333333333333,0.16666666666666666,-0.06666666666666665
371,G_163,Consequentialist,weighted,-5.0,0.9500000000000001,0.85,-0.10000000000000009
372,G_009,Consequentialist,weighted,-5.0,0.85,0.75,-0.09999999999999998
373,G_312,Consequentialist,weighted,-5.0,0.9500000000000001,0.9500000000000001,0.0
374,G_044,Consequentialist,weighted,-5.0,0.4000000000000001,0.19999999999999998,-0.2000000000000001
375,H_027,Consequentialist,weighted,-5.0,0.65,0.15,-0.5
376,G_195,Consequentialist,weighted,-5.0,0.21666666666666665,0.05000000000000001,-0.16666666666666663
377,G_347,Consequentialist,weighted,-5.0,0.6666666666666666,0.6166666666666667,-0.04999999999999993
378,G_149,Consequentialist,weighted,-5.0,0.7333333333333334,0.4833333333333334,-0.25
379,G_179,Consequentialist,weighted,-5.0,0.11666666666666665,0.11666666666666665,0.0
380,G_255,Consequentialist,weighted,-5.0,0.5499999999999999,0.6999999999999998,0.1499999999999999
381,G_113,Consequentialist,weighted,-5.0,0.75,0.39999999999999997,-0.35000000000000003
382,G_458,Consequentialist,weighted,-5.0,0.0,0.16666666666666666,0.16666666666666666
383,H_002,Consequentialist,weighted,-5.0,0.016666666666666666,0.08333333333333333,0.06666666666666667
384,G_199,Consequentialist,weighted,-4.0,0.9333333333333332,0.7833333333333333,-0.1499999999999999
385,G_269,Consequentialist,weighted,-4.0,0.20000000000000004,0.10000000000000002,-0.10000000000000002
386,G_523,Consequentialist,weighted,-4.0,0.9,0.9,0.0
387,G_123,Consequentialist,weighted,-4.0,0.30000000000000004,0.11666666666666665,-0.1833333333333334
388,G_104,Consequentialist,weighted,-4.0,0.049999999999999996,0.16666666666666666,0.11666666666666667
389,H_088,Consequentialist,weighted,-4.0,0.2333333333333333,0.19999999999999998,-0.033333333333333326
390,G_592,Consequentialist,weighted,-4.0,0.8166666666666668,0.5833333333333334,-0.2333333333333334
391,H_087,Consequentialist,weighted,-4.0,0.65,0.3333333333333333,-0.3166666666666667
392,G_114,Consequentialist,weighted,-4.0,0.4833333333333334,0.049999999999999996,-0.4333333333333334
393,G_240,Consequentialist,weighted,-4.0,0.5254385964912281,0.21666666666666667,-0.3087719298245615
394,G_275,Consequentialist,weighted,-4.0,0.15000000000000002,0.3,0.14999999999999997
395,H_093,Consequentialist,weighted,-4.0,0.36666666666666664,0.31666666666666665,-0.04999999999999999
396,H_023,Consequentialist,weighted,-4.0,0.03333333333333333,0.16666666666666666,0.13333333333333333
397,G_227,Consequentialist,weighted,-4.0,0.8166666666666668,0.6833333333333335,-0.1333333333333333
398,H_084,Consequentialist,weighted,-4.0,0.9500000000000001,0.85,-0.10000000000000009
399,G_109,Consequentialist,weighted,-4.0,0.3,0.09999999999999999,-0.2
400,G_438,Consequentialist,weighted,-4.0,0.0,0.0,0.0
401,G_401,Consequentialist,weighted,-4.0,0.75,0.5333333333333333,-0.21666666666666667
402,G_482,Consequentialist,weighted,-4.0,0.2333333333333333,0.16666666666666666,-0.06666666666666665
403,G_163,Consequentialist,weighted,-4.0,0.9500000000000001,0.8833333333333333,-0.06666666666666676
404,G_009,Consequentialist,weighted,-4.0,0.85,0.6833333333333332,-0.16666666666666674
405,G_312,Consequentialist,weighted,-4.0,0.9500000000000001,0.9500000000000001,0.0
406,G_044,Consequentialist,weighted,-4.0,0.4000000000000001,0.21666666666666667,-0.1833333333333334
407,H_027,Consequentialist,weighted,-4.0,0.65,0.2333333333333333,-0.41666666666666674
408,G_195,Consequentialist,weighted,-4.0,0.21666666666666665,0.10000000000000002,-0.11666666666666663
409,G_347,Consequentialist,weighted,-4.0,0.6666666666666666,0.6,-0.06666666666666665
410,G_149,Consequentialist,weighted,-4.0,0.7333333333333334,0.4666666666666666,-0.2666666666666668
411,G_179,Consequentialist,weighted,-4.0,0.11666666666666665,0.15,0.03333333333333334
412,G_255,Consequentialist,weighted,-4.0,0.5499999999999999,0.6,0.050000000000000044
413,G_113,Consequentialist,weighted,-4.0,0.75,0.4666666666666666,-0.2833333333333334
414,G_458,Consequentialist,weighted,-4.0,0.0,0.06666666666666667,0.06666666666666667
415,H_002,Consequentialist,weighted,-4.0,0.016666666666666666,0.08333333333333333,0.06666666666666667
416,G_199,Consequentialist,weighted,-3.0,0.9333333333333332,0.8166666666666668,-0.11666666666666647
417,G_269,Consequentialist,weighted,-3.0,0.20000000000000004,0.1368421052631579,-0.06315789473684214
418,G_523,Consequentialist,weighted,-3.0,0.9,0.9500000000000001,0.050000000000000044
419,G_123,Consequentialist,weighted,-3.0,0.30000000000000004,0.11666666666666665,-0.1833333333333334
420,G_104,Consequentialist,weighted,-3.0,0.049999999999999996,0.11666666666666665,0.06666666666666665
421,H_088,Consequentialist,weighted,-3.0,0.2333333333333333,0.18333333333333335,-0.04999999999999996
422,G_592,Consequentialist,weighted,-3.0,0.8166666666666668,0.65,-0.16666666666666674
423,H_087,Consequentialist,weighted,-3.0,0.65,0.2833333333333334,-0.36666666666666664
424,G_114,Consequentialist,weighted,-3.0,0.4833333333333334,0.09999999999999999,-0.3833333333333334
425,G_240,Consequentialist,weighted,-3.0,0.5254385964912281,0.23333333333333336,-0.29210526315789476
426,G_275,Consequentialist,weighted,-3.0,0.15000000000000002,0.26666666666666666,0.11666666666666664
427,H_093,Consequentialist,weighted,-3.0,0.36666666666666664,0.26666666666666666,-0.09999999999999998
428,H_023,Consequentialist,weighted,-3.0,0.03333333333333333,0.13333333333333333,0.1
429,G_227,Consequentialist,weighted,-3.0,0.8166666666666668,0.8000000000000002,-0.016666666666666607
430,H_084,Consequentialist,weighted,-3.0,0.9500000000000001,0.8833333333333333,-0.06666666666666676
431,G_109,Consequentialist,weighted,-3.0,0.3,0.16666666666666666,-0.13333333333333333
432,G_438,Consequentialist,weighted,-3.0,0.0,0.0,0.0
433,G_401,Consequentialist,weighted,-3.0,0.75,0.65,-0.09999999999999998
434,G_482,Consequentialist,weighted,-3.0,0.2333333333333333,0.16666666666666666,-0.06666666666666665
435,G_163,Consequentialist,weighted,-3.0,0.9500000000000001,0.9166666666666666,-0.03333333333333344
436,G_009,Consequentialist,weighted,-3.0,0.85,0.7833333333333333,-0.06666666666666665
437,G_312,Consequentialist,weighted,-3.0,0.9500000000000001,0.9500000000000001,0.0
438,G_044,Consequentialist,weighted,-3.0,0.4000000000000001,0.25,-0.15000000000000008
439,H_027,Consequentialist,weighted,-3.0,0.65,0.2333333333333333,-0.41666666666666674
440,G_195,Consequentialist,weighted,-3.0,0.21666666666666665,0.11666666666666665,-0.09999999999999999
441,G_347,Consequentialist,weighted,-3.0,0.6666666666666666,0.6,-0.06666666666666665
442,G_149,Consequentialist,weighted,-3.0,0.7333333333333334,0.4166666666666667,-0.3166666666666667
443,G_179,Consequentialist,weighted,-3.0,0.11666666666666665,0.16666666666666666,0.05
444,G_255,Consequentialist,weighted,-3.0,0.5499999999999999,0.6333333333333334,0.08333333333333348
445,G_113,Consequentialist,weighted,-3.0,0.75,0.5166666666666667,-0.23333333333333328
446,G_458,Consequentialist,weighted,-3.0,0.0,0.0,0.0
447,H_002,Consequentialist,weighted,-3.0,0.016666666666666666,0.08333333333333333,0.06666666666666667
448,G_199,Consequentialist,weighted,-2.0,0.9333333333333332,0.85,-0.08333333333333326
449,G_269,Consequentialist,weighted,-2.0,0.20000000000000004,0.15,-0.050000000000000044
450,G_523,Consequentialist,weighted,-2.0,0.9,0.8666666666666667,-0.033333333333333326
451,G_123,Consequentialist,weighted,-2.0,0.30000000000000004,0.08333333333333333,-0.21666666666666673
452,G_104,Consequentialist,weighted,-2.0,0.049999999999999996,0.11666666666666665,0.06666666666666665
453,H_088,Consequentialist,weighted,-2.0,0.2333333333333333,0.21666666666666667,-0.016666666666666635
454,G_592,Consequentialist,weighted,-2.0,0.8166666666666668,0.7166666666666667,-0.10000000000000009
455,H_087,Consequentialist,weighted,-2.0,0.65,0.3833333333333333,-0.2666666666666667
456,G_114,Consequentialist,weighted,-2.0,0.4833333333333334,0.08596491228070174,-0.39736842105263165
457,G_240,Consequentialist,weighted,-2.0,0.5254385964912281,0.3412280701754386,-0.18421052631578955
458,G_275,Consequentialist,weighted,-2.0,0.15000000000000002,0.16666666666666666,0.016666666666666635
459,H_093,Consequentialist,weighted,-2.0,0.36666666666666664,0.3666666666666667,5.551115123125783e-17
460,H_023,Consequentialist,weighted,-2.0,0.03333333333333333,0.09999999999999999,0.06666666666666665
461,G_227,Consequentialist,weighted,-2.0,0.8166666666666668,0.7833333333333333,-0.03333333333333344
462,H_084,Consequentialist,weighted,-2.0,0.9500000000000001,0.9,-0.050000000000000044
463,G_109,Consequentialist,weighted,-2.0,0.3,0.1043859649122807,-0.1956140350877193
464,G_438,Consequentialist,weighted,-2.0,0.0,0.0,0.0
465,G_401,Consequentialist,weighted,-2.0,0.75,0.8166666666666668,0.06666666666666676
466,G_482,Consequentialist,weighted,-2.0,0.2333333333333333,0.25,0.01666666666666669
467,G_163,Consequentialist,weighted,-2.0,0.9500000000000001,0.9,-0.050000000000000044
468,G_009,Consequentialist,weighted,-2.0,0.85,0.7833333333333333,-0.06666666666666665
469,G_312,Consequentialist,weighted,-2.0,0.9500000000000001,1.0,0.04999999999999993
470,G_044,Consequentialist,weighted,-2.0,0.4000000000000001,0.26666666666666666,-0.13333333333333341
471,H_027,Consequentialist,weighted,-2.0,0.65,0.45,-0.2
472,G_195,Consequentialist,weighted,-2.0,0.21666666666666665,0.08333333333333333,-0.1333333333333333
473,G_347,Consequentialist,weighted,-2.0,0.6666666666666666,0.6,-0.06666666666666665
474,G_149,Consequentialist,weighted,-2.0,0.7333333333333334,0.44999999999999996,-0.28333333333333344
475,G_179,Consequentialist,weighted,-2.0,0.11666666666666665,0.13333333333333333,0.016666666666666677
476,G_255,Consequentialist,weighted,-2.0,0.5499999999999999,0.5666666666666667,0.01666666666666672
477,G_113,Consequentialist,weighted,-2.0,0.75,0.6666666666666666,-0.08333333333333337
478,G_458,Consequentialist,weighted,-2.0,0.0,0.0,0.0
479,H_002,Consequentialist,weighted,-2.0,0.016666666666666666,0.11666666666666665,0.09999999999999999
480,G_199,Consequentialist,weighted,-1.0,0.9333333333333332,0.9,-0.033333333333333215
481,G_269,Consequentialist,weighted,-1.0,0.20000000000000004,0.2833333333333333,0.08333333333333329
482,G_523,Consequentialist,weighted,-1.0,0.9,1.0,0.09999999999999998
483,G_123,Consequentialist,weighted,-1.0,0.30000000000000004,0.13333333333333333,-0.1666666666666667
484,G_104,Consequentialist,weighted,-1.0,0.049999999999999996,0.08333333333333333,0.03333333333333333
485,H_088,Consequentialist,weighted,-1.0,0.2333333333333333,0.23333333333333336,5.551115123125783e-17
486,G_592,Consequentialist,weighted,-1.0,0.8166666666666668,0.7964912280701754,-0.020175438596491402
487,H_087,Consequentialist,weighted,-1.0,0.65,0.4666666666666666,-0.1833333333333334
488,G_114,Consequentialist,weighted,-1.0,0.4833333333333334,0.25,-0.2333333333333334
489,G_240,Consequentialist,weighted,-1.0,0.5254385964912281,0.3,-0.22543859649122816
490,G_275,Consequentialist,weighted,-1.0,0.15000000000000002,0.2333333333333333,0.08333333333333329
491,H_093,Consequentialist,weighted,-1.0,0.36666666666666664,0.35000000000000003,-0.016666666666666607
492,H_023,Consequentialist,weighted,-1.0,0.03333333333333333,0.09999999999999999,0.06666666666666665
493,G_227,Consequentialist,weighted,-1.0,0.8166666666666668,0.85,0.033333333333333215
494,H_084,Consequentialist,weighted,-1.0,0.9500000000000001,0.9333333333333332,-0.01666666666666683
495,G_109,Consequentialist,weighted,-1.0,0.3,0.2333333333333333,-0.06666666666666668
496,G_438,Consequentialist,weighted,-1.0,0.0,0.016666666666666666,0.016666666666666666
497,G_401,Consequentialist,weighted,-1.0,0.75,0.7333333333333334,-0.016666666666666607
498,G_482,Consequentialist,weighted,-1.0,0.2333333333333333,0.23333333333333336,5.551115123125783e-17
499,G_163,Consequentialist,weighted,-1.0,0.9500000000000001,0.9166666666666666,-0.03333333333333344
500,G_009,Consequentialist,weighted,-1.0,0.85,0.7666666666666667,-0.08333333333333326
501,G_312,Consequentialist,weighted,-1.0,0.9500000000000001,0.9666666666666667,0.016666666666666607
502,G_044,Consequentialist,weighted,-1.0,0.4000000000000001,0.3666666666666667,-0.03333333333333338
503,H_027,Consequentialist,weighted,-1.0,0.65,0.6833333333333332,0.033333333333333215
504,G_195,Consequentialist,weighted,-1.0,0.21666666666666665,0.11666666666666668,-0.09999999999999996
505,G_347,Consequentialist,weighted,-1.0,0.6666666666666666,0.5499999999999999,-0.1166666666666667
506,G_149,Consequentialist,weighted,-1.0,0.7333333333333334,0.5,-0.2333333333333334
507,G_179,Consequentialist,weighted,-1.0,0.11666666666666665,0.15,0.03333333333333334
508,G_255,Consequentialist,weighted,-1.0,0.5499999999999999,0.4833333333333334,-0.06666666666666654
509,G_113,Consequentialist,weighted,-1.0,0.75,0.7666666666666666,0.016666666666666607
510,G_458,Consequentialist,weighted,-1.0,0.0,0.0,0.0
511,H_002,Consequentialist,weighted,-1.0,0.016666666666666666,0.016666666666666666,0.0
512,G_199,Consequentialist,weighted,0.0,0.9333333333333332,0.9333333333333332,0.0
513,G_269,Consequentialist,weighted,0.0,0.20000000000000004,0.20000000000000004,0.0
514,G_523,Consequentialist,weighted,0.0,0.9,0.9,0.0
515,G_123,Consequentialist,weighted,0.0,0.30000000000000004,0.30000000000000004,0.0
516,G_104,Consequentialist,weighted,0.0,0.049999999999999996,0.049999999999999996,0.0
517,H_088,Consequentialist,weighted,0.0,0.2333333333333333,0.2333333333333333,0.0
518,G_592,Consequentialist,weighted,0.0,0.8166666666666668,0.8166666666666668,0.0
519,H_087,Consequentialist,weighted,0.0,0.65,0.65,0.0
520,G_114,Consequentialist,weighted,0.0,0.4833333333333334,0.4833333333333334,0.0
521,G_240,Consequentialist,weighted,0.0,0.5254385964912281,0.5254385964912281,0.0
522,G_275,Consequentialist,weighted,0.0,0.15000000000000002,0.15000000000000002,0.0
523,H_093,Consequentialist,weighted,0.0,0.36666666666666664,0.36666666666666664,0.0
524,H_023,Consequentialist,weighted,0.0,0.03333333333333333,0.03333333333333333,0.0
525,G_227,Consequentialist,weighted,0.0,0.8166666666666668,0.8166666666666668,0.0
526,H_084,Consequentialist,weighted,0.0,0.9500000000000001,0.9500000000000001,0.0
527,G_109,Consequentialist,weighted,0.0,0.3,0.3,0.0
528,G_438,Consequentialist,weighted,0.0,0.0,0.0,0.0
529,G_401,Consequentialist,weighted,0.0,0.75,0.75,0.0
530,G_482,Consequentialist,weighted,0.0,0.2333333333333333,0.2333333333333333,0.0
531,G_163,Consequentialist,weighted,0.0,0.9500000000000001,0.9500000000000001,0.0
532,G_009,Consequentialist,weighted,0.0,0.85,0.85,0.0
533,G_312,Consequentialist,weighted,0.0,0.9500000000000001,0.9500000000000001,0.0
534,G_044,Consequentialist,weighted,0.0,0.4000000000000001,0.4000000000000001,0.0
535,H_027,Consequentialist,weighted,0.0,0.65,0.65,0.0
536,G_195,Consequentialist,weighted,0.0,0.21666666666666665,0.21666666666666665,0.0
537,G_347,Consequentialist,weighted,0.0,0.6666666666666666,0.6666666666666666,0.0
538,G_149,Consequentialist,weighted,0.0,0.7333333333333334,0.7333333333333334,0.0
539,G_179,Consequentialist,weighted,0.0,0.11666666666666665,0.11666666666666665,0.0
540,G_255,Consequentialist,weighted,0.0,0.5499999999999999,0.5499999999999999,0.0
541,G_113,Consequentialist,weighted,0.0,0.75,0.75,0.0
542,G_458,Consequentialist,weighted,0.0,0.0,0.0,0.0
543,H_002,Consequentialist,weighted,0.0,0.016666666666666666,0.016666666666666666,0.0
544,G_199,Consequentialist,weighted,1.0,0.9333333333333332,0.9166666666666666,-0.016666666666666607
545,G_269,Consequentialist,weighted,1.0,0.20000000000000004,0.25,0.04999999999999996
546,G_523,Consequentialist,weighted,1.0,0.9,0.9,0.0
547,G_123,Consequentialist,weighted,1.0,0.30000000000000004,0.4333333333333333,0.13333333333333325
548,G_104,Consequentialist,weighted,1.0,0.049999999999999996,0.049999999999999996,0.0
549,H_088,Consequentialist,weighted,1.0,0.2333333333333333,0.26666666666666666,0.033333333333333354
550,G_592,Consequentialist,weighted,1.0,0.8166666666666668,0.8000000000000002,-0.016666666666666607
551,H_087,Consequentialist,weighted,1.0,0.65,0.7166666666666667,0.06666666666666665
552,G_114,Consequentialist,weighted,1.0,0.4833333333333334,0.6833333333333335,0.20000000000000007
553,G_240,Consequentialist,weighted,1.0,0.5254385964912281,0.5703703703703704,0.04493177387914227
554,G_275,Consequentialist,weighted,1.0,0.15000000000000002,0.16666666666666666,0.016666666666666635
555,H_093,Consequentialist,weighted,1.0,0.36666666666666664,0.35000000000000003,-0.016666666666666607
556,H_023,Consequentialist,weighted,1.0,0.03333333333333333,0.21666666666666665,0.18333333333333332
557,G_227,Consequentialist,weighted,1.0,0.8166666666666668,0.8666666666666667,0.04999999999999993
558,H_084,Consequentialist,weighted,1.0,0.9500000000000001,0.9833333333333334,0.033333333333333326
559,G_109,Consequentialist,weighted,1.0,0.3,0.43333333333333335,0.13333333333333336
560,G_438,Consequentialist,weighted,1.0,0.0,0.0,0.0
561,G_401,Consequentialist,weighted,1.0,0.75,0.8333333333333334,0.08333333333333337
562,G_482,Consequentialist,weighted,1.0,0.2333333333333333,0.45,0.2166666666666667
563,G_163,Consequentialist,weighted,1.0,0.9500000000000001,0.8166666666666668,-0.1333333333333333
564,G_009,Consequentialist,weighted,1.0,0.85,0.8157894736842105,-0.03421052631578947
565,G_312,Consequentialist,weighted,1.0,0.9500000000000001,0.9,-0.050000000000000044
566,G_044,Consequentialist,weighted,1.0,0.4000000000000001,0.48333333333333334,0.08333333333333326
567,H_027,Consequentialist,weighted,1.0,0.65,0.75,0.09999999999999998
568,G_195,Consequentialist,weighted,1.0,0.21666666666666665,0.21666666666666667,2.7755575615628914e-17
569,G_347,Consequentialist,weighted,1.0,0.6666666666666666,0.556140350877193,-0.11052631578947358
570,G_149,Consequentialist,weighted,1.0,0.7333333333333334,0.7166666666666667,-0.01666666666666672
571,G_179,Consequentialist,weighted,1.0,0.11666666666666665,0.049999999999999996,-0.06666666666666665
572,G_255,Consequentialist,weighted,1.0,0.5499999999999999,0.5499999999999999,0.0
573,G_113,Consequentialist,weighted,1.0,0.75,0.7333333333333334,-0.016666666666666607
574,G_458,Consequentialist,weighted,1.0,0.0,0.016666666666666666,0.016666666666666666
575,H_002,Consequentialist,weighted,1.0,0.016666666666666666,0.03333333333333333,0.016666666666666666
576,G_199,Consequentialist,weighted,2.0,0.9333333333333332,0.8833333333333333,-0.04999999999999993
577,G_269,Consequentialist,weighted,2.0,0.20000000000000004,0.25,0.04999999999999996
578,G_523,Consequentialist,weighted,2.0,0.9,0.9333333333333332,0.033333333333333215
579,G_123,Consequentialist,weighted,2.0,0.30000000000000004,0.5666666666666667,0.2666666666666666
580,G_104,Consequentialist,weighted,2.0,0.049999999999999996,0.016666666666666666,-0.033333333333333326
581,H_088,Consequentialist,weighted,2.0,0.2333333333333333,0.21666666666666667,-0.016666666666666635
582,G_592,Consequentialist,weighted,2.0,0.8166666666666668,0.85,0.033333333333333215
583,H_087,Consequentialist,weighted,2.0,0.65,0.7999999999999999,0.1499999999999999
584,G_114,Consequentialist,weighted,2.0,0.4833333333333334,0.7333333333333333,0.2499999999999999
585,G_240,Consequentialist,weighted,2.0,0.5254385964912281,0.5166666666666667,-0.00877192982456143
586,G_275,Consequentialist,weighted,2.0,0.15000000000000002,0.19999999999999998,0.04999999999999996
587,H_093,Consequentialist,weighted,2.0,0.36666666666666664,0.4000000000000001,0.03333333333333344
588,H_023,Consequentialist,weighted,2.0,0.03333333333333333,0.3666666666666667,0.33333333333333337
589,G_227,Consequentialist,weighted,2.0,0.8166666666666668,0.8666666666666667,0.04999999999999993
590,H_084,Consequentialist,weighted,2.0,0.9500000000000001,0.9,-0.050000000000000044
591,G_109,Consequentialist,weighted,2.0,0.3,0.5666666666666667,0.26666666666666666
592,G_438,Consequentialist,weighted,2.0,0.0,0.09999999999999999,0.09999999999999999
593,G_401,Consequentialist,weighted,2.0,0.75,0.7333333333333334,-0.016666666666666607
594,G_482,Consequentialist,weighted,2.0,0.2333333333333333,0.4166666666666667,0.18333333333333338
595,G_163,Consequentialist,weighted,2.0,0.9500000000000001,0.8333333333333334,-0.1166666666666667
596,G_009,Consequentialist,weighted,2.0,0.85,0.75,-0.09999999999999998
597,G_312,Consequentialist,weighted,2.0,0.9500000000000001,0.85,-0.10000000000000009
598,G_044,Consequentialist,weighted,2.0,0.4000000000000001,0.5166666666666667,0.11666666666666664
599,H_027,Consequentialist,weighted,2.0,0.65,0.8333333333333334,0.18333333333333335
600,G_195,Consequentialist,weighted,2.0,0.21666666666666665,0.5114035087719299,0.2947368421052632
601,G_347,Consequentialist,weighted,2.0,0.6666666666666666,0.6,-0.06666666666666665
602,G_149,Consequentialist,weighted,2.0,0.7333333333333334,0.8166666666666668,0.08333333333333337
603,G_179,Consequentialist,weighted,2.0,0.11666666666666665,0.09999999999999999,-0.016666666666666663
604,G_255,Consequentialist,weighted,2.0,0.5499999999999999,0.5,-0.04999999999999993
605,G_113,Consequentialist,weighted,2.0,0.75,0.7833333333333333,0.033333333333333326
606,G_458,Consequentialist,weighted,2.0,0.0,0.0,0.0
607,H_002,Consequentialist,weighted,2.0,0.016666666666666666,0.049999999999999996,0.033333333333333326
608,G_199,Consequentialist,weighted,3.0,0.9333333333333332,0.8833333333333333,-0.04999999999999993
609,G_269,Consequentialist,weighted,3.0,0.20000000000000004,0.25,0.04999999999999996
610,G_523,Consequentialist,weighted,3.0,0.9,0.9,0.0
611,G_123,Consequentialist,weighted,3.0,0.30000000000000004,0.6333333333333334,0.33333333333333337
612,G_104,Consequentialist,weighted,3.0,0.049999999999999996,0.06666666666666667,0.01666666666666667
613,H_088,Consequentialist,weighted,3.0,0.2333333333333333,0.26666666666666666,0.033333333333333354
614,G_592,Consequentialist,weighted,3.0,0.8166666666666668,0.7824561403508771,-0.03421052631578969
615,H_087,Consequentialist,weighted,3.0,0.65,0.7666666666666666,0.11666666666666659
616,G_114,Consequentialist,weighted,3.0,0.4833333333333334,0.7833333333333333,0.29999999999999993
617,G_240,Consequentialist,weighted,3.0,0.5254385964912281,0.5956140350877193,0.07017543859649111
618,G_275,Consequentialist,weighted,3.0,0.15000000000000002,0.13333333333333333,-0.01666666666666669
619,H_093,Consequentialist,weighted,3.0,0.36666666666666664,0.3,-0.06666666666666665
620,H_023,Consequentialist,weighted,3.0,0.03333333333333333,0.4333333333333333,0.39999999999999997
621,G_227,Consequentialist,weighted,3.0,0.8166666666666668,0.8333333333333334,0.016666666666666607
622,H_084,Consequentialist,weighted,3.0,0.9500000000000001,0.9666666666666667,0.016666666666666607
623,G_109,Consequentialist,weighted,3.0,0.3,0.5499999999999999,0.24999999999999994
624,G_438,Consequentialist,weighted,3.0,0.0,0.17280701754385966,0.17280701754385966
625,G_401,Consequentialist,weighted,3.0,0.75,0.7000000000000001,-0.04999999999999993
626,G_482,Consequentialist,weighted,3.0,0.2333333333333333,0.5,0.2666666666666667
627,G_163,Consequentialist,weighted,3.0,0.9500000000000001,0.75,-0.20000000000000007
628,G_009,Consequentialist,weighted,3.0,0.85,0.85,0.0
629,G_312,Consequentialist,weighted,3.0,0.9500000000000001,0.8666666666666667,-0.08333333333333337
630,G_044,Consequentialist,weighted,3.0,0.4000000000000001,0.6271929824561404,0.22719298245614034
631,H_027,Consequentialist,weighted,3.0,0.65,0.7833333333333333,0.1333333333333333
632,G_195,Consequentialist,weighted,3.0,0.21666666666666665,0.5,0.2833333333333333
633,G_347,Consequentialist,weighted,3.0,0.6666666666666666,0.6333333333333333,-0.033333333333333326
634,G_149,Consequentialist,weighted,3.0,0.7333333333333334,0.75,0.016666666666666607
635,G_179,Consequentialist,weighted,3.0,0.11666666666666665,0.13333333333333333,0.016666666666666677
636,G_255,Consequentialist,weighted,3.0,0.5499999999999999,0.5499999999999999,0.0
637,G_113,Consequentialist,weighted,3.0,0.75,0.7333333333333334,-0.016666666666666607
638,G_458,Consequentialist,weighted,3.0,0.0,0.0,0.0
639,H_002,Consequentialist,weighted,3.0,0.016666666666666666,0.09999999999999999,0.08333333333333333
640,G_199,Consequentialist,weighted,4.0,0.9333333333333332,0.9166666666666666,-0.016666666666666607
641,G_269,Consequentialist,weighted,4.0,0.20000000000000004,0.3666666666666667,0.16666666666666666
642,G_523,Consequentialist,weighted,4.0,0.9,0.9,0.0
643,G_123,Consequentialist,weighted,4.0,0.30000000000000004,0.7833333333333333,0.4833333333333333
644,G_104,Consequentialist,weighted,4.0,0.049999999999999996,0.09999999999999999,0.049999999999999996
645,H_088,Consequentialist,weighted,4.0,0.2333333333333333,0.25,0.01666666666666669
646,G_592,Consequentialist,weighted,4.0,0.8166666666666668,0.85,0.033333333333333215
647,H_087,Consequentialist,weighted,4.0,0.65,0.7999999999999999,0.1499999999999999
648,G_114,Consequentialist,weighted,4.0,0.4833333333333334,0.85,0.3666666666666666
649,G_240,Consequentialist,weighted,4.0,0.5254385964912281,0.6640350877192982,0.13859649122807005
650,G_275,Consequentialist,weighted,4.0,0.15000000000000002,0.16666666666666666,0.016666666666666635
651,H_093,Consequentialist,weighted,4.0,0.36666666666666664,0.4043859649122807,0.03771929824561404
652,H_023,Consequentialist,weighted,4.0,0.03333333333333333,0.55,0.5166666666666667
653,G_227,Consequentialist,weighted,4.0,0.8166666666666668,0.9,0.08333333333333326
654,H_084,Consequentialist,weighted,4.0,0.9500000000000001,0.9500000000000001,0.0
655,G_109,Consequentialist,weighted,4.0,0.3,0.6166666666666667,0.3166666666666667
656,G_438,Consequentialist,weighted,4.0,0.0,0.1219298245614035,0.1219298245614035
657,G_401,Consequentialist,weighted,4.0,0.75,0.7333333333333334,-0.016666666666666607
658,G_482,Consequentialist,weighted,4.0,0.2333333333333333,0.48333333333333334,0.25
659,G_163,Consequentialist,weighted,4.0,0.9500000000000001,0.6833333333333332,-0.26666666666666683
660,G_009,Consequentialist,weighted,4.0,0.85,0.85,0.0
661,G_312,Consequentialist,weighted,4.0,0.9500000000000001,0.8166666666666668,-0.1333333333333333
662,G_044,Consequentialist,weighted,4.0,0.4000000000000001,0.6166666666666667,0.21666666666666662
663,H_027,Consequentialist,weighted,4.0,0.65,0.8000000000000002,0.15000000000000013
664,G_195,Consequentialist,weighted,4.0,0.21666666666666665,0.43333333333333335,0.2166666666666667
665,G_347,Consequentialist,weighted,4.0,0.6666666666666666,0.5666666666666668,-0.09999999999999987
666,G_149,Consequentialist,weighted,4.0,0.7333333333333334,0.7833333333333333,0.04999999999999993
667,G_179,Consequentialist,weighted,4.0,0.11666666666666665,0.08333333333333333,-0.033333333333333326
668,G_255,Consequentialist,weighted,4.0,0.5499999999999999,0.35701754385964907,-0.19298245614035087
669,G_113,Consequentialist,weighted,4.0,0.75,0.8166666666666668,0.06666666666666676
670,G_458,Consequentialist,weighted,4.0,0.0,0.0,0.0
671,H_002,Consequentialist,weighted,4.0,0.016666666666666666,0.15,0.13333333333333333
672,G_199,Consequentialist,weighted,5.0,0.9333333333333332,0.8333333333333334,-0.09999999999999987
673,G_269,Consequentialist,weighted,5.0,0.20000000000000004,0.2833333333333334,0.08333333333333334
674,G_523,Consequentialist,weighted,5.0,0.9,0.8666666666666667,-0.033333333333333326
675,G_123,Consequentialist,weighted,5.0,0.30000000000000004,0.75,0.44999999999999996
676,G_104,Consequentialist,weighted,5.0,0.049999999999999996,0.10000000000000002,0.050000000000000024
677,H_088,Consequentialist,weighted,5.0,0.2333333333333333,0.35000000000000003,0.11666666666666672
678,G_592,Consequentialist,weighted,5.0,0.8166666666666668,0.8333333333333334,0.016666666666666607
679,H_087,Consequentialist,weighted,5.0,0.65,0.85,0.19999999999999996
680,G_114,Consequentialist,weighted,5.0,0.4833333333333334,0.85,0.3666666666666666
681,G_240,Consequentialist,weighted,5.0,0.5254385964912281,0.6298245614035087,0.10438596491228058
682,G_275,Consequentialist,weighted,5.0,0.15000000000000002,0.31666666666666665,0.16666666666666663
683,H_093,Consequentialist,weighted,5.0,0.36666666666666664,0.4333333333333333,0.06666666666666665
684,H_023,Consequentialist,weighted,5.0,0.03333333333333333,0.65,0.6166666666666667
685,G_227,Consequentialist,weighted,5.0,0.8166666666666668,0.85,0.033333333333333215
686,H_084,Consequentialist,weighted,5.0,0.9500000000000001,0.8833333333333333,-0.06666666666666676
687,G_109,Consequentialist,weighted,5.0,0.3,0.6833333333333332,0.38333333333333325
688,G_438,Consequentialist,weighted,5.0,0.0,0.35000000000000003,0.35000000000000003
689,G_401,Consequentialist,weighted,5.0,0.75,0.7333333333333334,-0.016666666666666607
690,G_482,Consequentialist,weighted,5.0,0.2333333333333333,0.5640350877192982,0.33070175438596494
691,G_163,Consequentialist,weighted,5.0,0.9500000000000001,0.7640350877192983,-0.18596491228070178
692,G_009,Consequentialist,weighted,5.0,0.85,0.7833333333333333,-0.06666666666666665
693,G_312,Consequentialist,weighted,5.0,0.9500000000000001,0.8666666666666667,-0.08333333333333337
694,G_044,Consequentialist,weighted,5.0,0.4000000000000001,0.75,0.3499999999999999
695,H_027,Consequentialist,weighted,5.0,0.65,0.7657894736842105,0.11578947368421044
696,G_195,Consequentialist,weighted,5.0,0.21666666666666665,0.55,0.33333333333333337
697,G_347,Consequentialist,weighted,5.0,0.6666666666666666,0.5228070175438596,-0.14385964912280702
698,G_149,Consequentialist,weighted,5.0,0.7333333333333334,0.8166666666666668,0.08333333333333337
699,G_179,Consequentialist,weighted,5.0,0.11666666666666665,0.08421052631578947,-0.03245614035087718
700,G_255,Consequentialist,weighted,5.0,0.5499999999999999,0.4000000000000001,-0.14999999999999986
701,G_113,Consequentialist,weighted,5.0,0.75,0.8166666666666668,0.06666666666666676
702,G_458,Consequentialist,weighted,5.0,0.0,0.0,0.0
703,H_002,Consequentialist,weighted,5.0,0.016666666666666666,0.16666666666666666,0.15
704,G_199,Emotional,unweighted,-5.0,0.9333333333333332,0.7833333333333333,-0.1499999999999999
705,G_269,Emotional,unweighted,-5.0,0.20000000000000004,0.11666666666666665,-0.08333333333333338
706,G_523,Emotional,unweighted,-5.0,0.9,0.9833333333333334,0.08333333333333337
707,G_123,Emotional,unweighted,-5.0,0.30000000000000004,0.18333333333333335,-0.1166666666666667
708,G_104,Emotional,unweighted,-5.0,0.049999999999999996,0.15,0.1
709,H_088,Emotional,unweighted,-5.0,0.2333333333333333,0.15,-0.08333333333333331
710,G_592,Emotional,unweighted,-5.0,0.8166666666666668,0.6833333333333332,-0.13333333333333353
711,H_087,Emotional,unweighted,-5.0,0.65,0.3666666666666667,-0.2833333333333333
712,G_114,Emotional,unweighted,-5.0,0.4833333333333334,0.26666666666666666,-0.21666666666666673
713,G_240,Emotional,unweighted,-5.0,0.5254385964912281,0.425438596491228,-0.10000000000000014
714,G_275,Emotional,unweighted,-5.0,0.15000000000000002,0.25,0.09999999999999998
715,H_093,Emotional,unweighted,-5.0,0.36666666666666664,0.3166666666666667,-0.04999999999999993
716,H_023,Emotional,unweighted,-5.0,0.03333333333333333,0.15,0.11666666666666667
717,G_227,Emotional,unweighted,-5.0,0.8166666666666668,0.7999999999999999,-0.01666666666666683
718,H_084,Emotional,unweighted,-5.0,0.9500000000000001,0.8833333333333333,-0.06666666666666676
719,G_109,Emotional,unweighted,-5.0,0.3,0.18333333333333335,-0.11666666666666664
720,G_438,Emotional,unweighted,-5.0,0.0,0.016666666666666666,0.016666666666666666
721,G_401,Emotional,unweighted,-5.0,0.75,0.6973684210526315,-0.052631578947368474
722,G_482,Emotional,unweighted,-5.0,0.2333333333333333,0.21666666666666667,-0.016666666666666635
723,G_163,Emotional,unweighted,-5.0,0.9500000000000001,0.7999999999999999,-0.15000000000000013
724,G_009,Emotional,unweighted,-5.0,0.85,0.8166666666666668,-0.033333333333333215
725,G_312,Emotional,unweighted,-5.0,0.9500000000000001,0.9333333333333332,-0.01666666666666683
726,G_044,Emotional,unweighted,-5.0,0.4000000000000001,0.3333333333333333,-0.06666666666666676
727,H_027,Emotional,unweighted,-5.0,0.65,0.65,0.0
728,G_195,Emotional,unweighted,-5.0,0.21666666666666665,0.21666666666666667,2.7755575615628914e-17
729,G_347,Emotional,unweighted,-5.0,0.6666666666666666,0.3666666666666667,-0.29999999999999993
730,G_149,Emotional,unweighted,-5.0,0.7333333333333334,0.5333333333333333,-0.20000000000000007
731,G_179,Emotional,unweighted,-5.0,0.11666666666666665,0.16666666666666666,0.05
732,G_255,Emotional,unweighted,-5.0,0.5499999999999999,0.48333333333333334,-0.0666666666666666
733,G_113,Emotional,unweighted,-5.0,0.75,0.6,-0.15000000000000002
734,G_458,Emotional,unweighted,-5.0,0.0,0.016666666666666666,0.016666666666666666
735,H_002,Emotional,unweighted,-5.0,0.016666666666666666,0.13333333333333333,0.11666666666666667
736,G_199,Emotional,unweighted,-4.0,0.9333333333333332,0.8166666666666668,-0.11666666666666647
737,G_269,Emotional,unweighted,-4.0,0.20000000000000004,0.15,-0.050000000000000044
738,G_523,Emotional,unweighted,-4.0,0.9,0.8666666666666667,-0.033333333333333326
739,G_123,Emotional,unweighted,-4.0,0.30000000000000004,0.16666666666666666,-0.1333333333333334
740,G_104,Emotional,unweighted,-4.0,0.049999999999999996,0.13333333333333333,0.08333333333333334
741,H_088,Emotional,unweighted,-4.0,0.2333333333333333,0.18333333333333335,-0.04999999999999996
742,G_592,Emotional,unweighted,-4.0,0.8166666666666668,0.75,-0.06666666666666676
743,H_087,Emotional,unweighted,-4.0,0.65,0.4666666666666666,-0.1833333333333334
744,G_114,Emotional,unweighted,-4.0,0.4833333333333334,0.39999999999999997,-0.08333333333333343
745,G_240,Emotional,unweighted,-4.0,0.5254385964912281,0.31666666666666665,-0.2087719298245615
746,G_275,Emotional,unweighted,-4.0,0.15000000000000002,0.25,0.09999999999999998
747,H_093,Emotional,unweighted,-4.0,0.36666666666666664,0.3333333333333333,-0.033333333333333326
748,H_023,Emotional,unweighted,-4.0,0.03333333333333333,0.016666666666666666,-0.016666666666666666
749,G_227,Emotional,unweighted,-4.0,0.8166666666666668,0.8333333333333334,0.016666666666666607
750,H_084,Emotional,unweighted,-4.0,0.9500000000000001,0.9333333333333332,-0.01666666666666683
751,G_109,Emotional,unweighted,-4.0,0.3,0.19999999999999998,-0.1
752,G_438,Emotional,unweighted,-4.0,0.0,0.0,0.0
753,G_401,Emotional,unweighted,-4.0,0.75,0.65,-0.09999999999999998
754,G_482,Emotional,unweighted,-4.0,0.2333333333333333,0.2350877192982456,0.0017543859649122862
755,G_163,Emotional,unweighted,-4.0,0.9500000000000001,0.8333333333333334,-0.1166666666666667
756,G_009,Emotional,unweighted,-4.0,0.85,0.6833333333333332,-0.16666666666666674
757,G_312,Emotional,unweighted,-4.0,0.9500000000000001,0.9666666666666667,0.016666666666666607
758,G_044,Emotional,unweighted,-4.0,0.4000000000000001,0.2833333333333333,-0.11666666666666675
759,H_027,Emotional,unweighted,-4.0,0.65,0.5333333333333333,-0.1166666666666667
760,G_195,Emotional,unweighted,-4.0,0.21666666666666665,0.19999999999999998,-0.016666666666666663
761,G_347,Emotional,unweighted,-4.0,0.6666666666666666,0.45,-0.21666666666666662
762,G_149,Emotional,unweighted,-4.0,0.7333333333333334,0.5499999999999999,-0.18333333333333346
763,G_179,Emotional,unweighted,-4.0,0.11666666666666665,0.16666666666666666,0.05
764,G_255,Emotional,unweighted,-4.0,0.5499999999999999,0.55,1.1102230246251565e-16
765,G_113,Emotional,unweighted,-4.0,0.75,0.5666666666666667,-0.18333333333333335
766,G_458,Emotional,unweighted,-4.0,0.0,0.0,0.0
767,H_002,Emotional,unweighted,-4.0,0.016666666666666666,0.09999999999999999,0.08333333333333333
768,G_199,Emotional,unweighted,-3.0,0.9333333333333332,0.9,-0.033333333333333215
769,G_269,Emotional,unweighted,-3.0,0.20000000000000004,0.13333333333333333,-0.06666666666666671
770,G_523,Emotional,unweighted,-3.0,0.9,0.85,-0.050000000000000044
771,G_123,Emotional,unweighted,-3.0,0.30000000000000004,0.15,-0.15000000000000005
772,G_104,Emotional,unweighted,-3.0,0.049999999999999996,0.11666666666666665,0.06666666666666665
773,H_088,Emotional,unweighted,-3.0,0.2333333333333333,0.19999999999999998,-0.033333333333333326
774,G_592,Emotional,unweighted,-3.0,0.8166666666666668,0.75,-0.06666666666666676
775,H_087,Emotional,unweighted,-3.0,0.65,0.5333333333333333,-0.1166666666666667
776,G_114,Emotional,unweighted,-3.0,0.4833333333333334,0.34035087719298246,-0.14298245614035093
777,G_240,Emotional,unweighted,-3.0,0.5254385964912281,0.48333333333333334,-0.04210526315789481
778,G_275,Emotional,unweighted,-3.0,0.15000000000000002,0.15,-2.7755575615628914e-17
779,H_093,Emotional,unweighted,-3.0,0.36666666666666664,0.2333333333333333,-0.13333333333333333
780,H_023,Emotional,unweighted,-3.0,0.03333333333333333,0.13333333333333333,0.1
781,G_227,Emotional,unweighted,-3.0,0.8166666666666668,0.85,0.033333333333333215
782,H_084,Emotional,unweighted,-3.0,0.9500000000000001,0.8833333333333333,-0.06666666666666676
783,G_109,Emotional,unweighted,-3.0,0.3,0.3333333333333333,0.033333333333333326
784,G_438,Emotional,unweighted,-3.0,0.0,0.05000000000000001,0.05000000000000001
785,G_401,Emotional,unweighted,-3.0,0.75,0.7482456140350878,-0.0017543859649121751
786,G_482,Emotional,unweighted,-3.0,0.2333333333333333,0.39999999999999997,0.16666666666666666
787,G_163,Emotional,unweighted,-3.0,0.9500000000000001,0.7833333333333332,-0.16666666666666685
788,G_009,Emotional,unweighted,-3.0,0.85,0.7833333333333333,-0.06666666666666665
789,G_312,Emotional,unweighted,-3.0,0.9500000000000001,0.9500000000000001,0.0
790,G_044,Emotional,unweighted,-3.0,0.4000000000000001,0.2833333333333334,-0.1166666666666667
791,H_027,Emotional,unweighted,-3.0,0.65,0.5833333333333334,-0.06666666666666665
792,G_195,Emotional,unweighted,-3.0,0.21666666666666665,0.23333333333333336,0.01666666666666672
793,G_347,Emotional,unweighted,-3.0,0.6666666666666666,0.5333333333333333,-0.1333333333333333
794,G_149,Emotional,unweighted,-3.0,0.7333333333333334,0.6,-0.13333333333333341
795,G_179,Emotional,unweighted,-3.0,0.11666666666666665,0.16666666666666666,0.05
796,G_255,Emotional,unweighted,-3.0,0.5499999999999999,0.4166666666666667,-0.13333333333333325
797,G_113,Emotional,unweighted,-3.0,0.75,0.7000000000000001,-0.04999999999999993
798,G_458,Emotional,unweighted,-3.0,0.0,0.016666666666666666,0.016666666666666666
799,H_002,Emotional,unweighted,-3.0,0.016666666666666666,0.09999999999999999,0.08333333333333333
800,G_199,Emotional,unweighted,-2.0,0.9333333333333332,0.8833333333333333,-0.04999999999999993
801,G_269,Emotional,unweighted,-2.0,0.20000000000000004,0.26666666666666666,0.06666666666666662
802,G_523,Emotional,unweighted,-2.0,0.9,0.8666666666666667,-0.033333333333333326
803,G_123,Emotional,unweighted,-2.0,0.30000000000000004,0.26666666666666666,-0.03333333333333338
804,G_104,Emotional,unweighted,-2.0,0.049999999999999996,0.06666666666666667,0.01666666666666667
805,H_088,Emotional,unweighted,-2.0,0.2333333333333333,0.20000000000000004,-0.03333333333333327
806,G_592,Emotional,unweighted,-2.0,0.8166666666666668,0.6166666666666667,-0.20000000000000007
807,H_087,Emotional,unweighted,-2.0,0.65,0.4833333333333334,-0.16666666666666663
808,G_114,Emotional,unweighted,-2.0,0.4833333333333334,0.4000000000000001,-0.08333333333333331
809,G_240,Emotional,unweighted,-2.0,0.5254385964912281,0.48333333333333334,-0.04210526315789481
810,G_275,Emotional,unweighted,-2.0,0.15000000000000002,0.26666666666666666,0.11666666666666664
811,H_093,Emotional,unweighted,-2.0,0.36666666666666664,0.39999999999999997,0.033333333333333326
812,H_023,Emotional,unweighted,-2.0,0.03333333333333333,0.15,0.11666666666666667
813,G_227,Emotional,unweighted,-2.0,0.8166666666666668,0.9,0.08333333333333326
814,H_084,Emotional,unweighted,-2.0,0.9500000000000001,0.9500000000000001,0.0
815,G_109,Emotional,unweighted,-2.0,0.3,0.3333333333333333,0.033333333333333326
816,G_438,Emotional,unweighted,-2.0,0.0,0.0,0.0
817,G_401,Emotional,unweighted,-2.0,0.75,0.7166666666666668,-0.033333333333333215
818,G_482,Emotional,unweighted,-2.0,0.2333333333333333,0.25,0.01666666666666669
819,G_163,Emotional,unweighted,-2.0,0.9500000000000001,0.9333333333333332,-0.01666666666666683
820,G_009,Emotional,unweighted,-2.0,0.85,0.7999999999999999,-0.050000000000000044
821,G_312,Emotional,unweighted,-2.0,0.9500000000000001,0.9,-0.050000000000000044
822,G_044,Emotional,unweighted,-2.0,0.4000000000000001,0.3833333333333333,-0.016666666666666774
823,H_027,Emotional,unweighted,-2.0,0.65,0.6833333333333332,0.033333333333333215
824,G_195,Emotional,unweighted,-2.0,0.21666666666666665,0.17105263157894737,-0.045614035087719274
825,G_347,Emotional,unweighted,-2.0,0.6666666666666666,0.4666666666666666,-0.2
826,G_149,Emotional,unweighted,-2.0,0.7333333333333334,0.6491228070175439,-0.08421052631578951
827,G_179,Emotional,unweighted,-2.0,0.11666666666666665,0.15,0.03333333333333334
828,G_255,Emotional,unweighted,-2.0,0.5499999999999999,0.5166666666666667,-0.033333333333333215
829,G_113,Emotional,unweighted,-2.0,0.75,0.6833333333333332,-0.06666666666666676
830,G_458,Emotional,unweighted,-2.0,0.0,0.0,0.0
831,H_002,Emotional,unweighted,-2.0,0.016666666666666666,0.03333333333333333,0.016666666666666666
832,G_199,Emotional,unweighted,-1.0,0.9333333333333332,0.8666666666666667,-0.06666666666666654
833,G_269,Emotional,unweighted,-1.0,0.20000000000000004,0.21666666666666667,0.016666666666666635
834,G_523,Emotional,unweighted,-1.0,0.9,0.9500000000000001,0.050000000000000044
835,G_123,Emotional,unweighted,-1.0,0.30000000000000004,0.2675438596491228,-0.03245614035087724
836,G_104,Emotional,unweighted,-1.0,0.049999999999999996,0.08333333333333333,0.03333333333333333
837,H_088,Emotional,unweighted,-1.0,0.2333333333333333,0.16666666666666666,-0.06666666666666665
838,G_592,Emotional,unweighted,-1.0,0.8166666666666668,0.7666666666666666,-0.050000000000000155
839,H_087,Emotional,unweighted,-1.0,0.65,0.5499999999999999,-0.10000000000000009
840,G_114,Emotional,unweighted,-1.0,0.4833333333333334,0.44999999999999996,-0.03333333333333344
841,G_240,Emotional,unweighted,-1.0,0.5254385964912281,0.36666666666666664,-0.1587719298245615
842,G_275,Emotional,unweighted,-1.0,0.15000000000000002,0.15,-2.7755575615628914e-17
843,H_093,Emotional,unweighted,-1.0,0.36666666666666664,0.39999999999999997,0.033333333333333326
844,H_023,Emotional,unweighted,-1.0,0.03333333333333333,0.09999999999999999,0.06666666666666665
845,G_227,Emotional,unweighted,-1.0,0.8166666666666668,0.7999999999999999,-0.01666666666666683
846,H_084,Emotional,unweighted,-1.0,0.9500000000000001,0.9500000000000001,0.0
847,G_109,Emotional,unweighted,-1.0,0.3,0.4833333333333334,0.1833333333333334
848,G_438,Emotional,unweighted,-1.0,0.0,0.0,0.0
849,G_401,Emotional,unweighted,-1.0,0.75,0.7166666666666667,-0.033333333333333326
850,G_482,Emotional,unweighted,-1.0,0.2333333333333333,0.26666666666666666,0.033333333333333354
851,G_163,Emotional,unweighted,-1.0,0.9500000000000001,0.85,-0.10000000000000009
852,G_009,Emotional,unweighted,-1.0,0.85,0.7333333333333334,-0.11666666666666659
853,G_312,Emotional,unweighted,-1.0,0.9500000000000001,0.9,-0.050000000000000044
854,G_044,Emotional,unweighted,-1.0,0.4000000000000001,0.39999999999999997,-1.1102230246251565e-16
855,H_027,Emotional,unweighted,-1.0,0.65,0.7000000000000001,0.050000000000000044
856,G_195,Emotional,unweighted,-1.0,0.21666666666666665,0.18333333333333335,-0.0333333333333333
857,G_347,Emotional,unweighted,-1.0,0.6666666666666666,0.5666666666666667,-0.09999999999999998
858,G_149,Emotional,unweighted,-1.0,0.7333333333333334,0.6166666666666667,-0.1166666666666667
859,G_179,Emotional,unweighted,-1.0,0.11666666666666665,0.13333333333333333,0.016666666666666677
860,G_255,Emotional,unweighted,-1.0,0.5499999999999999,0.5166666666666667,-0.033333333333333215
861,G_113,Emotional,unweighted,-1.0,0.75,0.6333333333333333,-0.1166666666666667
862,G_458,Emotional,unweighted,-1.0,0.0,0.0,0.0
863,H_002,Emotional,unweighted,-1.0,0.016666666666666666,0.049999999999999996,0.033333333333333326
864,G_199,Emotional,unweighted,0.0,0.9333333333333332,0.9166666666666666,-0.016666666666666607
865,G_269,Emotional,unweighted,0.0,0.20000000000000004,0.25,0.04999999999999996
866,G_523,Emotional,unweighted,0.0,0.9,0.9666666666666667,0.06666666666666665
867,G_123,Emotional,unweighted,0.0,0.30000000000000004,0.2780701754385965,-0.02192982456140352
868,G_104,Emotional,unweighted,0.0,0.049999999999999996,0.049999999999999996,0.0
869,H_088,Emotional,unweighted,0.0,0.2333333333333333,0.18333333333333335,-0.04999999999999996
870,G_592,Emotional,unweighted,0.0,0.8166666666666668,0.75,-0.06666666666666676
871,H_087,Emotional,unweighted,0.0,0.65,0.5666666666666667,-0.08333333333333337
872,G_114,Emotional,unweighted,0.0,0.4833333333333334,0.5333333333333333,0.04999999999999993
873,G_240,Emotional,unweighted,0.0,0.5254385964912281,0.5087719298245614,-0.01666666666666672
874,G_275,Emotional,unweighted,0.0,0.15000000000000002,0.08333333333333333,-0.0666666666666667
875,H_093,Emotional,unweighted,0.0,0.36666666666666664,0.25,-0.11666666666666664
876,H_023,Emotional,unweighted,0.0,0.03333333333333333,0.06666666666666667,0.03333333333333333
877,G_227,Emotional,unweighted,0.0,0.8166666666666668,0.8333333333333334,0.016666666666666607
878,H_084,Emotional,unweighted,0.0,0.9500000000000001,0.9333333333333332,-0.01666666666666683
879,G_109,Emotional,unweighted,0.0,0.3,0.3333333333333333,0.033333333333333326
880,G_438,Emotional,unweighted,0.0,0.0,0.0,0.0
881,G_401,Emotional,unweighted,0.0,0.75,0.8166666666666668,0.06666666666666676
882,G_482,Emotional,unweighted,0.0,0.2333333333333333,0.31666666666666665,0.08333333333333334
883,G_163,Emotional,unweighted,0.0,0.9500000000000001,0.9166666666666666,-0.03333333333333344
884,G_009,Emotional,unweighted,0.0,0.85,0.85,0.0
885,G_312,Emotional,unweighted,0.0,0.9500000000000001,0.9,-0.050000000000000044
886,G_044,Emotional,unweighted,0.0,0.4000000000000001,0.4000000000000001,0.0
887,H_027,Emotional,unweighted,0.0,0.65,0.7000000000000001,0.050000000000000044
888,G_195,Emotional,unweighted,0.0,0.21666666666666665,0.3333333333333333,0.11666666666666667
889,G_347,Emotional,unweighted,0.0,0.6666666666666666,0.6,-0.06666666666666665
890,G_149,Emotional,unweighted,0.0,0.7333333333333334,0.6833333333333332,-0.050000000000000155
891,G_179,Emotional,unweighted,0.0,0.11666666666666665,0.09999999999999999,-0.016666666666666663
892,G_255,Emotional,unweighted,0.0,0.5499999999999999,0.4833333333333334,-0.06666666666666654
893,G_113,Emotional,unweighted,0.0,0.75,0.7666666666666666,0.016666666666666607
894,G_458,Emotional,unweighted,0.0,0.0,0.0,0.0
895,H_002,Emotional,unweighted,0.0,0.016666666666666666,0.049999999999999996,0.033333333333333326
896,G_199,Emotional,unweighted,1.0,0.9333333333333332,0.9,-0.033333333333333215
897,G_269,Emotional,unweighted,1.0,0.20000000000000004,0.23333333333333336,0.033333333333333326
898,G_523,Emotional,unweighted,1.0,0.9,0.9,0.0
899,G_123,Emotional,unweighted,1.0,0.30000000000000004,0.38333333333333336,0.08333333333333331
900,G_104,Emotional,unweighted,1.0,0.049999999999999996,0.0,-0.049999999999999996
901,H_088,Emotional,unweighted,1.0,0.2333333333333333,0.11666666666666665,-0.11666666666666665
902,G_592,Emotional,unweighted,1.0,0.8166666666666668,0.8333333333333334,0.016666666666666607
903,H_087,Emotional,unweighted,1.0,0.65,0.65,0.0
904,G_114,Emotional,unweighted,1.0,0.4833333333333334,0.5649122807017545,0.08157894736842108
905,G_240,Emotional,unweighted,1.0,0.5254385964912281,0.4166666666666667,-0.10877192982456146
906,G_275,Emotional,unweighted,1.0,0.15000000000000002,0.18333333333333335,0.033333333333333326
907,H_093,Emotional,unweighted,1.0,0.36666666666666664,0.36929824561403507,0.0026315789473684292
908,H_023,Emotional,unweighted,1.0,0.03333333333333333,0.15,0.11666666666666667
909,G_227,Emotional,unweighted,1.0,0.8166666666666668,0.8666666666666667,0.04999999999999993
910,H_084,Emotional,unweighted,1.0,0.9500000000000001,0.9666666666666667,0.016666666666666607
911,G_109,Emotional,unweighted,1.0,0.3,0.3333333333333333,0.033333333333333326
912,G_438,Emotional,unweighted,1.0,0.0,0.0,0.0
913,G_401,Emotional,unweighted,1.0,0.75,0.7000000000000001,-0.04999999999999993
914,G_482,Emotional,unweighted,1.0,0.2333333333333333,0.3,0.06666666666666668
915,G_163,Emotional,unweighted,1.0,0.9500000000000001,0.8666666666666667,-0.08333333333333337
916,G_009,Emotional,unweighted,1.0,0.85,0.7833333333333333,-0.06666666666666665
917,G_312,Emotional,unweighted,1.0,0.9500000000000001,0.9333333333333332,-0.01666666666666683
918,G_044,Emotional,unweighted,1.0,0.4000000000000001,0.39999999999999997,-1.1102230246251565e-16
919,H_027,Emotional,unweighted,1.0,0.65,0.7999999999999999,0.1499999999999999
920,G_195,Emotional,unweighted,1.0,0.21666666666666665,0.18771929824561404,-0.02894736842105261
921,G_347,Emotional,unweighted,1.0,0.6666666666666666,0.6166666666666667,-0.04999999999999993
922,G_149,Emotional,unweighted,1.0,0.7333333333333334,0.7000000000000001,-0.033333333333333326
923,G_179,Emotional,unweighted,1.0,0.11666666666666665,0.13333333333333333,0.016666666666666677
924,G_255,Emotional,unweighted,1.0,0.5499999999999999,0.4833333333333334,-0.06666666666666654
925,G_113,Emotional,unweighted,1.0,0.75,0.8166666666666668,0.06666666666666676
926,G_458,Emotional,unweighted,1.0,0.0,0.016666666666666666,0.016666666666666666
927,H_002,Emotional,unweighted,1.0,0.016666666666666666,0.049999999999999996,0.033333333333333326
928,G_199,Emotional,unweighted,2.0,0.9333333333333332,0.9166666666666666,-0.016666666666666607
929,G_269,Emotional,unweighted,2.0,0.20000000000000004,0.25,0.04999999999999996
930,G_523,Emotional,unweighted,2.0,0.9,0.9333333333333332,0.033333333333333215
931,G_123,Emotional,unweighted,2.0,0.30000000000000004,0.39999999999999997,0.09999999999999992
932,G_104,Emotional,unweighted,2.0,0.049999999999999996,0.016666666666666666,-0.033333333333333326
933,H_088,Emotional,unweighted,2.0,0.2333333333333333,0.18333333333333335,-0.04999999999999996
934,G_592,Emotional,unweighted,2.0,0.8166666666666668,0.7999999999999999,-0.01666666666666683
935,H_087,Emotional,unweighted,2.0,0.65,0.8166666666666668,0.16666666666666674
936,G_114,Emotional,unweighted,2.0,0.4833333333333334,0.5166666666666666,0.033333333333333215
937,G_240,Emotional,unweighted,2.0,0.5254385964912281,0.425438596491228,-0.10000000000000014
938,G_275,Emotional,unweighted,2.0,0.15000000000000002,0.26666666666666666,0.11666666666666664
939,H_093,Emotional,unweighted,2.0,0.36666666666666664,0.45,0.08333333333333337
940,H_023,Emotional,unweighted,2.0,0.03333333333333333,0.09999999999999999,0.06666666666666665
941,G_227,Emotional,unweighted,2.0,0.8166666666666668,0.9,0.08333333333333326
942,H_084,Emotional,unweighted,2.0,0.9500000000000001,0.9666666666666667,0.016666666666666607
943,G_109,Emotional,unweighted,2.0,0.3,0.4166666666666667,0.1166666666666667
944,G_438,Emotional,unweighted,2.0,0.0,0.0,0.0
945,G_401,Emotional,unweighted,2.0,0.75,0.7666666666666666,0.016666666666666607
946,G_482,Emotional,unweighted,2.0,0.2333333333333333,0.4333333333333333,0.19999999999999998
947,G_163,Emotional,unweighted,2.0,0.9500000000000001,0.9166666666666666,-0.03333333333333344
948,G_009,Emotional,unweighted,2.0,0.85,0.7666666666666666,-0.08333333333333337
949,G_312,Emotional,unweighted,2.0,0.9500000000000001,0.9166666666666666,-0.03333333333333344
950,G_044,Emotional,unweighted,2.0,0.4000000000000001,0.4166666666666667,0.016666666666666607
951,H_027,Emotional,unweighted,2.0,0.65,0.7166666666666668,0.06666666666666676
952,G_195,Emotional,unweighted,2.0,0.21666666666666665,0.26666666666666666,0.05000000000000002
953,G_347,Emotional,unweighted,2.0,0.6666666666666666,0.6333333333333333,-0.033333333333333326
954,G_149,Emotional,unweighted,2.0,0.7333333333333334,0.6666666666666666,-0.06666666666666676
955,G_179,Emotional,unweighted,2.0,0.11666666666666665,0.06666666666666667,-0.04999999999999999
956,G_255,Emotional,unweighted,2.0,0.5499999999999999,0.5333333333333333,-0.016666666666666607
957,G_113,Emotional,unweighted,2.0,0.75,0.7166666666666667,-0.033333333333333326
958,G_458,Emotional,unweighted,2.0,0.0,0.0,0.0
959,H_002,Emotional,unweighted,2.0,0.016666666666666666,0.0,-0.016666666666666666
960,G_199,Emotional,unweighted,3.0,0.9333333333333332,0.9500000000000001,0.01666666666666683
961,G_269,Emotional,unweighted,3.0,0.20000000000000004,0.3166666666666667,0.11666666666666667
962,G_523,Emotional,unweighted,3.0,0.9,0.85,-0.050000000000000044
963,G_123,Emotional,unweighted,3.0,0.30000000000000004,0.3666666666666667,0.06666666666666665
964,G_104,Emotional,unweighted,3.0,0.049999999999999996,0.016666666666666666,-0.033333333333333326
965,H_088,Emotional,unweighted,3.0,0.2333333333333333,0.19999999999999998,-0.033333333333333326
966,G_592,Emotional,unweighted,3.0,0.8166666666666668,0.8333333333333334,0.016666666666666607
967,H_087,Emotional,unweighted,3.0,0.65,0.7666666666666667,0.1166666666666667
968,G_114,Emotional,unweighted,3.0,0.4833333333333334,0.65,0.16666666666666663
969,G_240,Emotional,unweighted,3.0,0.5254385964912281,0.5333333333333333,0.007894736842105177
970,G_275,Emotional,unweighted,3.0,0.15000000000000002,0.19999999999999998,0.04999999999999996
971,H_093,Emotional,unweighted,3.0,0.36666666666666664,0.3833333333333333,0.016666666666666663
972,H_023,Emotional,unweighted,3.0,0.03333333333333333,0.21666666666666667,0.18333333333333335
973,G_227,Emotional,unweighted,3.0,0.8166666666666668,0.9166666666666666,0.09999999999999987
974,H_084,Emotional,unweighted,3.0,0.9500000000000001,0.9666666666666667,0.016666666666666607
975,G_109,Emotional,unweighted,3.0,0.3,0.43333333333333335,0.13333333333333336
976,G_438,Emotional,unweighted,3.0,0.0,0.03333333333333333,0.03333333333333333
977,G_401,Emotional,unweighted,3.0,0.75,0.8000000000000002,0.050000000000000155
978,G_482,Emotional,unweighted,3.0,0.2333333333333333,0.4666666666666666,0.2333333333333333
979,G_163,Emotional,unweighted,3.0,0.9500000000000001,0.9500000000000001,0.0
980,G_009,Emotional,unweighted,3.0,0.85,0.7833333333333333,-0.06666666666666665
981,G_312,Emotional,unweighted,3.0,0.9500000000000001,0.9,-0.050000000000000044
982,G_044,Emotional,unweighted,3.0,0.4000000000000001,0.4666666666666666,0.06666666666666654
983,H_027,Emotional,unweighted,3.0,0.65,0.75,0.09999999999999998
984,G_195,Emotional,unweighted,3.0,0.21666666666666665,0.3166666666666667,0.10000000000000006
985,G_347,Emotional,unweighted,3.0,0.6666666666666666,0.65,-0.016666666666666607
986,G_149,Emotional,unweighted,3.0,0.7333333333333334,0.7166666666666667,-0.01666666666666672
987,G_179,Emotional,unweighted,3.0,0.11666666666666665,0.06666666666666667,-0.04999999999999999
988,G_255,Emotional,unweighted,3.0,0.5499999999999999,0.5166666666666666,-0.033333333333333326
989,G_113,Emotional,unweighted,3.0,0.75,0.8166666666666668,0.06666666666666676
990,G_458,Emotional,unweighted,3.0,0.0,0.0,0.0
991,H_002,Emotional,unweighted,3.0,0.016666666666666666,0.017543859649122806,0.0008771929824561396
992,G_199,Emotional,unweighted,4.0,0.9333333333333332,0.9500000000000001,0.01666666666666683
993,G_269,Emotional,unweighted,4.0,0.20000000000000004,0.2333333333333333,0.03333333333333327
994,G_523,Emotional,unweighted,4.0,0.9,0.8833333333333333,-0.01666666666666672
995,G_123,Emotional,unweighted,4.0,0.30000000000000004,0.3833333333333333,0.08333333333333326
996,G_104,Emotional,unweighted,4.0,0.049999999999999996,0.03333333333333333,-0.016666666666666663
997,H_088,Emotional,unweighted,4.0,0.2333333333333333,0.15,-0.08333333333333331
998,G_592,Emotional,unweighted,4.0,0.8166666666666668,0.85,0.033333333333333215
999,H_087,Emotional,unweighted,4.0,0.65,0.7999999999999999,0.1499999999999999
1000,G_114,Emotional,unweighted,4.0,0.4833333333333334,0.7166666666666667,0.23333333333333328
1001,G_240,Emotional,unweighted,4.0,0.5254385964912281,0.5499999999999999,0.024561403508771784
1002,G_275,Emotional,unweighted,4.0,0.15000000000000002,0.10000000000000002,-0.05
1003,H_093,Emotional,unweighted,4.0,0.36666666666666664,0.3333333333333333,-0.033333333333333326
1004,H_023,Emotional,unweighted,4.0,0.03333333333333333,0.18333333333333335,0.15000000000000002
1005,G_227,Emotional,unweighted,4.0,0.8166666666666668,0.8833333333333333,0.06666666666666654
1006,H_084,Emotional,unweighted,4.0,0.9500000000000001,0.9166666666666666,-0.03333333333333344
1007,G_109,Emotional,unweighted,4.0,0.3,0.39999999999999997,0.09999999999999998
1008,G_438,Emotional,unweighted,4.0,0.0,0.0,0.0
1009,G_401,Emotional,unweighted,4.0,0.75,0.7166666666666668,-0.033333333333333215
1010,G_482,Emotional,unweighted,4.0,0.2333333333333333,0.43333333333333335,0.20000000000000004
1011,G_163,Emotional,unweighted,4.0,0.9500000000000001,0.8666666666666667,-0.08333333333333337
1012,G_009,Emotional,unweighted,4.0,0.85,0.7999999999999999,-0.050000000000000044
1013,G_312,Emotional,unweighted,4.0,0.9500000000000001,0.9333333333333332,-0.01666666666666683
1014,G_044,Emotional,unweighted,4.0,0.4000000000000001,0.3833333333333333,-0.016666666666666774
1015,H_027,Emotional,unweighted,4.0,0.65,0.7166666666666667,0.06666666666666665
1016,G_195,Emotional,unweighted,4.0,0.21666666666666665,0.39999999999999997,0.18333333333333332
1017,G_347,Emotional,unweighted,4.0,0.6666666666666666,0.7000000000000001,0.03333333333333344
1018,G_149,Emotional,unweighted,4.0,0.7333333333333334,0.75,0.016666666666666607
1019,G_179,Emotional,unweighted,4.0,0.11666666666666665,0.08333333333333333,-0.033333333333333326
1020,G_255,Emotional,unweighted,4.0,0.5499999999999999,0.5499999999999999,0.0
1021,G_113,Emotional,unweighted,4.0,0.75,0.7999999999999999,0.04999999999999993
1022,G_458,Emotional,unweighted,4.0,0.0,0.0,0.0
1023,H_002,Emotional,unweighted,4.0,0.016666666666666666,0.03333333333333333,0.016666666666666666
1024,G_199,Emotional,unweighted,5.0,0.9333333333333332,0.9166666666666666,-0.016666666666666607
1025,G_269,Emotional,unweighted,5.0,0.20000000000000004,0.3,0.09999999999999995
1026,G_523,Emotional,unweighted,5.0,0.9,0.8666666666666667,-0.033333333333333326
1027,G_123,Emotional,unweighted,5.0,0.30000000000000004,0.48333333333333334,0.1833333333333333
1028,G_104,Emotional,unweighted,5.0,0.049999999999999996,0.03333333333333333,-0.016666666666666663
1029,H_088,Emotional,unweighted,5.0,0.2333333333333333,0.2333333333333333,0.0
1030,G_592,Emotional,unweighted,5.0,0.8166666666666668,0.85,0.033333333333333215
1031,H_087,Emotional,unweighted,5.0,0.65,0.8333333333333334,0.18333333333333335
1032,G_114,Emotional,unweighted,5.0,0.4833333333333334,0.65,0.16666666666666663
1033,G_240,Emotional,unweighted,5.0,0.5254385964912281,0.5,-0.02543859649122815
1034,G_275,Emotional,unweighted,5.0,0.15000000000000002,0.18333333333333335,0.033333333333333326
1035,H_093,Emotional,unweighted,5.0,0.36666666666666664,0.3333333333333333,-0.033333333333333326
1036,H_023,Emotional,unweighted,5.0,0.03333333333333333,0.2333333333333333,0.19999999999999998
1037,G_227,Emotional,unweighted,5.0,0.8166666666666668,0.8666666666666667,0.04999999999999993
1038,H_084,Emotional,unweighted,5.0,0.9500000000000001,0.9833333333333334,0.033333333333333326
1039,G_109,Emotional,unweighted,5.0,0.3,0.45,0.15000000000000002
1040,G_438,Emotional,unweighted,5.0,0.0,0.03333333333333333,0.03333333333333333
1041,G_401,Emotional,unweighted,5.0,0.75,0.7666666666666666,0.016666666666666607
1042,G_482,Emotional,unweighted,5.0,0.2333333333333333,0.44999999999999996,0.21666666666666665
1043,G_163,Emotional,unweighted,5.0,0.9500000000000001,0.9333333333333332,-0.01666666666666683
1044,G_009,Emotional,unweighted,5.0,0.85,0.7833333333333333,-0.06666666666666665
1045,G_312,Emotional,unweighted,5.0,0.9500000000000001,0.9166666666666666,-0.03333333333333344
1046,G_044,Emotional,unweighted,5.0,0.4000000000000001,0.43333333333333335,0.03333333333333327
1047,H_027,Emotional,unweighted,5.0,0.65,0.8000000000000002,0.15000000000000013
1048,G_195,Emotional,unweighted,5.0,0.21666666666666665,0.2833333333333333,0.06666666666666668
1049,G_347,Emotional,unweighted,5.0,0.6666666666666666,0.6833333333333332,0.016666666666666607
1050,G_149,Emotional,unweighted,5.0,0.7333333333333334,0.7999999999999999,0.06666666666666654
1051,G_179,Emotional,unweighted,5.0,0.11666666666666665,0.09999999999999999,-0.016666666666666663
1052,G_255,Emotional,unweighted,5.0,0.5499999999999999,0.6,0.050000000000000044
1053,G_113,Emotional,unweighted,5.0,0.75,0.8833333333333333,0.1333333333333333
1054,G_458,Emotional,unweighted,5.0,0.0,0.0,0.0
1055,H_002,Emotional,unweighted,5.0,0.016666666666666666,0.03333333333333333,0.016666666666666666
1056,G_199,Emotional,weighted,-5.0,0.9333333333333332,0.4666666666666666,-0.4666666666666666
1057,G_269,Emotional,weighted,-5.0,0.20000000000000004,0.10000000000000002,-0.10000000000000002
1058,G_523,Emotional,weighted,-5.0,0.9,0.8333333333333334,-0.06666666666666665
1059,G_123,Emotional,weighted,-5.0,0.30000000000000004,0.18333333333333335,-0.1166666666666667
1060,G_104,Emotional,weighted,-5.0,0.049999999999999996,0.18333333333333335,0.13333333333333336
1061,H_088,Emotional,weighted,-5.0,0.2333333333333333,0.18333333333333335,-0.04999999999999996
1062,G_592,Emotional,weighted,-5.0,0.8166666666666668,0.43333333333333335,-0.3833333333333334
1063,H_087,Emotional,weighted,-5.0,0.65,0.16666666666666666,-0.4833333333333334
1064,G_114,Emotional,weighted,-5.0,0.4833333333333334,0.20000000000000004,-0.2833333333333333
1065,G_240,Emotional,weighted,-5.0,0.5254385964912281,0.2236842105263158,-0.30175438596491233
1066,G_275,Emotional,weighted,-5.0,0.15000000000000002,0.4280701754385965,0.27807017543859647
1067,H_093,Emotional,weighted,-5.0,0.36666666666666664,0.25087719298245614,-0.1157894736842105
1068,H_023,Emotional,weighted,-5.0,0.03333333333333333,0.16666666666666666,0.13333333333333333
1069,G_227,Emotional,weighted,-5.0,0.8166666666666668,0.4666666666666666,-0.35000000000000014
1070,H_084,Emotional,weighted,-5.0,0.9500000000000001,0.8333333333333334,-0.1166666666666667
1071,G_109,Emotional,weighted,-5.0,0.3,0.11666666666666665,-0.18333333333333335
1072,G_438,Emotional,weighted,-5.0,0.0,0.15,0.15
1073,G_401,Emotional,weighted,-5.0,0.75,0.5666666666666667,-0.18333333333333335
1074,G_482,Emotional,weighted,-5.0,0.2333333333333333,0.25,0.01666666666666669
1075,G_163,Emotional,weighted,-5.0,0.9500000000000001,0.6333333333333333,-0.31666666666666676
1076,G_009,Emotional,weighted,-5.0,0.85,0.5166666666666666,-0.33333333333333337
1077,G_312,Emotional,weighted,-5.0,0.9500000000000001,0.8833333333333333,-0.06666666666666676
1078,G_044,Emotional,weighted,-5.0,0.4000000000000001,0.19999999999999998,-0.2000000000000001
1079,H_027,Emotional,weighted,-5.0,0.65,0.18333333333333335,-0.4666666666666667
1080,G_195,Emotional,weighted,-5.0,0.21666666666666665,0.13333333333333333,-0.08333333333333331
1081,G_347,Emotional,weighted,-5.0,0.6666666666666666,0.3201754385964912,-0.3464912280701754
1082,G_149,Emotional,weighted,-5.0,0.7333333333333334,0.3833333333333333,-0.3500000000000001
1083,G_179,Emotional,weighted,-5.0,0.11666666666666665,0.16666666666666666,0.05
1084,G_255,Emotional,weighted,-5.0,0.5499999999999999,0.4526315789473685,-0.09736842105263144
1085,G_113,Emotional,weighted,-5.0,0.75,0.3333333333333333,-0.4166666666666667
1086,G_458,Emotional,weighted,-5.0,0.0,0.15,0.15
1087,H_002,Emotional,weighted,-5.0,0.016666666666666666,0.16666666666666666,0.15
1088,G_199,Emotional,weighted,-4.0,0.9333333333333332,0.6833333333333332,-0.25
1089,G_269,Emotional,weighted,-4.0,0.20000000000000004,0.20000000000000004,0.0
1090,G_523,Emotional,weighted,-4.0,0.9,0.9,0.0
1091,G_123,Emotional,weighted,-4.0,0.30000000000000004,0.16666666666666666,-0.1333333333333334
1092,G_104,Emotional,weighted,-4.0,0.049999999999999996,0.15,0.1
1093,H_088,Emotional,weighted,-4.0,0.2333333333333333,0.18333333333333335,-0.04999999999999996
1094,G_592,Emotional,weighted,-4.0,0.8166666666666668,0.5166666666666667,-0.30000000000000004
1095,H_087,Emotional,weighted,-4.0,0.65,0.21666666666666667,-0.43333333333333335
1096,G_114,Emotional,weighted,-4.0,0.4833333333333334,0.08333333333333333,-0.4000000000000001
1097,G_240,Emotional,weighted,-4.0,0.5254385964912281,0.2894736842105263,-0.23596491228070182
1098,G_275,Emotional,weighted,-4.0,0.15000000000000002,0.4666666666666666,0.3166666666666666
1099,H_093,Emotional,weighted,-4.0,0.36666666666666664,0.16666666666666666,-0.19999999999999998
1100,H_023,Emotional,weighted,-4.0,0.03333333333333333,0.13333333333333333,0.1
1101,G_227,Emotional,weighted,-4.0,0.8166666666666668,0.7166666666666667,-0.10000000000000009
1102,H_084,Emotional,weighted,-4.0,0.9500000000000001,0.8333333333333334,-0.1166666666666667
1103,G_109,Emotional,weighted,-4.0,0.3,0.15,-0.15
1104,G_438,Emotional,weighted,-4.0,0.0,0.11666666666666665,0.11666666666666665
1105,G_401,Emotional,weighted,-4.0,0.75,0.5833333333333334,-0.16666666666666663
1106,G_482,Emotional,weighted,-4.0,0.2333333333333333,0.2333333333333333,0.0
1107,G_163,Emotional,weighted,-4.0,0.9500000000000001,0.6956140350877194,-0.2543859649122807
1108,G_009,Emotional,weighted,-4.0,0.85,0.65,-0.19999999999999996
1109,G_312,Emotional,weighted,-4.0,0.9500000000000001,0.9500000000000001,0.0
1110,G_044,Emotional,weighted,-4.0,0.4000000000000001,0.21666666666666667,-0.1833333333333334
1111,H_027,Emotional,weighted,-4.0,0.65,0.26666666666666666,-0.38333333333333336
1112,G_195,Emotional,weighted,-4.0,0.21666666666666665,0.09999999999999999,-0.11666666666666665
1113,G_347,Emotional,weighted,-4.0,0.6666666666666666,0.30000000000000004,-0.3666666666666666
1114,G_149,Emotional,weighted,-4.0,0.7333333333333334,0.35000000000000003,-0.38333333333333336
1115,G_179,Emotional,weighted,-4.0,0.11666666666666665,0.16666666666666666,0.05
1116,G_255,Emotional,weighted,-4.0,0.5499999999999999,0.5333333333333333,-0.016666666666666607
1117,G_113,Emotional,weighted,-4.0,0.75,0.3833333333333333,-0.3666666666666667
1118,G_458,Emotional,weighted,-4.0,0.0,0.08333333333333333,0.08333333333333333
1119,H_002,Emotional,weighted,-4.0,0.016666666666666666,0.15,0.13333333333333333
1120,G_199,Emotional,weighted,-3.0,0.9333333333333332,0.7333333333333334,-0.19999999999999984
1121,G_269,Emotional,weighted,-3.0,0.20000000000000004,0.18333333333333335,-0.01666666666666669
1122,G_523,Emotional,weighted,-3.0,0.9,0.9,0.0
1123,G_123,Emotional,weighted,-3.0,0.30000000000000004,0.15,-0.15000000000000005
1124,G_104,Emotional,weighted,-3.0,0.049999999999999996,0.15,0.1
1125,H_088,Emotional,weighted,-3.0,0.2333333333333333,0.21666666666666667,-0.016666666666666635
1126,G_592,Emotional,weighted,-3.0,0.8166666666666668,0.6333333333333333,-0.18333333333333346
1127,H_087,Emotional,weighted,-3.0,0.65,0.26666666666666666,-0.38333333333333336
1128,G_114,Emotional,weighted,-3.0,0.4833333333333334,0.20000000000000004,-0.2833333333333333
1129,G_240,Emotional,weighted,-3.0,0.5254385964912281,0.26666666666666666,-0.2587719298245615
1130,G_275,Emotional,weighted,-3.0,0.15000000000000002,0.3333333333333333,0.1833333333333333
1131,H_093,Emotional,weighted,-3.0,0.36666666666666664,0.25,-0.11666666666666664
1132,H_023,Emotional,weighted,-3.0,0.03333333333333333,0.13333333333333333,0.1
1133,G_227,Emotional,weighted,-3.0,0.8166666666666668,0.7333333333333333,-0.08333333333333348
1134,H_084,Emotional,weighted,-3.0,0.9500000000000001,0.85,-0.10000000000000009
1135,G_109,Emotional,weighted,-3.0,0.3,0.13333333333333333,-0.16666666666666666
1136,G_438,Emotional,weighted,-3.0,0.0,0.049999999999999996,0.049999999999999996
1137,G_401,Emotional,weighted,-3.0,0.75,0.6666666666666666,-0.08333333333333337
1138,G_482,Emotional,weighted,-3.0,0.2333333333333333,0.25,0.01666666666666669
1139,G_163,Emotional,weighted,-3.0,0.9500000000000001,0.75,-0.20000000000000007
1140,G_009,Emotional,weighted,-3.0,0.85,0.65,-0.19999999999999996
1141,G_312,Emotional,weighted,-3.0,0.9500000000000001,0.9500000000000001,0.0
1142,G_044,Emotional,weighted,-3.0,0.4000000000000001,0.26666666666666666,-0.13333333333333341
1143,H_027,Emotional,weighted,-3.0,0.65,0.26666666666666666,-0.38333333333333336
1144,G_195,Emotional,weighted,-3.0,0.21666666666666665,0.08333333333333333,-0.1333333333333333
1145,G_347,Emotional,weighted,-3.0,0.6666666666666666,0.3666666666666667,-0.29999999999999993
1146,G_149,Emotional,weighted,-3.0,0.7333333333333334,0.45,-0.2833333333333334
1147,G_179,Emotional,weighted,-3.0,0.11666666666666665,0.16666666666666666,0.05
1148,G_255,Emotional,weighted,-3.0,0.5499999999999999,0.5166666666666666,-0.033333333333333326
1149,G_113,Emotional,weighted,-3.0,0.75,0.43333333333333335,-0.31666666666666665
1150,G_458,Emotional,weighted,-3.0,0.0,0.03333333333333333,0.03333333333333333
1151,H_002,Emotional,weighted,-3.0,0.016666666666666666,0.08333333333333333,0.06666666666666667
1152,G_199,Emotional,weighted,-2.0,0.9333333333333332,0.7833333333333333,-0.1499999999999999
1153,G_269,Emotional,weighted,-2.0,0.20000000000000004,0.18333333333333335,-0.01666666666666669
1154,G_523,Emotional,weighted,-2.0,0.9,0.9333333333333332,0.033333333333333215
1155,G_123,Emotional,weighted,-2.0,0.30000000000000004,0.11666666666666665,-0.1833333333333334
1156,G_104,Emotional,weighted,-2.0,0.049999999999999996,0.13333333333333333,0.08333333333333334
1157,H_088,Emotional,weighted,-2.0,0.2333333333333333,0.15,-0.08333333333333331
1158,G_592,Emotional,weighted,-2.0,0.8166666666666668,0.6,-0.21666666666666679
1159,H_087,Emotional,weighted,-2.0,0.65,0.3833333333333333,-0.2666666666666667
1160,G_114,Emotional,weighted,-2.0,0.4833333333333334,0.19999999999999998,-0.28333333333333344
1161,G_240,Emotional,weighted,-2.0,0.5254385964912281,0.31666666666666665,-0.2087719298245615
1162,G_275,Emotional,weighted,-2.0,0.15000000000000002,0.35000000000000003,0.2
1163,H_093,Emotional,weighted,-2.0,0.36666666666666664,0.3,-0.06666666666666665
1164,H_023,Emotional,weighted,-2.0,0.03333333333333333,0.15,0.11666666666666667
1165,G_227,Emotional,weighted,-2.0,0.8166666666666668,0.8666666666666667,0.04999999999999993
1166,H_084,Emotional,weighted,-2.0,0.9500000000000001,0.9666666666666667,0.016666666666666607
1167,G_109,Emotional,weighted,-2.0,0.3,0.25,-0.04999999999999999
1168,G_438,Emotional,weighted,-2.0,0.0,0.0,0.0
1169,G_401,Emotional,weighted,-2.0,0.75,0.7166666666666668,-0.033333333333333215
1170,G_482,Emotional,weighted,-2.0,0.2333333333333333,0.19999999999999998,-0.033333333333333326
1171,G_163,Emotional,weighted,-2.0,0.9500000000000001,0.7666666666666666,-0.18333333333333346
1172,G_009,Emotional,weighted,-2.0,0.85,0.6833333333333332,-0.16666666666666674
1173,G_312,Emotional,weighted,-2.0,0.9500000000000001,0.9500000000000001,0.0
1174,G_044,Emotional,weighted,-2.0,0.4000000000000001,0.3,-0.10000000000000009
1175,H_027,Emotional,weighted,-2.0,0.65,0.5,-0.15000000000000002
1176,G_195,Emotional,weighted,-2.0,0.21666666666666665,0.11666666666666665,-0.09999999999999999
1177,G_347,Emotional,weighted,-2.0,0.6666666666666666,0.42105263157894735,-0.24561403508771928
1178,G_149,Emotional,weighted,-2.0,0.7333333333333334,0.5,-0.2333333333333334
1179,G_179,Emotional,weighted,-2.0,0.11666666666666665,0.16666666666666666,0.05
1180,G_255,Emotional,weighted,-2.0,0.5499999999999999,0.5166666666666667,-0.033333333333333215
1181,G_113,Emotional,weighted,-2.0,0.75,0.6166666666666667,-0.1333333333333333
1182,G_458,Emotional,weighted,-2.0,0.0,0.016666666666666666,0.016666666666666666
1183,H_002,Emotional,weighted,-2.0,0.016666666666666666,0.11666666666666665,0.09999999999999999
1184,G_199,Emotional,weighted,-1.0,0.9333333333333332,0.9333333333333332,0.0
1185,G_269,Emotional,weighted,-1.0,0.20000000000000004,0.19999999999999998,-5.551115123125783e-17
1186,G_523,Emotional,weighted,-1.0,0.9,0.9666666666666667,0.06666666666666665
1187,G_123,Emotional,weighted,-1.0,0.30000000000000004,0.18333333333333335,-0.1166666666666667
1188,G_104,Emotional,weighted,-1.0,0.049999999999999996,0.06666666666666667,0.01666666666666667
1189,H_088,Emotional,weighted,-1.0,0.2333333333333333,0.15,-0.08333333333333331
1190,G_592,Emotional,weighted,-1.0,0.8166666666666668,0.6947368421052632,-0.12192982456140355
1191,H_087,Emotional,weighted,-1.0,0.65,0.4666666666666666,-0.1833333333333334
1192,G_114,Emotional,weighted,-1.0,0.4833333333333334,0.31666666666666665,-0.16666666666666674
1193,G_240,Emotional,weighted,-1.0,0.5254385964912281,0.39999999999999997,-0.12543859649122818
1194,G_275,Emotional,weighted,-1.0,0.15000000000000002,0.15000000000000002,0.0
1195,H_093,Emotional,weighted,-1.0,0.36666666666666664,0.3833333333333333,0.016666666666666663
1196,H_023,Emotional,weighted,-1.0,0.03333333333333333,0.05000000000000001,0.016666666666666677
1197,G_227,Emotional,weighted,-1.0,0.8166666666666668,0.8833333333333333,0.06666666666666654
1198,H_084,Emotional,weighted,-1.0,0.9500000000000001,0.9,-0.050000000000000044
1199,G_109,Emotional,weighted,-1.0,0.3,0.3,0.0
1200,G_438,Emotional,weighted,-1.0,0.0,0.0,0.0
1201,G_401,Emotional,weighted,-1.0,0.75,0.6166666666666667,-0.1333333333333333
1202,G_482,Emotional,weighted,-1.0,0.2333333333333333,0.3,0.06666666666666668
1203,G_163,Emotional,weighted,-1.0,0.9500000000000001,0.9499999999999998,-2.220446049250313e-16
1204,G_009,Emotional,weighted,-1.0,0.85,0.75,-0.09999999999999998
1205,G_312,Emotional,weighted,-1.0,0.9500000000000001,0.9,-0.050000000000000044
1206,G_044,Emotional,weighted,-1.0,0.4000000000000001,0.4166666666666667,0.016666666666666607
1207,H_027,Emotional,weighted,-1.0,0.65,0.5833333333333333,-0.06666666666666676
1208,G_195,Emotional,weighted,-1.0,0.21666666666666665,0.11929824561403508,-0.09736842105263156
1209,G_347,Emotional,weighted,-1.0,0.6666666666666666,0.5333333333333333,-0.1333333333333333
1210,G_149,Emotional,weighted,-1.0,0.7333333333333334,0.6,-0.13333333333333341
1211,G_179,Emotional,weighted,-1.0,0.11666666666666665,0.15,0.03333333333333334
1212,G_255,Emotional,weighted,-1.0,0.5499999999999999,0.6666666666666666,0.1166666666666667
1213,G_113,Emotional,weighted,-1.0,0.75,0.75,0.0
1214,G_458,Emotional,weighted,-1.0,0.0,0.0,0.0
1215,H_002,Emotional,weighted,-1.0,0.016666666666666666,0.11666666666666665,0.09999999999999999
1216,G_199,Emotional,weighted,0.0,0.9333333333333332,0.9333333333333332,0.0
1217,G_269,Emotional,weighted,0.0,0.20000000000000004,0.21666666666666667,0.016666666666666635
1218,G_523,Emotional,weighted,0.0,0.9,0.9500000000000001,0.050000000000000044
1219,G_123,Emotional,weighted,0.0,0.30000000000000004,0.3499999999999999,0.04999999999999988
1220,G_104,Emotional,weighted,0.0,0.049999999999999996,0.049999999999999996,0.0
1221,H_088,Emotional,weighted,0.0,0.2333333333333333,0.16666666666666666,-0.06666666666666665
1222,G_592,Emotional,weighted,0.0,0.8166666666666668,0.7666666666666666,-0.050000000000000155
1223,H_087,Emotional,weighted,0.0,0.65,0.65,0.0
1224,G_114,Emotional,weighted,0.0,0.4833333333333334,0.39999999999999997,-0.08333333333333343
1225,G_240,Emotional,weighted,0.0,0.5254385964912281,0.4166666666666667,-0.10877192982456146
1226,G_275,Emotional,weighted,0.0,0.15000000000000002,0.2333333333333333,0.08333333333333329
1227,H_093,Emotional,weighted,0.0,0.36666666666666664,0.35000000000000003,-0.016666666666666607
1228,H_023,Emotional,weighted,0.0,0.03333333333333333,0.13333333333333333,0.1
1229,G_227,Emotional,weighted,0.0,0.8166666666666668,0.8657894736842104,0.04912280701754368
1230,H_084,Emotional,weighted,0.0,0.9500000000000001,0.9666666666666667,0.016666666666666607
1231,G_109,Emotional,weighted,0.0,0.3,0.3833333333333333,0.08333333333333331
1232,G_438,Emotional,weighted,0.0,0.0,0.0,0.0
1233,G_401,Emotional,weighted,0.0,0.75,0.7315789473684212,-0.018421052631578783
1234,G_482,Emotional,weighted,0.0,0.2333333333333333,0.2833333333333333,0.05000000000000002
1235,G_163,Emotional,weighted,0.0,0.9500000000000001,0.8666666666666667,-0.08333333333333337
1236,G_009,Emotional,weighted,0.0,0.85,0.75,-0.09999999999999998
1237,G_312,Emotional,weighted,0.0,0.9500000000000001,0.9666666666666667,0.016666666666666607
1238,G_044,Emotional,weighted,0.0,0.4000000000000001,0.35000000000000003,-0.050000000000000044
1239,H_027,Emotional,weighted,0.0,0.65,0.7000000000000001,0.050000000000000044
1240,G_195,Emotional,weighted,0.0,0.21666666666666665,0.3,0.08333333333333334
1241,G_347,Emotional,weighted,0.0,0.6666666666666666,0.5333333333333333,-0.1333333333333333
1242,G_149,Emotional,weighted,0.0,0.7333333333333334,0.7333333333333334,0.0
1243,G_179,Emotional,weighted,0.0,0.11666666666666665,0.09999999999999999,-0.016666666666666663
1244,G_255,Emotional,weighted,0.0,0.5499999999999999,0.49385964912280694,-0.05614035087719299
1245,G_113,Emotional,weighted,0.0,0.75,0.7333333333333334,-0.016666666666666607
1246,G_458,Emotional,weighted,0.0,0.0,0.0,0.0
1247,H_002,Emotional,weighted,0.0,0.016666666666666666,0.049999999999999996,0.033333333333333326
1248,G_199,Emotional,weighted,1.0,0.9333333333333332,0.9333333333333332,0.0
1249,G_269,Emotional,weighted,1.0,0.20000000000000004,0.21666666666666665,0.016666666666666607
1250,G_523,Emotional,weighted,1.0,0.9,0.8666666666666667,-0.033333333333333326
1251,G_123,Emotional,weighted,1.0,0.30000000000000004,0.4166666666666667,0.11666666666666664
1252,G_104,Emotional,weighted,1.0,0.049999999999999996,0.03333333333333333,-0.016666666666666663
1253,H_088,Emotional,weighted,1.0,0.2333333333333333,0.18333333333333335,-0.04999999999999996
1254,G_592,Emotional,weighted,1.0,0.8166666666666668,0.7999999999999999,-0.01666666666666683
1255,H_087,Emotional,weighted,1.0,0.65,0.7166666666666667,0.06666666666666665
1256,G_114,Emotional,weighted,1.0,0.4833333333333334,0.6166666666666667,0.1333333333333333
1257,G_240,Emotional,weighted,1.0,0.5254385964912281,0.4745614035087719,-0.05087719298245624
1258,G_275,Emotional,weighted,1.0,0.15000000000000002,0.1543859649122807,0.004385964912280688
1259,H_093,Emotional,weighted,1.0,0.36666666666666664,0.3833333333333333,0.016666666666666663
1260,H_023,Emotional,weighted,1.0,0.03333333333333333,0.15,0.11666666666666667
1261,G_227,Emotional,weighted,1.0,0.8166666666666668,0.8666666666666667,0.04999999999999993
1262,H_084,Emotional,weighted,1.0,0.9500000000000001,0.9833333333333334,0.033333333333333326
1263,G_109,Emotional,weighted,1.0,0.3,0.4166666666666667,0.1166666666666667
1264,G_438,Emotional,weighted,1.0,0.0,0.016666666666666666,0.016666666666666666
1265,G_401,Emotional,weighted,1.0,0.75,0.6666666666666666,-0.08333333333333337
1266,G_482,Emotional,weighted,1.0,0.2333333333333333,0.3333333333333333,0.1
1267,G_163,Emotional,weighted,1.0,0.9500000000000001,0.9499999999999998,-2.220446049250313e-16
1268,G_009,Emotional,weighted,1.0,0.85,0.8333333333333334,-0.016666666666666607
1269,G_312,Emotional,weighted,1.0,0.9500000000000001,0.8666666666666667,-0.08333333333333337
1270,G_044,Emotional,weighted,1.0,0.4000000000000001,0.4885964912280702,0.08859649122807012
1271,H_027,Emotional,weighted,1.0,0.65,0.7000000000000001,0.050000000000000044
1272,G_195,Emotional,weighted,1.0,0.21666666666666665,0.3148148148148148,0.09814814814814818
1273,G_347,Emotional,weighted,1.0,0.6666666666666666,0.6166666666666667,-0.04999999999999993
1274,G_149,Emotional,weighted,1.0,0.7333333333333334,0.7000000000000001,-0.033333333333333326
1275,G_179,Emotional,weighted,1.0,0.11666666666666665,0.09999999999999999,-0.016666666666666663
1276,G_255,Emotional,weighted,1.0,0.5499999999999999,0.5499999999999999,0.0
1277,G_113,Emotional,weighted,1.0,0.75,0.8166666666666668,0.06666666666666676
1278,G_458,Emotional,weighted,1.0,0.0,0.0,0.0
1279,H_002,Emotional,weighted,1.0,0.016666666666666666,0.0,-0.016666666666666666
1280,G_199,Emotional,weighted,2.0,0.9333333333333332,0.9666666666666667,0.03333333333333344
1281,G_269,Emotional,weighted,2.0,0.20000000000000004,0.26666666666666666,0.06666666666666662
1282,G_523,Emotional,weighted,2.0,0.9,0.8666666666666667,-0.033333333333333326
1283,G_123,Emotional,weighted,2.0,0.30000000000000004,0.5166666666666667,0.21666666666666667
1284,G_104,Emotional,weighted,2.0,0.049999999999999996,0.03333333333333333,-0.016666666666666663
1285,H_088,Emotional,weighted,2.0,0.2333333333333333,0.19999999999999998,-0.033333333333333326
1286,G_592,Emotional,weighted,2.0,0.8166666666666668,0.8166666666666668,0.0
1287,H_087,Emotional,weighted,2.0,0.65,0.7166666666666667,0.06666666666666665
1288,G_114,Emotional,weighted,2.0,0.4833333333333334,0.6333333333333333,0.1499999999999999
1289,G_240,Emotional,weighted,2.0,0.5254385964912281,0.5,-0.02543859649122815
1290,G_275,Emotional,weighted,2.0,0.15000000000000002,0.11666666666666665,-0.03333333333333337
1291,H_093,Emotional,weighted,2.0,0.36666666666666664,0.31666666666666665,-0.04999999999999999
1292,H_023,Emotional,weighted,2.0,0.03333333333333333,0.21666666666666667,0.18333333333333335
1293,G_227,Emotional,weighted,2.0,0.8166666666666668,0.85,0.033333333333333215
1294,H_084,Emotional,weighted,2.0,0.9500000000000001,0.9166666666666666,-0.03333333333333344
1295,G_109,Emotional,weighted,2.0,0.3,0.5,0.2
1296,G_438,Emotional,weighted,2.0,0.0,0.03333333333333333,0.03333333333333333
1297,G_401,Emotional,weighted,2.0,0.75,0.7333333333333334,-0.016666666666666607
1298,G_482,Emotional,weighted,2.0,0.2333333333333333,0.47105263157894733,0.23771929824561402
1299,G_163,Emotional,weighted,2.0,0.9500000000000001,0.8833333333333334,-0.06666666666666665
1300,G_009,Emotional,weighted,2.0,0.85,0.8666666666666667,0.01666666666666672
1301,G_312,Emotional,weighted,2.0,0.9500000000000001,0.8666666666666667,-0.08333333333333337
1302,G_044,Emotional,weighted,2.0,0.4000000000000001,0.5,0.09999999999999992
1303,H_027,Emotional,weighted,2.0,0.65,0.85,0.19999999999999996
1304,G_195,Emotional,weighted,2.0,0.21666666666666665,0.4333333333333334,0.21666666666666676
1305,G_347,Emotional,weighted,2.0,0.6666666666666666,0.7333333333333334,0.06666666666666676
1306,G_149,Emotional,weighted,2.0,0.7333333333333334,0.8166666666666668,0.08333333333333337
1307,G_179,Emotional,weighted,2.0,0.11666666666666665,0.09999999999999999,-0.016666666666666663
1308,G_255,Emotional,weighted,2.0,0.5499999999999999,0.46666666666666673,-0.0833333333333332
1309,G_113,Emotional,weighted,2.0,0.75,0.7666666666666666,0.016666666666666607
1310,G_458,Emotional,weighted,2.0,0.0,0.0,0.0
1311,H_002,Emotional,weighted,2.0,0.016666666666666666,0.049999999999999996,0.033333333333333326
1312,G_199,Emotional,weighted,3.0,0.9333333333333332,0.9833333333333334,0.050000000000000155
1313,G_269,Emotional,weighted,3.0,0.20000000000000004,0.21666666666666667,0.016666666666666635
1314,G_523,Emotional,weighted,3.0,0.9,0.8333333333333334,-0.06666666666666665
1315,G_123,Emotional,weighted,3.0,0.30000000000000004,0.55,0.25
1316,G_104,Emotional,weighted,3.0,0.049999999999999996,0.06666666666666667,0.01666666666666667
1317,H_088,Emotional,weighted,3.0,0.2333333333333333,0.2333333333333333,0.0
1318,G_592,Emotional,weighted,3.0,0.8166666666666668,0.8666666666666667,0.04999999999999993
1319,H_087,Emotional,weighted,3.0,0.65,0.8666666666666667,0.21666666666666667
1320,G_114,Emotional,weighted,3.0,0.4833333333333334,0.7166666666666667,0.23333333333333328
1321,G_240,Emotional,weighted,3.0,0.5254385964912281,0.6833333333333335,0.1578947368421053
1322,G_275,Emotional,weighted,3.0,0.15000000000000002,0.13333333333333333,-0.01666666666666669
1323,H_093,Emotional,weighted,3.0,0.36666666666666664,0.3333333333333333,-0.033333333333333326
1324,H_023,Emotional,weighted,3.0,0.03333333333333333,0.43333333333333335,0.4
1325,G_227,Emotional,weighted,3.0,0.8166666666666668,0.8333333333333334,0.016666666666666607
1326,H_084,Emotional,weighted,3.0,0.9500000000000001,0.9,-0.050000000000000044
1327,G_109,Emotional,weighted,3.0,0.3,0.5666666666666667,0.26666666666666666
1328,G_438,Emotional,weighted,3.0,0.0,0.09999999999999999,0.09999999999999999
1329,G_401,Emotional,weighted,3.0,0.75,0.7666666666666666,0.016666666666666607
1330,G_482,Emotional,weighted,3.0,0.2333333333333333,0.6,0.3666666666666667
1331,G_163,Emotional,weighted,3.0,0.9500000000000001,0.9333333333333332,-0.01666666666666683
1332,G_009,Emotional,weighted,3.0,0.85,0.85,0.0
1333,G_312,Emotional,weighted,3.0,0.9500000000000001,0.8833333333333333,-0.06666666666666676
1334,G_044,Emotional,weighted,3.0,0.4000000000000001,0.5833333333333334,0.1833333333333333
1335,H_027,Emotional,weighted,3.0,0.65,0.8166666666666668,0.16666666666666674
1336,G_195,Emotional,weighted,3.0,0.21666666666666665,0.4666666666666666,0.24999999999999997
1337,G_347,Emotional,weighted,3.0,0.6666666666666666,0.6456140350877192,-0.021052631578947434
1338,G_149,Emotional,weighted,3.0,0.7333333333333334,0.8166666666666668,0.08333333333333337
1339,G_179,Emotional,weighted,3.0,0.11666666666666665,0.049999999999999996,-0.06666666666666665
1340,G_255,Emotional,weighted,3.0,0.5499999999999999,0.6,0.050000000000000044
1341,G_113,Emotional,weighted,3.0,0.75,0.8333333333333334,0.08333333333333337
1342,G_458,Emotional,weighted,3.0,0.0,0.016666666666666666,0.016666666666666666
1343,H_002,Emotional,weighted,3.0,0.016666666666666666,0.049999999999999996,0.033333333333333326
1344,G_199,Emotional,weighted,4.0,0.9333333333333332,0.9,-0.033333333333333215
1345,G_269,Emotional,weighted,4.0,0.20000000000000004,0.21666666666666667,0.016666666666666635
1346,G_523,Emotional,weighted,4.0,0.9,0.85,-0.050000000000000044
1347,G_123,Emotional,weighted,4.0,0.30000000000000004,0.75,0.44999999999999996
1348,G_104,Emotional,weighted,4.0,0.049999999999999996,0.049999999999999996,0.0
1349,H_088,Emotional,weighted,4.0,0.2333333333333333,0.26666666666666666,0.033333333333333354
1350,G_592,Emotional,weighted,4.0,0.8166666666666668,0.8333333333333334,0.016666666666666607
1351,H_087,Emotional,weighted,4.0,0.65,0.8333333333333334,0.18333333333333335
1352,G_114,Emotional,weighted,4.0,0.4833333333333334,0.8333333333333334,0.35
1353,G_240,Emotional,weighted,4.0,0.5254385964912281,0.7000000000000001,0.17456140350877192
1354,G_275,Emotional,weighted,4.0,0.15000000000000002,0.13333333333333333,-0.01666666666666669
1355,H_093,Emotional,weighted,4.0,0.36666666666666664,0.35000000000000003,-0.016666666666666607
1356,H_023,Emotional,weighted,4.0,0.03333333333333333,0.4666666666666666,0.4333333333333333
1357,G_227,Emotional,weighted,4.0,0.8166666666666668,0.85,0.033333333333333215
1358,H_084,Emotional,weighted,4.0,0.9500000000000001,0.8333333333333334,-0.1166666666666667
1359,G_109,Emotional,weighted,4.0,0.3,0.6,0.3
1360,G_438,Emotional,weighted,4.0,0.0,0.13333333333333333,0.13333333333333333
1361,G_401,Emotional,weighted,4.0,0.75,0.8333333333333334,0.08333333333333337
1362,G_482,Emotional,weighted,4.0,0.2333333333333333,0.5499999999999999,0.31666666666666665
1363,G_163,Emotional,weighted,4.0,0.9500000000000001,0.9499999999999998,-2.220446049250313e-16
1364,G_009,Emotional,weighted,4.0,0.85,0.8833333333333333,0.033333333333333326
1365,G_312,Emotional,weighted,4.0,0.9500000000000001,0.8333333333333334,-0.1166666666666667
1366,G_044,Emotional,weighted,4.0,0.4000000000000001,0.7140350877192981,0.31403508771929806
1367,H_027,Emotional,weighted,4.0,0.65,0.7999999999999999,0.1499999999999999
1368,G_195,Emotional,weighted,4.0,0.21666666666666665,0.5956140350877193,0.3789473684210526
1369,G_347,Emotional,weighted,4.0,0.6666666666666666,0.75,0.08333333333333337
1370,G_149,Emotional,weighted,4.0,0.7333333333333334,0.8166666666666668,0.08333333333333337
1371,G_179,Emotional,weighted,4.0,0.11666666666666665,0.08333333333333333,-0.033333333333333326
1372,G_255,Emotional,weighted,4.0,0.5499999999999999,0.4000000000000001,-0.14999999999999986
1373,G_113,Emotional,weighted,4.0,0.75,0.8333333333333334,0.08333333333333337
1374,G_458,Emotional,weighted,4.0,0.0,0.049999999999999996,0.049999999999999996
1375,H_002,Emotional,weighted,4.0,0.016666666666666666,0.08333333333333333,0.06666666666666667
1376,G_199,Emotional,weighted,5.0,0.9333333333333332,0.9333333333333332,0.0
1377,G_269,Emotional,weighted,5.0,0.20000000000000004,0.18333333333333335,-0.01666666666666669
1378,G_523,Emotional,weighted,5.0,0.9,0.8333333333333334,-0.06666666666666665
1379,G_123,Emotional,weighted,5.0,0.30000000000000004,0.7333333333333334,0.43333333333333335
1380,G_104,Emotional,weighted,5.0,0.049999999999999996,0.15,0.1
1381,H_088,Emotional,weighted,5.0,0.2333333333333333,0.35000000000000003,0.11666666666666672
1382,G_592,Emotional,weighted,5.0,0.8166666666666668,0.8333333333333334,0.016666666666666607
1383,H_087,Emotional,weighted,5.0,0.65,0.8333333333333334,0.18333333333333335
1384,G_114,Emotional,weighted,5.0,0.4833333333333334,0.8333333333333334,0.35
1385,G_240,Emotional,weighted,5.0,0.5254385964912281,0.7166666666666667,0.19122807017543852
1386,G_275,Emotional,weighted,5.0,0.15000000000000002,0.13333333333333333,-0.01666666666666669
1387,H_093,Emotional,weighted,5.0,0.36666666666666664,0.4666666666666666,0.09999999999999998
1388,H_023,Emotional,weighted,5.0,0.03333333333333333,0.5956140350877193,0.5622807017543859
1389,G_227,Emotional,weighted,5.0,0.8166666666666668,0.8666666666666667,0.04999999999999993
1390,H_084,Emotional,weighted,5.0,0.9500000000000001,0.85,-0.10000000000000009
1391,G_109,Emotional,weighted,5.0,0.3,0.6166666666666667,0.3166666666666667
1392,G_438,Emotional,weighted,5.0,0.0,0.18333333333333332,0.18333333333333332
1393,G_401,Emotional,weighted,5.0,0.75,0.7999999999999999,0.04999999999999993
1394,G_482,Emotional,weighted,5.0,0.2333333333333333,0.5833333333333334,0.3500000000000001
1395,G_163,Emotional,weighted,5.0,0.9500000000000001,0.9500000000000001,0.0
1396,G_009,Emotional,weighted,5.0,0.85,0.8333333333333334,-0.016666666666666607
1397,G_312,Emotional,weighted,5.0,0.9500000000000001,0.8333333333333334,-0.1166666666666667
1398,G_044,Emotional,weighted,5.0,0.4000000000000001,0.6956140350877192,0.29561403508771916
1399,H_027,Emotional,weighted,5.0,0.65,0.8333333333333334,0.18333333333333335
1400,G_195,Emotional,weighted,5.0,0.21666666666666665,0.6464912280701754,0.4298245614035088
1401,G_347,Emotional,weighted,5.0,0.6666666666666666,0.7666666666666666,0.09999999999999998
1402,G_149,Emotional,weighted,5.0,0.7333333333333334,0.7833333333333333,0.04999999999999993
1403,G_179,Emotional,weighted,5.0,0.11666666666666665,0.15,0.03333333333333334
1404,G_255,Emotional,weighted,5.0,0.5499999999999999,0.35000000000000003,-0.1999999999999999
1405,G_113,Emotional,weighted,5.0,0.75,0.7833333333333333,0.033333333333333326
1406,G_458,Emotional,weighted,5.0,0.0,0.049999999999999996,0.049999999999999996
1407,H_002,Emotional,weighted,5.0,0.016666666666666666,0.13333333333333333,0.11666666666666667
1408,G_199,Relational,unweighted,-5.0,0.9333333333333332,0.9166666666666666,-0.016666666666666607
1409,G_269,Relational,unweighted,-5.0,0.20000000000000004,0.15263157894736842,-0.047368421052631615
1410,G_523,Relational,unweighted,-5.0,0.9,0.9,0.0
1411,G_123,Relational,unweighted,-5.0,0.30000000000000004,0.18333333333333335,-0.1166666666666667
1412,G_104,Relational,unweighted,-5.0,0.049999999999999996,0.08333333333333333,0.03333333333333333
1413,H_088,Relational,unweighted,-5.0,0.2333333333333333,0.16666666666666666,-0.06666666666666665
1414,G_592,Relational,unweighted,-5.0,0.8166666666666668,0.85,0.033333333333333215
1415,H_087,Relational,unweighted,-5.0,0.65,0.5666666666666668,-0.08333333333333326
1416,G_114,Relational,unweighted,-5.0,0.4833333333333334,0.3166666666666667,-0.16666666666666669
1417,G_240,Relational,unweighted,-5.0,0.5254385964912281,0.35000000000000003,-0.17543859649122812
1418,G_275,Relational,unweighted,-5.0,0.15000000000000002,0.16666666666666666,0.016666666666666635
1419,H_093,Relational,unweighted,-5.0,0.36666666666666664,0.45,0.08333333333333337
1420,H_023,Relational,unweighted,-5.0,0.03333333333333333,0.16666666666666666,0.13333333333333333
1421,G_227,Relational,unweighted,-5.0,0.8166666666666668,0.8166666666666668,0.0
1422,H_084,Relational,unweighted,-5.0,0.9500000000000001,0.9500000000000001,0.0
1423,G_109,Relational,unweighted,-5.0,0.3,0.31666666666666665,0.016666666666666663
1424,G_438,Relational,unweighted,-5.0,0.0,0.0,0.0
1425,G_401,Relational,unweighted,-5.0,0.75,0.5666666666666667,-0.18333333333333335
1426,G_482,Relational,unweighted,-5.0,0.2333333333333333,0.31666666666666665,0.08333333333333334
1427,G_163,Relational,unweighted,-5.0,0.9500000000000001,0.85,-0.10000000000000009
1428,G_009,Relational,unweighted,-5.0,0.85,0.8166666666666668,-0.033333333333333215
1429,G_312,Relational,unweighted,-5.0,0.9500000000000001,0.9500000000000001,0.0
1430,G_044,Relational,unweighted,-5.0,0.4000000000000001,0.3833333333333333,-0.016666666666666774
1431,H_027,Relational,unweighted,-5.0,0.65,0.4666666666666666,-0.1833333333333334
1432,G_195,Relational,unweighted,-5.0,0.21666666666666665,0.03333333333333333,-0.18333333333333332
1433,G_347,Relational,unweighted,-5.0,0.6666666666666666,0.4666666666666666,-0.2
1434,G_149,Relational,unweighted,-5.0,0.7333333333333334,0.5833333333333334,-0.15000000000000002
1435,G_179,Relational,unweighted,-5.0,0.11666666666666665,0.13333333333333333,0.016666666666666677
1436,G_255,Relational,unweighted,-5.0,0.5499999999999999,0.537719298245614,-0.012280701754385892
1437,G_113,Relational,unweighted,-5.0,0.75,0.7000000000000001,-0.04999999999999993
1438,G_458,Relational,unweighted,-5.0,0.0,0.0,0.0
1439,H_002,Relational,unweighted,-5.0,0.016666666666666666,0.016666666666666666,0.0
1440,G_199,Relational,unweighted,-4.0,0.9333333333333332,0.9,-0.033333333333333215
1441,G_269,Relational,unweighted,-4.0,0.20000000000000004,0.11666666666666665,-0.08333333333333338
1442,G_523,Relational,unweighted,-4.0,0.9,0.9,0.0
1443,G_123,Relational,unweighted,-4.0,0.30000000000000004,0.06666666666666667,-0.2333333333333334
1444,G_104,Relational,unweighted,-4.0,0.049999999999999996,0.11666666666666665,0.06666666666666665
1445,H_088,Relational,unweighted,-4.0,0.2333333333333333,0.20000000000000004,-0.03333333333333327
1446,G_592,Relational,unweighted,-4.0,0.8166666666666668,0.85,0.033333333333333215
1447,H_087,Relational,unweighted,-4.0,0.65,0.5333333333333333,-0.1166666666666667
1448,G_114,Relational,unweighted,-4.0,0.4833333333333334,0.35000000000000003,-0.13333333333333336
1449,G_240,Relational,unweighted,-4.0,0.5254385964912281,0.37543859649122807,-0.15000000000000008
1450,G_275,Relational,unweighted,-4.0,0.15000000000000002,0.15,-2.7755575615628914e-17
1451,H_093,Relational,unweighted,-4.0,0.36666666666666664,0.39999999999999997,0.033333333333333326
1452,H_023,Relational,unweighted,-4.0,0.03333333333333333,0.18333333333333335,0.15000000000000002
1453,G_227,Relational,unweighted,-4.0,0.8166666666666668,0.85,0.033333333333333215
1454,H_084,Relational,unweighted,-4.0,0.9500000000000001,0.9833333333333334,0.033333333333333326
1455,G_109,Relational,unweighted,-4.0,0.3,0.26666666666666666,-0.033333333333333326
1456,G_438,Relational,unweighted,-4.0,0.0,0.0,0.0
1457,G_401,Relational,unweighted,-4.0,0.75,0.6640350877192982,-0.0859649122807018
1458,G_482,Relational,unweighted,-4.0,0.2333333333333333,0.3,0.06666666666666668
1459,G_163,Relational,unweighted,-4.0,0.9500000000000001,0.8833333333333334,-0.06666666666666665
1460,G_009,Relational,unweighted,-4.0,0.85,0.7999999999999999,-0.050000000000000044
1461,G_312,Relational,unweighted,-4.0,0.9500000000000001,0.9500000000000001,0.0
1462,G_044,Relational,unweighted,-4.0,0.4000000000000001,0.2833333333333334,-0.1166666666666667
1463,H_027,Relational,unweighted,-4.0,0.65,0.5333333333333333,-0.1166666666666667
1464,G_195,Relational,unweighted,-4.0,0.21666666666666665,0.21666666666666667,2.7755575615628914e-17
1465,G_347,Relational,unweighted,-4.0,0.6666666666666666,0.5333333333333333,-0.1333333333333333
1466,G_149,Relational,unweighted,-4.0,0.7333333333333334,0.75,0.016666666666666607
1467,G_179,Relational,unweighted,-4.0,0.11666666666666665,0.13333333333333333,0.016666666666666677
1468,G_255,Relational,unweighted,-4.0,0.5499999999999999,0.3666666666666667,-0.18333333333333324
1469,G_113,Relational,unweighted,-4.0,0.75,0.7333333333333334,-0.016666666666666607
1470,G_458,Relational,unweighted,-4.0,0.0,0.0,0.0
1471,H_002,Relational,unweighted,-4.0,0.016666666666666666,0.06666666666666667,0.05
1472,G_199,Relational,unweighted,-3.0,0.9333333333333332,0.9499999999999998,0.016666666666666607
1473,G_269,Relational,unweighted,-3.0,0.20000000000000004,0.19999999999999998,-5.551115123125783e-17
1474,G_523,Relational,unweighted,-3.0,0.9,0.8666666666666667,-0.033333333333333326
1475,G_123,Relational,unweighted,-3.0,0.30000000000000004,0.15,-0.15000000000000005
1476,G_104,Relational,unweighted,-3.0,0.049999999999999996,0.049999999999999996,0.0
1477,H_088,Relational,unweighted,-3.0,0.2333333333333333,0.16666666666666666,-0.06666666666666665
1478,G_592,Relational,unweighted,-3.0,0.8166666666666668,0.7333333333333334,-0.08333333333333337
1479,H_087,Relational,unweighted,-3.0,0.65,0.5,-0.15000000000000002
1480,G_114,Relational,unweighted,-3.0,0.4833333333333334,0.3833333333333333,-0.10000000000000009
1481,G_240,Relational,unweighted,-3.0,0.5254385964912281,0.3333333333333333,-0.19210526315789483
1482,G_275,Relational,unweighted,-3.0,0.15000000000000002,0.05000000000000001,-0.1
1483,H_093,Relational,unweighted,-3.0,0.36666666666666664,0.3666666666666667,5.551115123125783e-17
1484,H_023,Relational,unweighted,-3.0,0.03333333333333333,0.049999999999999996,0.016666666666666663
1485,G_227,Relational,unweighted,-3.0,0.8166666666666668,0.9,0.08333333333333326
1486,H_084,Relational,unweighted,-3.0,0.9500000000000001,0.9,-0.050000000000000044
1487,G_109,Relational,unweighted,-3.0,0.3,0.2833333333333334,-0.016666666666666607
1488,G_438,Relational,unweighted,-3.0,0.0,0.0,0.0
1489,G_401,Relational,unweighted,-3.0,0.75,0.7166666666666667,-0.033333333333333326
1490,G_482,Relational,unweighted,-3.0,0.2333333333333333,0.18333333333333335,-0.04999999999999996
1491,G_163,Relational,unweighted,-3.0,0.9500000000000001,0.9,-0.050000000000000044
1492,G_009,Relational,unweighted,-3.0,0.85,0.7666666666666666,-0.08333333333333337
1493,G_312,Relational,unweighted,-3.0,0.9500000000000001,0.9,-0.050000000000000044
1494,G_044,Relational,unweighted,-3.0,0.4000000000000001,0.3333333333333333,-0.06666666666666676
1495,H_027,Relational,unweighted,-3.0,0.65,0.5833333333333334,-0.06666666666666665
1496,G_195,Relational,unweighted,-3.0,0.21666666666666665,0.15,-0.06666666666666665
1497,G_347,Relational,unweighted,-3.0,0.6666666666666666,0.44999999999999996,-0.21666666666666667
1498,G_149,Relational,unweighted,-3.0,0.7333333333333334,0.6666666666666666,-0.06666666666666676
1499,G_179,Relational,unweighted,-3.0,0.11666666666666665,0.11666666666666665,0.0
1500,G_255,Relational,unweighted,-3.0,0.5499999999999999,0.5166666666666666,-0.033333333333333326
1501,G_113,Relational,unweighted,-3.0,0.75,0.6833333333333332,-0.06666666666666676
1502,G_458,Relational,unweighted,-3.0,0.0,0.0,0.0
1503,H_002,Relational,unweighted,-3.0,0.016666666666666666,0.03333333333333333,0.016666666666666666
1504,G_199,Relational,unweighted,-2.0,0.9333333333333332,0.8666666666666667,-0.06666666666666654
1505,G_269,Relational,unweighted,-2.0,0.20000000000000004,0.19999999999999998,-5.551115123125783e-17
1506,G_523,Relational,unweighted,-2.0,0.9,0.9,0.0
1507,G_123,Relational,unweighted,-2.0,0.30000000000000004,0.3,-5.551115123125783e-17
1508,G_104,Relational,unweighted,-2.0,0.049999999999999996,0.06666666666666667,0.01666666666666667
1509,H_088,Relational,unweighted,-2.0,0.2333333333333333,0.15,-0.08333333333333331
1510,G_592,Relational,unweighted,-2.0,0.8166666666666668,0.85,0.033333333333333215
1511,H_087,Relational,unweighted,-2.0,0.65,0.5666666666666668,-0.08333333333333326
1512,G_114,Relational,unweighted,-2.0,0.4833333333333334,0.35000000000000003,-0.13333333333333336
1513,G_240,Relational,unweighted,-2.0,0.5254385964912281,0.43333333333333335,-0.0921052631578948
1514,G_275,Relational,unweighted,-2.0,0.15000000000000002,0.21666666666666667,0.06666666666666665
1515,H_093,Relational,unweighted,-2.0,0.36666666666666664,0.45,0.08333333333333337
1516,H_023,Relational,unweighted,-2.0,0.03333333333333333,0.11666666666666665,0.08333333333333331
1517,G_227,Relational,unweighted,-2.0,0.8166666666666668,0.7999999999999999,-0.01666666666666683
1518,H_084,Relational,unweighted,-2.0,0.9500000000000001,0.9500000000000001,0.0
1519,G_109,Relational,unweighted,-2.0,0.3,0.3666666666666667,0.06666666666666671
1520,G_438,Relational,unweighted,-2.0,0.0,0.016666666666666666,0.016666666666666666
1521,G_401,Relational,unweighted,-2.0,0.75,0.6666666666666666,-0.08333333333333337
1522,G_482,Relational,unweighted,-2.0,0.2333333333333333,0.35000000000000003,0.11666666666666672
1523,G_163,Relational,unweighted,-2.0,0.9500000000000001,0.9166666666666666,-0.03333333333333344
1524,G_009,Relational,unweighted,-2.0,0.85,0.8166666666666668,-0.033333333333333215
1525,G_312,Relational,unweighted,-2.0,0.9500000000000001,0.9333333333333332,-0.01666666666666683
1526,G_044,Relational,unweighted,-2.0,0.4000000000000001,0.45,0.04999999999999993
1527,H_027,Relational,unweighted,-2.0,0.65,0.7666666666666666,0.11666666666666659
1528,G_195,Relational,unweighted,-2.0,0.21666666666666665,0.08333333333333333,-0.1333333333333333
1529,G_347,Relational,unweighted,-2.0,0.6666666666666666,0.5166666666666667,-0.1499999999999999
1530,G_149,Relational,unweighted,-2.0,0.7333333333333334,0.6666666666666666,-0.06666666666666676
1531,G_179,Relational,unweighted,-2.0,0.11666666666666665,0.13333333333333333,0.016666666666666677
1532,G_255,Relational,unweighted,-2.0,0.5499999999999999,0.4333333333333333,-0.11666666666666664
1533,G_113,Relational,unweighted,-2.0,0.75,0.65,-0.09999999999999998
1534,G_458,Relational,unweighted,-2.0,0.0,0.0,0.0
1535,H_002,Relational,unweighted,-2.0,0.016666666666666666,0.03333333333333333,0.016666666666666666
1536,G_199,Relational,unweighted,-1.0,0.9333333333333332,0.9166666666666666,-0.016666666666666607
1537,G_269,Relational,unweighted,-1.0,0.20000000000000004,0.16666666666666666,-0.03333333333333338
1538,G_523,Relational,unweighted,-1.0,0.9,0.9166666666666666,0.016666666666666607
1539,G_123,Relational,unweighted,-1.0,0.30000000000000004,0.21666666666666667,-0.08333333333333337
1540,G_104,Relational,unweighted,-1.0,0.049999999999999996,0.049999999999999996,0.0
1541,H_088,Relational,unweighted,-1.0,0.2333333333333333,0.21666666666666667,-0.016666666666666635
1542,G_592,Relational,unweighted,-1.0,0.8166666666666668,0.8666666666666667,0.04999999999999993
1543,H_087,Relational,unweighted,-1.0,0.65,0.6333333333333333,-0.01666666666666672
1544,G_114,Relational,unweighted,-1.0,0.4833333333333334,0.4333333333333334,-0.04999999999999999
1545,G_240,Relational,unweighted,-1.0,0.5254385964912281,0.45,-0.07543859649122814
1546,G_275,Relational,unweighted,-1.0,0.15000000000000002,0.18333333333333335,0.033333333333333326
1547,H_093,Relational,unweighted,-1.0,0.36666666666666664,0.3666666666666667,5.551115123125783e-17
1548,H_023,Relational,unweighted,-1.0,0.03333333333333333,0.13333333333333333,0.1
1549,G_227,Relational,unweighted,-1.0,0.8166666666666668,0.8833333333333333,0.06666666666666654
1550,H_084,Relational,unweighted,-1.0,0.9500000000000001,0.9833333333333334,0.033333333333333326
1551,G_109,Relational,unweighted,-1.0,0.3,0.3,0.0
1552,G_438,Relational,unweighted,-1.0,0.0,0.016666666666666666,0.016666666666666666
1553,G_401,Relational,unweighted,-1.0,0.75,0.6833333333333332,-0.06666666666666676
1554,G_482,Relational,unweighted,-1.0,0.2333333333333333,0.3666666666666667,0.1333333333333334
1555,G_163,Relational,unweighted,-1.0,0.9500000000000001,0.8166666666666668,-0.1333333333333333
1556,G_009,Relational,unweighted,-1.0,0.85,0.8491228070175438,-0.0008771929824561431
1557,G_312,Relational,unweighted,-1.0,0.9500000000000001,0.9500000000000001,0.0
1558,G_044,Relational,unweighted,-1.0,0.4000000000000001,0.3833333333333333,-0.016666666666666774
1559,H_027,Relational,unweighted,-1.0,0.65,0.7833333333333333,0.1333333333333333
1560,G_195,Relational,unweighted,-1.0,0.21666666666666665,0.09999999999999999,-0.11666666666666665
1561,G_347,Relational,unweighted,-1.0,0.6666666666666666,0.5333333333333333,-0.1333333333333333
1562,G_149,Relational,unweighted,-1.0,0.7333333333333334,0.7000000000000001,-0.033333333333333326
1563,G_179,Relational,unweighted,-1.0,0.11666666666666665,0.09999999999999999,-0.016666666666666663
1564,G_255,Relational,unweighted,-1.0,0.5499999999999999,0.44999999999999996,-0.09999999999999998
1565,G_113,Relational,unweighted,-1.0,0.75,0.7999999999999999,0.04999999999999993
1566,G_458,Relational,unweighted,-1.0,0.0,0.0,0.0
1567,H_002,Relational,unweighted,-1.0,0.016666666666666666,0.016666666666666666,0.0
1568,G_199,Relational,unweighted,0.0,0.9333333333333332,0.9833333333333334,0.050000000000000155
1569,G_269,Relational,unweighted,0.0,0.20000000000000004,0.21666666666666667,0.016666666666666635
1570,G_523,Relational,unweighted,0.0,0.9,0.8833333333333333,-0.01666666666666672
1571,G_123,Relational,unweighted,0.0,0.30000000000000004,0.31666666666666665,0.016666666666666607
1572,G_104,Relational,unweighted,0.0,0.049999999999999996,0.016666666666666666,-0.033333333333333326
1573,H_088,Relational,unweighted,0.0,0.2333333333333333,0.18333333333333335,-0.04999999999999996
1574,G_592,Relational,unweighted,0.0,0.8166666666666668,0.7333333333333334,-0.08333333333333337
1575,H_087,Relational,unweighted,0.0,0.65,0.6666666666666666,0.016666666666666607
1576,G_114,Relational,unweighted,0.0,0.4833333333333334,0.4666666666666666,-0.016666666666666774
1577,G_240,Relational,unweighted,0.0,0.5254385964912281,0.44298245614035087,-0.08245614035087728
1578,G_275,Relational,unweighted,0.0,0.15000000000000002,0.21666666666666665,0.06666666666666662
1579,H_093,Relational,unweighted,0.0,0.36666666666666664,0.31666666666666665,-0.04999999999999999
1580,H_023,Relational,unweighted,0.0,0.03333333333333333,0.10000000000000002,0.06666666666666668
1581,G_227,Relational,unweighted,0.0,0.8166666666666668,0.7999999999999999,-0.01666666666666683
1582,H_084,Relational,unweighted,0.0,0.9500000000000001,0.9500000000000001,0.0
1583,G_109,Relational,unweighted,0.0,0.3,0.35000000000000003,0.050000000000000044
1584,G_438,Relational,unweighted,0.0,0.0,0.0,0.0
1585,G_401,Relational,unweighted,0.0,0.75,0.7666666666666666,0.016666666666666607
1586,G_482,Relational,unweighted,0.0,0.2333333333333333,0.31666666666666665,0.08333333333333334
1587,G_163,Relational,unweighted,0.0,0.9500000000000001,0.8833333333333333,-0.06666666666666676
1588,G_009,Relational,unweighted,0.0,0.85,0.7999999999999999,-0.050000000000000044
1589,G_312,Relational,unweighted,0.0,0.9500000000000001,0.9666666666666667,0.016666666666666607
1590,G_044,Relational,unweighted,0.0,0.4000000000000001,0.45,0.04999999999999993
1591,H_027,Relational,unweighted,0.0,0.65,0.7999999999999999,0.1499999999999999
1592,G_195,Relational,unweighted,0.0,0.21666666666666665,0.2333333333333333,0.016666666666666663
1593,G_347,Relational,unweighted,0.0,0.6666666666666666,0.65,-0.016666666666666607
1594,G_149,Relational,unweighted,0.0,0.7333333333333334,0.6833333333333335,-0.04999999999999993
1595,G_179,Relational,unweighted,0.0,0.11666666666666665,0.08333333333333333,-0.033333333333333326
1596,G_255,Relational,unweighted,0.0,0.5499999999999999,0.4666666666666666,-0.08333333333333331
1597,G_113,Relational,unweighted,0.0,0.75,0.7000000000000001,-0.04999999999999993
1598,G_458,Relational,unweighted,0.0,0.0,0.0,0.0
1599,H_002,Relational,unweighted,0.0,0.016666666666666666,0.06666666666666667,0.05
1600,G_199,Relational,unweighted,1.0,0.9333333333333332,0.9,-0.033333333333333215
1601,G_269,Relational,unweighted,1.0,0.20000000000000004,0.2333333333333333,0.03333333333333327
1602,G_523,Relational,unweighted,1.0,0.9,0.9500000000000001,0.050000000000000044
1603,G_123,Relational,unweighted,1.0,0.30000000000000004,0.3,-5.551115123125783e-17
1604,G_104,Relational,unweighted,1.0,0.049999999999999996,0.06666666666666667,0.01666666666666667
1605,H_088,Relational,unweighted,1.0,0.2333333333333333,0.19999999999999998,-0.033333333333333326
1606,G_592,Relational,unweighted,1.0,0.8166666666666668,0.7166666666666667,-0.10000000000000009
1607,H_087,Relational,unweighted,1.0,0.65,0.6666666666666666,0.016666666666666607
1608,G_114,Relational,unweighted,1.0,0.4833333333333334,0.4166666666666667,-0.06666666666666671
1609,G_240,Relational,unweighted,1.0,0.5254385964912281,0.5245614035087719,-0.0008771929824562541
1610,G_275,Relational,unweighted,1.0,0.15000000000000002,0.16666666666666666,0.016666666666666635
1611,H_093,Relational,unweighted,1.0,0.36666666666666664,0.3666666666666667,5.551115123125783e-17
1612,H_023,Relational,unweighted,1.0,0.03333333333333333,0.15,0.11666666666666667
1613,G_227,Relational,unweighted,1.0,0.8166666666666668,0.7999999999999999,-0.01666666666666683
1614,H_084,Relational,unweighted,1.0,0.9500000000000001,0.9500000000000001,0.0
1615,G_109,Relational,unweighted,1.0,0.3,0.3833333333333333,0.08333333333333331
1616,G_438,Relational,unweighted,1.0,0.0,0.0,0.0
1617,G_401,Relational,unweighted,1.0,0.75,0.7333333333333334,-0.016666666666666607
1618,G_482,Relational,unweighted,1.0,0.2333333333333333,0.26666666666666666,0.033333333333333354
1619,G_163,Relational,unweighted,1.0,0.9500000000000001,0.8666666666666666,-0.08333333333333348
1620,G_009,Relational,unweighted,1.0,0.85,0.7666666666666666,-0.08333333333333337
1621,G_312,Relational,unweighted,1.0,0.9500000000000001,0.9,-0.050000000000000044
1622,G_044,Relational,unweighted,1.0,0.4000000000000001,0.4000000000000001,0.0
1623,H_027,Relational,unweighted,1.0,0.65,0.7000000000000001,0.050000000000000044
1624,G_195,Relational,unweighted,1.0,0.21666666666666665,0.20000000000000004,-0.016666666666666607
1625,G_347,Relational,unweighted,1.0,0.6666666666666666,0.5833333333333334,-0.08333333333333326
1626,G_149,Relational,unweighted,1.0,0.7333333333333334,0.6333333333333333,-0.10000000000000009
1627,G_179,Relational,unweighted,1.0,0.11666666666666665,0.06666666666666667,-0.04999999999999999
1628,G_255,Relational,unweighted,1.0,0.5499999999999999,0.5833333333333334,0.03333333333333344
1629,G_113,Relational,unweighted,1.0,0.75,0.7833333333333333,0.033333333333333326
1630,G_458,Relational,unweighted,1.0,0.0,0.016666666666666666,0.016666666666666666
1631,H_002,Relational,unweighted,1.0,0.016666666666666666,0.03333333333333333,0.016666666666666666
1632,G_199,Relational,unweighted,2.0,0.9333333333333332,0.9499999999999998,0.016666666666666607
1633,G_269,Relational,unweighted,2.0,0.20000000000000004,0.26666666666666666,0.06666666666666662
1634,G_523,Relational,unweighted,2.0,0.9,0.9833333333333334,0.08333333333333337
1635,G_123,Relational,unweighted,2.0,0.30000000000000004,0.3333333333333333,0.03333333333333327
1636,G_104,Relational,unweighted,2.0,0.049999999999999996,0.016666666666666666,-0.033333333333333326
1637,H_088,Relational,unweighted,2.0,0.2333333333333333,0.21666666666666667,-0.016666666666666635
1638,G_592,Relational,unweighted,2.0,0.8166666666666668,0.75,-0.06666666666666676
1639,H_087,Relational,unweighted,2.0,0.65,0.7166666666666667,0.06666666666666665
1640,G_114,Relational,unweighted,2.0,0.4833333333333334,0.5333333333333333,0.04999999999999993
1641,G_240,Relational,unweighted,2.0,0.5254385964912281,0.5185185185185185,-0.0069200779727096595
1642,G_275,Relational,unweighted,2.0,0.15000000000000002,0.19999999999999998,0.04999999999999996
1643,H_093,Relational,unweighted,2.0,0.36666666666666664,0.3833333333333333,0.016666666666666663
1644,H_023,Relational,unweighted,2.0,0.03333333333333333,0.19999999999999998,0.16666666666666666
1645,G_227,Relational,unweighted,2.0,0.8166666666666668,0.8333333333333334,0.016666666666666607
1646,H_084,Relational,unweighted,2.0,0.9500000000000001,0.9833333333333334,0.033333333333333326
1647,G_109,Relational,unweighted,2.0,0.3,0.3666666666666667,0.06666666666666671
1648,G_438,Relational,unweighted,2.0,0.0,0.0,0.0
1649,G_401,Relational,unweighted,2.0,0.75,0.7666666666666666,0.016666666666666607
1650,G_482,Relational,unweighted,2.0,0.2333333333333333,0.31666666666666665,0.08333333333333334
1651,G_163,Relational,unweighted,2.0,0.9500000000000001,0.9666666666666667,0.016666666666666607
1652,G_009,Relational,unweighted,2.0,0.85,0.85,0.0
1653,G_312,Relational,unweighted,2.0,0.9500000000000001,0.9,-0.050000000000000044
1654,G_044,Relational,unweighted,2.0,0.4000000000000001,0.3833333333333333,-0.016666666666666774
1655,H_027,Relational,unweighted,2.0,0.65,0.7000000000000001,0.050000000000000044
1656,G_195,Relational,unweighted,2.0,0.21666666666666665,0.43333333333333335,0.2166666666666667
1657,G_347,Relational,unweighted,2.0,0.6666666666666666,0.5666666666666667,-0.09999999999999998
1658,G_149,Relational,unweighted,2.0,0.7333333333333334,0.7333333333333334,0.0
1659,G_179,Relational,unweighted,2.0,0.11666666666666665,0.03333333333333333,-0.08333333333333331
1660,G_255,Relational,unweighted,2.0,0.5499999999999999,0.4666666666666666,-0.08333333333333331
1661,G_113,Relational,unweighted,2.0,0.75,0.7833333333333333,0.033333333333333326
1662,G_458,Relational,unweighted,2.0,0.0,0.0,0.0
1663,H_002,Relational,unweighted,2.0,0.016666666666666666,0.049999999999999996,0.033333333333333326
1664,G_199,Relational,unweighted,3.0,0.9333333333333332,0.9166666666666666,-0.016666666666666607
1665,G_269,Relational,unweighted,3.0,0.20000000000000004,0.23333333333333336,0.033333333333333326
1666,G_523,Relational,unweighted,3.0,0.9,0.9166666666666666,0.016666666666666607
1667,G_123,Relational,unweighted,3.0,0.30000000000000004,0.3333333333333333,0.03333333333333327
1668,G_104,Relational,unweighted,3.0,0.049999999999999996,0.03333333333333333,-0.016666666666666663
1669,H_088,Relational,unweighted,3.0,0.2333333333333333,0.19999999999999998,-0.033333333333333326
1670,G_592,Relational,unweighted,3.0,0.8166666666666668,0.8166666666666668,0.0
1671,H_087,Relational,unweighted,3.0,0.65,0.6833333333333332,0.033333333333333215
1672,G_114,Relational,unweighted,3.0,0.4833333333333334,0.6833333333333335,0.20000000000000007
1673,G_240,Relational,unweighted,3.0,0.5254385964912281,0.5763157894736842,0.050877192982456076
1674,G_275,Relational,unweighted,3.0,0.15000000000000002,0.26666666666666666,0.11666666666666664
1675,H_093,Relational,unweighted,3.0,0.36666666666666664,0.3666666666666667,5.551115123125783e-17
1676,H_023,Relational,unweighted,3.0,0.03333333333333333,0.15,0.11666666666666667
1677,G_227,Relational,unweighted,3.0,0.8166666666666668,0.8833333333333333,0.06666666666666654
1678,H_084,Relational,unweighted,3.0,0.9500000000000001,0.9666666666666667,0.016666666666666607
1679,G_109,Relational,unweighted,3.0,0.3,0.4833333333333334,0.1833333333333334
1680,G_438,Relational,unweighted,3.0,0.0,0.016666666666666666,0.016666666666666666
1681,G_401,Relational,unweighted,3.0,0.75,0.75,0.0
1682,G_482,Relational,unweighted,3.0,0.2333333333333333,0.4166666666666667,0.18333333333333338
1683,G_163,Relational,unweighted,3.0,0.9500000000000001,0.8833333333333333,-0.06666666666666676
1684,G_009,Relational,unweighted,3.0,0.85,0.8166666666666665,-0.03333333333333344
1685,G_312,Relational,unweighted,3.0,0.9500000000000001,0.9166666666666666,-0.03333333333333344
1686,G_044,Relational,unweighted,3.0,0.4000000000000001,0.5228070175438596,0.12280701754385953
1687,H_027,Relational,unweighted,3.0,0.65,0.6333333333333334,-0.016666666666666607
1688,G_195,Relational,unweighted,3.0,0.21666666666666665,0.4833333333333334,0.2666666666666667
1689,G_347,Relational,unweighted,3.0,0.6666666666666666,0.6333333333333333,-0.033333333333333326
1690,G_149,Relational,unweighted,3.0,0.7333333333333334,0.6833333333333332,-0.050000000000000155
1691,G_179,Relational,unweighted,3.0,0.11666666666666665,0.08333333333333333,-0.033333333333333326
1692,G_255,Relational,unweighted,3.0,0.5499999999999999,0.6166666666666667,0.06666666666666676
1693,G_113,Relational,unweighted,3.0,0.75,0.75,0.0
1694,G_458,Relational,unweighted,3.0,0.0,0.016666666666666666,0.016666666666666666
1695,H_002,Relational,unweighted,3.0,0.016666666666666666,0.08333333333333333,0.06666666666666667
1696,G_199,Relational,unweighted,4.0,0.9333333333333332,0.8333333333333334,-0.09999999999999987
1697,G_269,Relational,unweighted,4.0,0.20000000000000004,0.2833333333333334,0.08333333333333334
1698,G_523,Relational,unweighted,4.0,0.9,0.8666666666666667,-0.033333333333333326
1699,G_123,Relational,unweighted,4.0,0.30000000000000004,0.45,0.14999999999999997
1700,G_104,Relational,unweighted,4.0,0.049999999999999996,0.016666666666666666,-0.033333333333333326
1701,H_088,Relational,unweighted,4.0,0.2333333333333333,0.2333333333333333,0.0
1702,G_592,Relational,unweighted,4.0,0.8166666666666668,0.7333333333333334,-0.08333333333333337
1703,H_087,Relational,unweighted,4.0,0.65,0.7333333333333334,0.08333333333333337
1704,G_114,Relational,unweighted,4.0,0.4833333333333334,0.6833333333333332,0.19999999999999984
1705,G_240,Relational,unweighted,4.0,0.5254385964912281,0.5333333333333333,0.007894736842105177
1706,G_275,Relational,unweighted,4.0,0.15000000000000002,0.31666666666666665,0.16666666666666663
1707,H_093,Relational,unweighted,4.0,0.36666666666666664,0.3333333333333333,-0.033333333333333326
1708,H_023,Relational,unweighted,4.0,0.03333333333333333,0.2333333333333333,0.19999999999999998
1709,G_227,Relational,unweighted,4.0,0.8166666666666668,0.8833333333333333,0.06666666666666654
1710,H_084,Relational,unweighted,4.0,0.9500000000000001,0.9,-0.050000000000000044
1711,G_109,Relational,unweighted,4.0,0.3,0.4666666666666666,0.16666666666666663
1712,G_438,Relational,unweighted,4.0,0.0,0.05000000000000001,0.05000000000000001
1713,G_401,Relational,unweighted,4.0,0.75,0.7999999999999999,0.04999999999999993
1714,G_482,Relational,unweighted,4.0,0.2333333333333333,0.35000000000000003,0.11666666666666672
1715,G_163,Relational,unweighted,4.0,0.9500000000000001,0.8833333333333334,-0.06666666666666665
1716,G_009,Relational,unweighted,4.0,0.85,0.8000000000000002,-0.04999999999999982
1717,G_312,Relational,unweighted,4.0,0.9500000000000001,0.9166666666666666,-0.03333333333333344
1718,G_044,Relational,unweighted,4.0,0.4000000000000001,0.5166666666666667,0.11666666666666664
1719,H_027,Relational,unweighted,4.0,0.65,0.8000000000000002,0.15000000000000013
1720,G_195,Relational,unweighted,4.0,0.21666666666666665,0.4666666666666666,0.24999999999999997
1721,G_347,Relational,unweighted,4.0,0.6666666666666666,0.6561403508771929,-0.010526315789473717
1722,G_149,Relational,unweighted,4.0,0.7333333333333334,0.65,-0.08333333333333337
1723,G_179,Relational,unweighted,4.0,0.11666666666666665,0.08333333333333333,-0.033333333333333326
1724,G_255,Relational,unweighted,4.0,0.5499999999999999,0.6666666666666666,0.1166666666666667
1725,G_113,Relational,unweighted,4.0,0.75,0.7833333333333333,0.033333333333333326
1726,G_458,Relational,unweighted,4.0,0.0,0.0,0.0
1727,H_002,Relational,unweighted,4.0,0.016666666666666666,0.03333333333333333,0.016666666666666666
1728,G_199,Relational,unweighted,5.0,0.9333333333333332,0.9307017543859649,-0.002631578947368318
1729,G_269,Relational,unweighted,5.0,0.20000000000000004,0.2833333333333334,0.08333333333333334
1730,G_523,Relational,unweighted,5.0,0.9,0.9333333333333332,0.033333333333333215
1731,G_123,Relational,unweighted,5.0,0.30000000000000004,0.46666666666666673,0.16666666666666669
1732,G_104,Relational,unweighted,5.0,0.049999999999999996,0.0,-0.049999999999999996
1733,H_088,Relational,unweighted,5.0,0.2333333333333333,0.11666666666666665,-0.11666666666666665
1734,G_592,Relational,unweighted,5.0,0.8166666666666668,0.8333333333333334,0.016666666666666607
1735,H_087,Relational,unweighted,5.0,0.65,0.75,0.09999999999999998
1736,G_114,Relational,unweighted,5.0,0.4833333333333334,0.5499999999999999,0.06666666666666654
1737,G_240,Relational,unweighted,5.0,0.5254385964912281,0.5833333333333333,0.05789473684210511
1738,G_275,Relational,unweighted,5.0,0.15000000000000002,0.26666666666666666,0.11666666666666664
1739,H_093,Relational,unweighted,5.0,0.36666666666666664,0.35000000000000003,-0.016666666666666607
1740,H_023,Relational,unweighted,5.0,0.03333333333333333,0.25,0.21666666666666667
1741,G_227,Relational,unweighted,5.0,0.8166666666666668,0.8666666666666667,0.04999999999999993
1742,H_084,Relational,unweighted,5.0,0.9500000000000001,0.9500000000000001,0.0
1743,G_109,Relational,unweighted,5.0,0.3,0.5166666666666667,0.21666666666666673
1744,G_438,Relational,unweighted,5.0,0.0,0.06666666666666667,0.06666666666666667
1745,G_401,Relational,unweighted,5.0,0.75,0.75,0.0
1746,G_482,Relational,unweighted,5.0,0.2333333333333333,0.43333333333333335,0.20000000000000004
1747,G_163,Relational,unweighted,5.0,0.9500000000000001,0.8666666666666666,-0.08333333333333348
1748,G_009,Relational,unweighted,5.0,0.85,0.7666666666666667,-0.08333333333333326
1749,G_312,Relational,unweighted,5.0,0.9500000000000001,0.9166666666666666,-0.03333333333333344
1750,G_044,Relational,unweighted,5.0,0.4000000000000001,0.43333333333333335,0.03333333333333327
1751,H_027,Relational,unweighted,5.0,0.65,0.7166666666666667,0.06666666666666665
1752,G_195,Relational,unweighted,5.0,0.21666666666666665,0.45,0.23333333333333336
1753,G_347,Relational,unweighted,5.0,0.6666666666666666,0.6833333333333332,0.016666666666666607
1754,G_149,Relational,unweighted,5.0,0.7333333333333334,0.7166666666666668,-0.016666666666666607
1755,G_179,Relational,unweighted,5.0,0.11666666666666665,0.049999999999999996,-0.06666666666666665
1756,G_255,Relational,unweighted,5.0,0.5499999999999999,0.6000000000000001,0.050000000000000155
1757,G_113,Relational,unweighted,5.0,0.75,0.7333333333333334,-0.016666666666666607
1758,G_458,Relational,unweighted,5.0,0.0,0.0,0.0
1759,H_002,Relational,unweighted,5.0,0.016666666666666666,0.016666666666666666,0.0
1760,G_199,Relational,weighted,-5.0,0.9333333333333332,0.7333333333333334,-0.19999999999999984
1761,G_269,Relational,weighted,-5.0,0.20000000000000004,0.2333333333333333,0.03333333333333327
1762,G_523,Relational,weighted,-5.0,0.9,0.8833333333333333,-0.01666666666666672
1763,G_123,Relational,weighted,-5.0,0.30000000000000004,0.0,-0.30000000000000004
1764,G_104,Relational,weighted,-5.0,0.049999999999999996,0.09999999999999999,0.049999999999999996
1765,H_088,Relational,weighted,-5.0,0.2333333333333333,0.25,0.01666666666666669
1766,G_592,Relational,weighted,-5.0,0.8166666666666668,0.6596491228070176,-0.15701754385964917
1767,H_087,Relational,weighted,-5.0,0.65,0.35000000000000003,-0.3
1768,G_114,Relational,weighted,-5.0,0.4833333333333334,0.15,-0.33333333333333337
1769,G_240,Relational,weighted,-5.0,0.5254385964912281,0.26666666666666666,-0.2587719298245615
1770,G_275,Relational,weighted,-5.0,0.15000000000000002,0.2333333333333333,0.08333333333333329
1771,H_093,Relational,weighted,-5.0,0.36666666666666664,0.6,0.23333333333333334
1772,H_023,Relational,weighted,-5.0,0.03333333333333333,0.06666666666666667,0.03333333333333333
1773,G_227,Relational,weighted,-5.0,0.8166666666666668,0.7666666666666666,-0.050000000000000155
1774,H_084,Relational,weighted,-5.0,0.9500000000000001,0.9,-0.050000000000000044
1775,G_109,Relational,weighted,-5.0,0.3,0.23333333333333336,-0.06666666666666662
1776,G_438,Relational,weighted,-5.0,0.0,0.0,0.0
1777,G_401,Relational,weighted,-5.0,0.75,0.26666666666666666,-0.48333333333333334
1778,G_482,Relational,weighted,-5.0,0.2333333333333333,0.26666666666666666,0.033333333333333354
1779,G_163,Relational,weighted,-5.0,0.9500000000000001,0.7999999999999999,-0.15000000000000013
1780,G_009,Relational,weighted,-5.0,0.85,0.7000000000000001,-0.1499999999999999
1781,G_312,Relational,weighted,-5.0,0.9500000000000001,0.9166666666666666,-0.03333333333333344
1782,G_044,Relational,weighted,-5.0,0.4000000000000001,0.39999999999999997,-1.1102230246251565e-16
1783,H_027,Relational,weighted,-5.0,0.65,0.26666666666666666,-0.38333333333333336
1784,G_195,Relational,weighted,-5.0,0.21666666666666665,0.06666666666666667,-0.14999999999999997
1785,G_347,Relational,weighted,-5.0,0.6666666666666666,0.4333333333333333,-0.23333333333333334
1786,G_149,Relational,weighted,-5.0,0.7333333333333334,0.5333333333333333,-0.20000000000000007
1787,G_179,Relational,weighted,-5.0,0.11666666666666665,0.16666666666666666,0.05
1788,G_255,Relational,weighted,-5.0,0.5499999999999999,0.587719298245614,0.03771929824561404
1789,G_113,Relational,weighted,-5.0,0.75,0.5,-0.25
1790,G_458,Relational,weighted,-5.0,0.0,0.0,0.0
1791,H_002,Relational,weighted,-5.0,0.016666666666666666,0.03333333333333333,0.016666666666666666
1792,G_199,Relational,weighted,-4.0,0.9333333333333332,0.8166666666666668,-0.11666666666666647
1793,G_269,Relational,weighted,-4.0,0.20000000000000004,0.26666666666666666,0.06666666666666662
1794,G_523,Relational,weighted,-4.0,0.9,0.8833333333333333,-0.01666666666666672
1795,G_123,Relational,weighted,-4.0,0.30000000000000004,0.049999999999999996,-0.25000000000000006
1796,G_104,Relational,weighted,-4.0,0.049999999999999996,0.08333333333333333,0.03333333333333333
1797,H_088,Relational,weighted,-4.0,0.2333333333333333,0.16666666666666666,-0.06666666666666665
1798,G_592,Relational,weighted,-4.0,0.8166666666666668,0.7166666666666667,-0.10000000000000009
1799,H_087,Relational,weighted,-4.0,0.65,0.3499999999999999,-0.3000000000000001
1800,G_114,Relational,weighted,-4.0,0.4833333333333334,0.15,-0.33333333333333337
1801,G_240,Relational,weighted,-4.0,0.5254385964912281,0.3,-0.22543859649122816
1802,G_275,Relational,weighted,-4.0,0.15000000000000002,0.26666666666666666,0.11666666666666664
1803,H_093,Relational,weighted,-4.0,0.36666666666666664,0.43333333333333335,0.06666666666666671
1804,H_023,Relational,weighted,-4.0,0.03333333333333333,0.09999999999999999,0.06666666666666665
1805,G_227,Relational,weighted,-4.0,0.8166666666666668,0.7833333333333333,-0.03333333333333344
1806,H_084,Relational,weighted,-4.0,0.9500000000000001,0.8666666666666666,-0.08333333333333348
1807,G_109,Relational,weighted,-4.0,0.3,0.21666666666666667,-0.08333333333333331
1808,G_438,Relational,weighted,-4.0,0.0,0.0,0.0
1809,G_401,Relational,weighted,-4.0,0.75,0.3833333333333333,-0.3666666666666667
1810,G_482,Relational,weighted,-4.0,0.2333333333333333,0.16666666666666666,-0.06666666666666665
1811,G_163,Relational,weighted,-4.0,0.9500000000000001,0.8666666666666666,-0.08333333333333348
1812,G_009,Relational,weighted,-4.0,0.85,0.7000000000000001,-0.1499999999999999
1813,G_312,Relational,weighted,-4.0,0.9500000000000001,0.9666666666666667,0.016666666666666607
1814,G_044,Relational,weighted,-4.0,0.4000000000000001,0.2833333333333334,-0.1166666666666667
1815,H_027,Relational,weighted,-4.0,0.65,0.5,-0.15000000000000002
1816,G_195,Relational,weighted,-4.0,0.21666666666666665,0.08333333333333333,-0.1333333333333333
1817,G_347,Relational,weighted,-4.0,0.6666666666666666,0.5166666666666667,-0.1499999999999999
1818,G_149,Relational,weighted,-4.0,0.7333333333333334,0.6166666666666667,-0.1166666666666667
1819,G_179,Relational,weighted,-4.0,0.11666666666666665,0.15,0.03333333333333334
1820,G_255,Relational,weighted,-4.0,0.5499999999999999,0.5,-0.04999999999999993
1821,G_113,Relational,weighted,-4.0,0.75,0.43333333333333335,-0.31666666666666665
1822,G_458,Relational,weighted,-4.0,0.0,0.0,0.0
1823,H_002,Relational,weighted,-4.0,0.016666666666666666,0.03333333333333333,0.016666666666666666
1824,G_199,Relational,weighted,-3.0,0.9333333333333332,0.8833333333333333,-0.04999999999999993
1825,G_269,Relational,weighted,-3.0,0.20000000000000004,0.2833333333333334,0.08333333333333334
1826,G_523,Relational,weighted,-3.0,0.9,0.9,0.0
1827,G_123,Relational,weighted,-3.0,0.30000000000000004,0.08333333333333333,-0.21666666666666673
1828,G_104,Relational,weighted,-3.0,0.049999999999999996,0.09999999999999999,0.049999999999999996
1829,H_088,Relational,weighted,-3.0,0.2333333333333333,0.18333333333333335,-0.04999999999999996
1830,G_592,Relational,weighted,-3.0,0.8166666666666668,0.65,-0.16666666666666674
1831,H_087,Relational,weighted,-3.0,0.65,0.43333333333333335,-0.21666666666666667
1832,G_114,Relational,weighted,-3.0,0.4833333333333334,0.13333333333333333,-0.3500000000000001
1833,G_240,Relational,weighted,-3.0,0.5254385964912281,0.25,-0.27543859649122815
1834,G_275,Relational,weighted,-3.0,0.15000000000000002,0.16666666666666666,0.016666666666666635
1835,H_093,Relational,weighted,-3.0,0.36666666666666664,0.5,0.13333333333333336
1836,H_023,Relational,weighted,-3.0,0.03333333333333333,0.08333333333333333,0.049999999999999996
1837,G_227,Relational,weighted,-3.0,0.8166666666666668,0.8166666666666668,0.0
1838,H_084,Relational,weighted,-3.0,0.9500000000000001,0.9833333333333334,0.033333333333333326
1839,G_109,Relational,weighted,-3.0,0.3,0.3666666666666667,0.06666666666666671
1840,G_438,Relational,weighted,-3.0,0.0,0.0,0.0
1841,G_401,Relational,weighted,-3.0,0.75,0.5,-0.25
1842,G_482,Relational,weighted,-3.0,0.2333333333333333,0.28421052631578947,0.05087719298245616
1843,G_163,Relational,weighted,-3.0,0.9500000000000001,0.8166666666666668,-0.1333333333333333
1844,G_009,Relational,weighted,-3.0,0.85,0.8166666666666668,-0.033333333333333215
1845,G_312,Relational,weighted,-3.0,0.9500000000000001,0.9166666666666666,-0.03333333333333344
1846,G_044,Relational,weighted,-3.0,0.4000000000000001,0.3,-0.10000000000000009
1847,H_027,Relational,weighted,-3.0,0.65,0.45,-0.2
1848,G_195,Relational,weighted,-3.0,0.21666666666666665,0.08333333333333333,-0.1333333333333333
1849,G_347,Relational,weighted,-3.0,0.6666666666666666,0.45,-0.21666666666666662
1850,G_149,Relational,weighted,-3.0,0.7333333333333334,0.5578947368421052,-0.17543859649122817
1851,G_179,Relational,weighted,-3.0,0.11666666666666665,0.11666666666666665,0.0
1852,G_255,Relational,weighted,-3.0,0.5499999999999999,0.46666666666666673,-0.0833333333333332
1853,G_113,Relational,weighted,-3.0,0.75,0.6666666666666666,-0.08333333333333337
1854,G_458,Relational,weighted,-3.0,0.0,0.0,0.0
1855,H_002,Relational,weighted,-3.0,0.016666666666666666,0.03333333333333333,0.016666666666666666
1856,G_199,Relational,weighted,-2.0,0.9333333333333332,0.8666666666666667,-0.06666666666666654
1857,G_269,Relational,weighted,-2.0,0.20000000000000004,0.2333333333333333,0.03333333333333327
1858,G_523,Relational,weighted,-2.0,0.9,0.9333333333333332,0.033333333333333215
1859,G_123,Relational,weighted,-2.0,0.30000000000000004,0.13333333333333333,-0.1666666666666667
1860,G_104,Relational,weighted,-2.0,0.049999999999999996,0.09999999999999999,0.049999999999999996
1861,H_088,Relational,weighted,-2.0,0.2333333333333333,0.18333333333333335,-0.04999999999999996
1862,G_592,Relational,weighted,-2.0,0.8166666666666668,0.7333333333333334,-0.08333333333333337
1863,H_087,Relational,weighted,-2.0,0.65,0.48333333333333334,-0.16666666666666669
1864,G_114,Relational,weighted,-2.0,0.4833333333333334,0.3166666666666667,-0.16666666666666669
1865,G_240,Relational,weighted,-2.0,0.5254385964912281,0.2833333333333334,-0.24210526315789477
1866,G_275,Relational,weighted,-2.0,0.15000000000000002,0.16666666666666666,0.016666666666666635
1867,H_093,Relational,weighted,-2.0,0.36666666666666664,0.5333333333333333,0.16666666666666669
1868,H_023,Relational,weighted,-2.0,0.03333333333333333,0.06666666666666667,0.03333333333333333
1869,G_227,Relational,weighted,-2.0,0.8166666666666668,0.8324561403508772,0.015789473684210464
1870,H_084,Relational,weighted,-2.0,0.9500000000000001,0.9500000000000001,0.0
1871,G_109,Relational,weighted,-2.0,0.3,0.4000000000000001,0.10000000000000009
1872,G_438,Relational,weighted,-2.0,0.0,0.0,0.0
1873,G_401,Relational,weighted,-2.0,0.75,0.6166666666666667,-0.1333333333333333
1874,G_482,Relational,weighted,-2.0,0.2333333333333333,0.26666666666666666,0.033333333333333354
1875,G_163,Relational,weighted,-2.0,0.9500000000000001,0.8333333333333334,-0.1166666666666667
1876,G_009,Relational,weighted,-2.0,0.85,0.7999999999999999,-0.050000000000000044
1877,G_312,Relational,weighted,-2.0,0.9500000000000001,0.9500000000000001,0.0
1878,G_044,Relational,weighted,-2.0,0.4000000000000001,0.20000000000000004,-0.20000000000000004
1879,H_027,Relational,weighted,-2.0,0.65,0.5666666666666667,-0.08333333333333337
1880,G_195,Relational,weighted,-2.0,0.21666666666666665,0.08333333333333333,-0.1333333333333333
1881,G_347,Relational,weighted,-2.0,0.6666666666666666,0.5499999999999999,-0.1166666666666667
1882,G_149,Relational,weighted,-2.0,0.7333333333333334,0.5833333333333334,-0.15000000000000002
1883,G_179,Relational,weighted,-2.0,0.11666666666666665,0.15,0.03333333333333334
1884,G_255,Relational,weighted,-2.0,0.5499999999999999,0.5666666666666667,0.01666666666666672
1885,G_113,Relational,weighted,-2.0,0.75,0.6333333333333334,-0.11666666666666659
1886,G_458,Relational,weighted,-2.0,0.0,0.0,0.0
1887,H_002,Relational,weighted,-2.0,0.016666666666666666,0.08333333333333333,0.06666666666666667
1888,G_199,Relational,weighted,-1.0,0.9333333333333332,0.8833333333333333,-0.04999999999999993
1889,G_269,Relational,weighted,-1.0,0.20000000000000004,0.26666666666666666,0.06666666666666662
1890,G_523,Relational,weighted,-1.0,0.9,0.9833333333333334,0.08333333333333337
1891,G_123,Relational,weighted,-1.0,0.30000000000000004,0.16666666666666666,-0.1333333333333334
1892,G_104,Relational,weighted,-1.0,0.049999999999999996,0.049999999999999996,0.0
1893,H_088,Relational,weighted,-1.0,0.2333333333333333,0.16666666666666666,-0.06666666666666665
1894,G_592,Relational,weighted,-1.0,0.8166666666666668,0.7666666666666666,-0.050000000000000155
1895,H_087,Relational,weighted,-1.0,0.65,0.7000000000000001,0.050000000000000044
1896,G_114,Relational,weighted,-1.0,0.4833333333333334,0.37543859649122807,-0.10789473684210532
1897,G_240,Relational,weighted,-1.0,0.5254385964912281,0.4166666666666667,-0.10877192982456146
1898,G_275,Relational,weighted,-1.0,0.15000000000000002,0.21666666666666665,0.06666666666666662
1899,H_093,Relational,weighted,-1.0,0.36666666666666664,0.39999999999999997,0.033333333333333326
1900,H_023,Relational,weighted,-1.0,0.03333333333333333,0.11666666666666665,0.08333333333333331
1901,G_227,Relational,weighted,-1.0,0.8166666666666668,0.8166666666666668,0.0
1902,H_084,Relational,weighted,-1.0,0.9500000000000001,0.9500000000000001,0.0
1903,G_109,Relational,weighted,-1.0,0.3,0.2833333333333333,-0.016666666666666663
1904,G_438,Relational,weighted,-1.0,0.0,0.0,0.0
1905,G_401,Relational,weighted,-1.0,0.75,0.6666666666666666,-0.08333333333333337
1906,G_482,Relational,weighted,-1.0,0.2333333333333333,0.20000000000000004,-0.03333333333333327
1907,G_163,Relational,weighted,-1.0,0.9500000000000001,0.8833333333333334,-0.06666666666666665
1908,G_009,Relational,weighted,-1.0,0.85,0.7666666666666666,-0.08333333333333337
1909,G_312,Relational,weighted,-1.0,0.9500000000000001,0.9500000000000001,0.0
1910,G_044,Relational,weighted,-1.0,0.4000000000000001,0.3675438596491228,-0.032456140350877294
1911,H_027,Relational,weighted,-1.0,0.65,0.6833333333333335,0.03333333333333344
1912,G_195,Relational,weighted,-1.0,0.21666666666666665,0.15,-0.06666666666666665
1913,G_347,Relational,weighted,-1.0,0.6666666666666666,0.5499999999999999,-0.1166666666666667
1914,G_149,Relational,weighted,-1.0,0.7333333333333334,0.5666666666666668,-0.16666666666666663
1915,G_179,Relational,weighted,-1.0,0.11666666666666665,0.15,0.03333333333333334
1916,G_255,Relational,weighted,-1.0,0.5499999999999999,0.5333333333333333,-0.016666666666666607
1917,G_113,Relational,weighted,-1.0,0.75,0.6833333333333332,-0.06666666666666676
1918,G_458,Relational,weighted,-1.0,0.0,0.0,0.0
1919,H_002,Relational,weighted,-1.0,0.016666666666666666,0.016666666666666666,0.0
1920,G_199,Relational,weighted,0.0,0.9333333333333332,0.9,-0.033333333333333215
1921,G_269,Relational,weighted,0.0,0.20000000000000004,0.18333333333333335,-0.01666666666666669
1922,G_523,Relational,weighted,0.0,0.9,0.9333333333333332,0.033333333333333215
1923,G_123,Relational,weighted,0.0,0.30000000000000004,0.23333333333333336,-0.06666666666666668
1924,G_104,Relational,weighted,0.0,0.049999999999999996,0.05000000000000001,1.3877787807814457e-17
1925,H_088,Relational,weighted,0.0,0.2333333333333333,0.21666666666666667,-0.016666666666666635
1926,G_592,Relational,weighted,0.0,0.8166666666666668,0.7166666666666667,-0.10000000000000009
1927,H_087,Relational,weighted,0.0,0.65,0.5666666666666668,-0.08333333333333326
1928,G_114,Relational,weighted,0.0,0.4833333333333334,0.4833333333333334,0.0
1929,G_240,Relational,weighted,0.0,0.5254385964912281,0.47631578947368425,-0.0491228070175439
1930,G_275,Relational,weighted,0.0,0.15000000000000002,0.25,0.09999999999999998
1931,H_093,Relational,weighted,0.0,0.36666666666666664,0.4666666666666666,0.09999999999999998
1932,H_023,Relational,weighted,0.0,0.03333333333333333,0.16666666666666666,0.13333333333333333
1933,G_227,Relational,weighted,0.0,0.8166666666666668,0.9333333333333332,0.11666666666666647
1934,H_084,Relational,weighted,0.0,0.9500000000000001,0.8666666666666667,-0.08333333333333337
1935,G_109,Relational,weighted,0.0,0.3,0.35000000000000003,0.050000000000000044
1936,G_438,Relational,weighted,0.0,0.0,0.0,0.0
1937,G_401,Relational,weighted,0.0,0.75,0.7666666666666666,0.016666666666666607
1938,G_482,Relational,weighted,0.0,0.2333333333333333,0.35000000000000003,0.11666666666666672
1939,G_163,Relational,weighted,0.0,0.9500000000000001,0.9333333333333332,-0.01666666666666683
1940,G_009,Relational,weighted,0.0,0.85,0.7666666666666666,-0.08333333333333337
1941,G_312,Relational,weighted,0.0,0.9500000000000001,0.9,-0.050000000000000044
1942,G_044,Relational,weighted,0.0,0.4000000000000001,0.4666666666666666,0.06666666666666654
1943,H_027,Relational,weighted,0.0,0.65,0.6666666666666666,0.016666666666666607
1944,G_195,Relational,weighted,0.0,0.21666666666666665,0.24999999999999997,0.033333333333333326
1945,G_347,Relational,weighted,0.0,0.6666666666666666,0.5666666666666665,-0.10000000000000009
1946,G_149,Relational,weighted,0.0,0.7333333333333334,0.6833333333333332,-0.050000000000000155
1947,G_179,Relational,weighted,0.0,0.11666666666666665,0.11666666666666665,0.0
1948,G_255,Relational,weighted,0.0,0.5499999999999999,0.45,-0.09999999999999992
1949,G_113,Relational,weighted,0.0,0.75,0.8333333333333334,0.08333333333333337
1950,G_458,Relational,weighted,0.0,0.0,0.03333333333333333,0.03333333333333333
1951,H_002,Relational,weighted,0.0,0.016666666666666666,0.049999999999999996,0.033333333333333326
1952,G_199,Relational,weighted,1.0,0.9333333333333332,0.8833333333333333,-0.04999999999999993
1953,G_269,Relational,weighted,1.0,0.20000000000000004,0.21666666666666667,0.016666666666666635
1954,G_523,Relational,weighted,1.0,0.9,0.9166666666666666,0.016666666666666607
1955,G_123,Relational,weighted,1.0,0.30000000000000004,0.31666666666666665,0.016666666666666607
1956,G_104,Relational,weighted,1.0,0.049999999999999996,0.0,-0.049999999999999996
1957,H_088,Relational,weighted,1.0,0.2333333333333333,0.18333333333333335,-0.04999999999999996
1958,G_592,Relational,weighted,1.0,0.8166666666666668,0.8333333333333334,0.016666666666666607
1959,H_087,Relational,weighted,1.0,0.65,0.6833333333333335,0.03333333333333344
1960,G_114,Relational,weighted,1.0,0.4833333333333334,0.6166666666666667,0.1333333333333333
1961,G_240,Relational,weighted,1.0,0.5254385964912281,0.5105263157894736,-0.014912280701754543
1962,G_275,Relational,weighted,1.0,0.15000000000000002,0.2333333333333333,0.08333333333333329
1963,H_093,Relational,weighted,1.0,0.36666666666666664,0.38859649122807016,0.02192982456140352
1964,H_023,Relational,weighted,1.0,0.03333333333333333,0.18333333333333335,0.15000000000000002
1965,G_227,Relational,weighted,1.0,0.8166666666666668,0.9166666666666666,0.09999999999999987
1966,H_084,Relational,weighted,1.0,0.9500000000000001,0.8666666666666667,-0.08333333333333337
1967,G_109,Relational,weighted,1.0,0.3,0.31666666666666665,0.016666666666666663
1968,G_438,Relational,weighted,1.0,0.0,0.016666666666666666,0.016666666666666666
1969,G_401,Relational,weighted,1.0,0.75,0.7833333333333333,0.033333333333333326
1970,G_482,Relational,weighted,1.0,0.2333333333333333,0.39999999999999997,0.16666666666666666
1971,G_163,Relational,weighted,1.0,0.9500000000000001,0.9499999999999998,-2.220446049250313e-16
1972,G_009,Relational,weighted,1.0,0.85,0.7833333333333333,-0.06666666666666665
1973,G_312,Relational,weighted,1.0,0.9500000000000001,0.9333333333333332,-0.01666666666666683
1974,G_044,Relational,weighted,1.0,0.4000000000000001,0.35000000000000003,-0.050000000000000044
1975,H_027,Relational,weighted,1.0,0.65,0.5833333333333334,-0.06666666666666665
1976,G_195,Relational,weighted,1.0,0.21666666666666665,0.44999999999999996,0.2333333333333333
1977,G_347,Relational,weighted,1.0,0.6666666666666666,0.6,-0.06666666666666665
1978,G_149,Relational,weighted,1.0,0.7333333333333334,0.7333333333333334,0.0
1979,G_179,Relational,weighted,1.0,0.11666666666666665,0.08333333333333333,-0.033333333333333326
1980,G_255,Relational,weighted,1.0,0.5499999999999999,0.4833333333333332,-0.06666666666666671
1981,G_113,Relational,weighted,1.0,0.75,0.7666666666666667,0.01666666666666672
1982,G_458,Relational,weighted,1.0,0.0,0.0,0.0
1983,H_002,Relational,weighted,1.0,0.016666666666666666,0.06666666666666667,0.05
1984,G_199,Relational,weighted,2.0,0.9333333333333332,0.9500000000000001,0.01666666666666683
1985,G_269,Relational,weighted,2.0,0.20000000000000004,0.26666666666666666,0.06666666666666662
1986,G_523,Relational,weighted,2.0,0.9,0.9333333333333332,0.033333333333333215
1987,G_123,Relational,weighted,2.0,0.30000000000000004,0.5166666666666667,0.21666666666666667
1988,G_104,Relational,weighted,2.0,0.049999999999999996,0.016666666666666666,-0.033333333333333326
1989,H_088,Relational,weighted,2.0,0.2333333333333333,0.18333333333333335,-0.04999999999999996
1990,G_592,Relational,weighted,2.0,0.8166666666666668,0.8166666666666668,0.0
1991,H_087,Relational,weighted,2.0,0.65,0.7000000000000001,0.050000000000000044
1992,G_114,Relational,weighted,2.0,0.4833333333333334,0.6833333333333332,0.19999999999999984
1993,G_240,Relational,weighted,2.0,0.5254385964912281,0.5763157894736842,0.050877192982456076
1994,G_275,Relational,weighted,2.0,0.15000000000000002,0.13333333333333333,-0.01666666666666669
1995,H_093,Relational,weighted,2.0,0.36666666666666664,0.39999999999999997,0.033333333333333326
1996,H_023,Relational,weighted,2.0,0.03333333333333333,0.20000000000000004,0.1666666666666667
1997,G_227,Relational,weighted,2.0,0.8166666666666668,0.85,0.033333333333333215
1998,H_084,Relational,weighted,2.0,0.9500000000000001,0.9500000000000001,0.0
1999,G_109,Relational,weighted,2.0,0.3,0.4666666666666666,0.16666666666666663
2000,G_438,Relational,weighted,2.0,0.0,0.016666666666666666,0.016666666666666666
2001,G_401,Relational,weighted,2.0,0.75,0.8333333333333334,0.08333333333333337
2002,G_482,Relational,weighted,2.0,0.2333333333333333,0.4166666666666667,0.18333333333333338
2003,G_163,Relational,weighted,2.0,0.9500000000000001,0.8666666666666667,-0.08333333333333337
2004,G_009,Relational,weighted,2.0,0.85,0.7666666666666666,-0.08333333333333337
2005,G_312,Relational,weighted,2.0,0.9500000000000001,0.9166666666666666,-0.03333333333333344
2006,G_044,Relational,weighted,2.0,0.4000000000000001,0.48333333333333334,0.08333333333333326
2007,H_027,Relational,weighted,2.0,0.65,0.7333333333333334,0.08333333333333337
2008,G_195,Relational,weighted,2.0,0.21666666666666665,0.46666666666666673,0.2500000000000001
2009,G_347,Relational,weighted,2.0,0.6666666666666666,0.6,-0.06666666666666665
2010,G_149,Relational,weighted,2.0,0.7333333333333334,0.7333333333333334,0.0
2011,G_179,Relational,weighted,2.0,0.11666666666666665,0.06666666666666667,-0.04999999999999999
2012,G_255,Relational,weighted,2.0,0.5499999999999999,0.4666666666666666,-0.08333333333333331
2013,G_113,Relational,weighted,2.0,0.75,0.75,0.0
2014,G_458,Relational,weighted,2.0,0.0,0.016666666666666666,0.016666666666666666
2015,H_002,Relational,weighted,2.0,0.016666666666666666,0.06666666666666667,0.05
2016,G_199,Relational,weighted,3.0,0.9333333333333332,0.9333333333333332,0.0
2017,G_269,Relational,weighted,3.0,0.20000000000000004,0.2833333333333333,0.08333333333333329
2018,G_523,Relational,weighted,3.0,0.9,0.9,0.0
2019,G_123,Relational,weighted,3.0,0.30000000000000004,0.6166666666666666,0.31666666666666654
2020,G_104,Relational,weighted,3.0,0.049999999999999996,0.05000000000000001,1.3877787807814457e-17
2021,H_088,Relational,weighted,3.0,0.2333333333333333,0.21666666666666667,-0.016666666666666635
2022,G_592,Relational,weighted,3.0,0.8166666666666668,0.7833333333333333,-0.03333333333333344
2023,H_087,Relational,weighted,3.0,0.65,0.7333333333333334,0.08333333333333337
2024,G_114,Relational,weighted,3.0,0.4833333333333334,0.7333333333333334,0.25
2025,G_240,Relational,weighted,3.0,0.5254385964912281,0.5,-0.02543859649122815
2026,G_275,Relational,weighted,3.0,0.15000000000000002,0.18333333333333335,0.033333333333333326
2027,H_093,Relational,weighted,3.0,0.36666666666666664,0.2833333333333333,-0.08333333333333331
2028,H_023,Relational,weighted,3.0,0.03333333333333333,0.3666666666666667,0.33333333333333337
2029,G_227,Relational,weighted,3.0,0.8166666666666668,0.8666666666666667,0.04999999999999993
2030,H_084,Relational,weighted,3.0,0.9500000000000001,0.9333333333333332,-0.01666666666666683
2031,G_109,Relational,weighted,3.0,0.3,0.5482456140350876,0.24824561403508766
2032,G_438,Relational,weighted,3.0,0.0,0.06666666666666667,0.06666666666666667
2033,G_401,Relational,weighted,3.0,0.75,0.7666666666666666,0.016666666666666607
2034,G_482,Relational,weighted,3.0,0.2333333333333333,0.5333333333333333,0.30000000000000004
2035,G_163,Relational,weighted,3.0,0.9500000000000001,0.9666666666666667,0.016666666666666607
2036,G_009,Relational,weighted,3.0,0.85,0.7666666666666666,-0.08333333333333337
2037,G_312,Relational,weighted,3.0,0.9500000000000001,0.8833333333333333,-0.06666666666666676
2038,G_044,Relational,weighted,3.0,0.4000000000000001,0.5499999999999999,0.14999999999999986
2039,H_027,Relational,weighted,3.0,0.65,0.75,0.09999999999999998
2040,G_195,Relational,weighted,3.0,0.21666666666666665,0.55,0.33333333333333337
2041,G_347,Relational,weighted,3.0,0.6666666666666666,0.7000000000000001,0.03333333333333344
2042,G_149,Relational,weighted,3.0,0.7333333333333334,0.5833333333333334,-0.15000000000000002
2043,G_179,Relational,weighted,3.0,0.11666666666666665,0.049999999999999996,-0.06666666666666665
2044,G_255,Relational,weighted,3.0,0.5499999999999999,0.5833333333333334,0.03333333333333344
2045,G_113,Relational,weighted,3.0,0.75,0.8166666666666668,0.06666666666666676
2046,G_458,Relational,weighted,3.0,0.0,0.0,0.0
2047,H_002,Relational,weighted,3.0,0.016666666666666666,0.08333333333333333,0.06666666666666667
2048,G_199,Relational,weighted,4.0,0.9333333333333332,0.9500000000000001,0.01666666666666683
2049,G_269,Relational,weighted,4.0,0.20000000000000004,0.26666666666666666,0.06666666666666662
2050,G_523,Relational,weighted,4.0,0.9,0.9500000000000001,0.050000000000000044
2051,G_123,Relational,weighted,4.0,0.30000000000000004,0.6666666666666666,0.3666666666666666
2052,G_104,Relational,weighted,4.0,0.049999999999999996,0.016666666666666666,-0.033333333333333326
2053,H_088,Relational,weighted,4.0,0.2333333333333333,0.25,0.01666666666666669
2054,G_592,Relational,weighted,4.0,0.8166666666666668,0.7833333333333333,-0.03333333333333344
2055,H_087,Relational,weighted,4.0,0.65,0.7166666666666667,0.06666666666666665
2056,G_114,Relational,weighted,4.0,0.4833333333333334,0.6166666666666666,0.1333333333333332
2057,G_240,Relational,weighted,4.0,0.5254385964912281,0.6666666666666666,0.14122807017543848
2058,G_275,Relational,weighted,4.0,0.15000000000000002,0.21666666666666667,0.06666666666666665
2059,H_093,Relational,weighted,4.0,0.36666666666666664,0.26666666666666666,-0.09999999999999998
2060,H_023,Relational,weighted,4.0,0.03333333333333333,0.35701754385964907,0.32368421052631574
2061,G_227,Relational,weighted,4.0,0.8166666666666668,0.9,0.08333333333333326
2062,H_084,Relational,weighted,4.0,0.9500000000000001,0.8833333333333333,-0.06666666666666676
2063,G_109,Relational,weighted,4.0,0.3,0.5333333333333333,0.23333333333333334
2064,G_438,Relational,weighted,4.0,0.0,0.11666666666666665,0.11666666666666665
2065,G_401,Relational,weighted,4.0,0.75,0.7666666666666666,0.016666666666666607
2066,G_482,Relational,weighted,4.0,0.2333333333333333,0.4666666666666666,0.2333333333333333
2067,G_163,Relational,weighted,4.0,0.9500000000000001,0.8140350877192982,-0.13596491228070184
2068,G_009,Relational,weighted,4.0,0.85,0.7999999999999999,-0.050000000000000044
2069,G_312,Relational,weighted,4.0,0.9500000000000001,0.9,-0.050000000000000044
2070,G_044,Relational,weighted,4.0,0.4000000000000001,0.4833333333333334,0.08333333333333331
2071,H_027,Relational,weighted,4.0,0.65,0.7166666666666667,0.06666666666666665
2072,G_195,Relational,weighted,4.0,0.21666666666666665,0.65,0.43333333333333335
2073,G_347,Relational,weighted,4.0,0.6666666666666666,0.6763157894736843,0.009649122807017685
2074,G_149,Relational,weighted,4.0,0.7333333333333334,0.7166666666666667,-0.01666666666666672
2075,G_179,Relational,weighted,4.0,0.11666666666666665,0.03333333333333333,-0.08333333333333331
2076,G_255,Relational,weighted,4.0,0.5499999999999999,0.5666666666666668,0.01666666666666683
2077,G_113,Relational,weighted,4.0,0.75,0.8166666666666668,0.06666666666666676
2078,G_458,Relational,weighted,4.0,0.0,0.0,0.0
2079,H_002,Relational,weighted,4.0,0.016666666666666666,0.06666666666666667,0.05
2080,G_199,Relational,weighted,5.0,0.9333333333333332,0.9333333333333332,0.0
2081,G_269,Relational,weighted,5.0,0.20000000000000004,0.2833333333333334,0.08333333333333334
2082,G_523,Relational,weighted,5.0,0.9,0.8833333333333333,-0.01666666666666672
2083,G_123,Relational,weighted,5.0,0.30000000000000004,0.7166666666666667,0.41666666666666663
2084,G_104,Relational,weighted,5.0,0.049999999999999996,0.08333333333333333,0.03333333333333333
2085,H_088,Relational,weighted,5.0,0.2333333333333333,0.3,0.06666666666666668
2086,G_592,Relational,weighted,5.0,0.8166666666666668,0.8000000000000002,-0.016666666666666607
2087,H_087,Relational,weighted,5.0,0.65,0.7833333333333333,0.1333333333333333
2088,G_114,Relational,weighted,5.0,0.4833333333333334,0.7166666666666667,0.23333333333333328
2089,G_240,Relational,weighted,5.0,0.5254385964912281,0.7166666666666668,0.19122807017543864
2090,G_275,Relational,weighted,5.0,0.15000000000000002,0.25,0.09999999999999998
2091,H_093,Relational,weighted,5.0,0.36666666666666664,0.25,-0.11666666666666664
2092,H_023,Relational,weighted,5.0,0.03333333333333333,0.25000000000000006,0.21666666666666673
2093,G_227,Relational,weighted,5.0,0.8166666666666668,0.9166666666666666,0.09999999999999987
2094,H_084,Relational,weighted,5.0,0.9500000000000001,0.9333333333333332,-0.01666666666666683
2095,G_109,Relational,weighted,5.0,0.3,0.6166666666666666,0.3166666666666666
2096,G_438,Relational,weighted,5.0,0.0,0.19999999999999998,0.19999999999999998
2097,G_401,Relational,weighted,5.0,0.75,0.8333333333333334,0.08333333333333337
2098,G_482,Relational,weighted,5.0,0.2333333333333333,0.5166666666666667,0.28333333333333344
2099,G_163,Relational,weighted,5.0,0.9500000000000001,0.85,-0.10000000000000009
2100,G_009,Relational,weighted,5.0,0.85,0.6666666666666666,-0.18333333333333335
2101,G_312,Relational,weighted,5.0,0.9500000000000001,0.8833333333333333,-0.06666666666666676
2102,G_044,Relational,weighted,5.0,0.4000000000000001,0.6166666666666666,0.2166666666666665
2103,H_027,Relational,weighted,5.0,0.65,0.8166666666666668,0.16666666666666674
2104,G_195,Relational,weighted,5.0,0.21666666666666665,0.75,0.5333333333333333
2105,G_347,Relational,weighted,5.0,0.6666666666666666,0.7000000000000001,0.03333333333333344
2106,G_149,Relational,weighted,5.0,0.7333333333333334,0.65,-0.08333333333333337
2107,G_179,Relational,weighted,5.0,0.11666666666666665,0.05000000000000001,-0.06666666666666665
2108,G_255,Relational,weighted,5.0,0.5499999999999999,0.4833333333333332,-0.06666666666666671
2109,G_113,Relational,weighted,5.0,0.75,0.7666666666666666,0.016666666666666607
2110,G_458,Relational,weighted,5.0,0.0,0.05000000000000001,0.05000000000000001
2111,H_002,Relational,weighted,5.0,0.016666666666666666,0.0,-0.016666666666666666
