,scenario_id,variation,vector_type,alpha,proportion_action2_base,proportion_action2_var,CPS
0,H_027,Consequentialist,weighted,-5.0,0.65,0.25,-0.4
1,G_109,Consequentialist,weighted,-5.0,0.3,0.18333333333333335,-0.11666666666666664
2,G_104,Consequentialist,weighted,-5.0,0.049999999999999996,0.16666666666666666,0.11666666666666667
3,G_592,Consequentialist,weighted,-5.0,0.8166666666666668,0.7666666666666666,-0.050000000000000155
4,G_275,Consequentialist,weighted,-5.0,0.15000000000000002,0.8333333333333334,0.6833333333333333
5,G_401,Consequentialist,weighted,-5.0,0.75,0.5,-0.25
6,G_240,Consequentialist,weighted,-5.0,0.5254385964912281,0.11666666666666665,-0.4087719298245615
7,G_114,Consequentialist,weighted,-5.0,0.4833333333333334,0.03333333333333333,-0.45000000000000007
8,G_009,Consequentialist,weighted,-5.0,0.85,0.7833333333333333,-0.06666666666666665
9,G_458,Consequentialist,weighted,-5.0,0.0,0.11666666666666665,0.11666666666666665
10,G_269,Consequentialist,weighted,-5.0,0.20000000000000004,0.19999999999999998,-5.551115123125783e-17
11,H_093,Consequentialist,weighted,-5.0,0.36666666666666664,0.09999999999999999,-0.26666666666666666
12,H_087,Consequentialist,weighted,-5.0,0.65,0.6166666666666667,-0.033333333333333326
13,G_255,Consequentialist,weighted,-5.0,0.5499999999999999,0.75,0.20000000000000007
14,G_523,Consequentialist,weighted,-5.0,0.9,0.85,-0.050000000000000044
15,G_149,Consequentialist,weighted,-5.0,0.7333333333333334,0.39999999999999997,-0.3333333333333334
16,G_312,Consequentialist,weighted,-5.0,0.9500000000000001,1.0,0.04999999999999993
17,G_195,Consequentialist,weighted,-5.0,0.21666666666666665,0.03333333333333333,-0.18333333333333332
18,G_347,Consequentialist,weighted,-5.0,0.6666666666666666,0.8666666666666667,0.20000000000000007
19,H_023,Consequentialist,weighted,-5.0,0.03333333333333333,0.15,0.11666666666666667
20,G_163,Consequentialist,weighted,-5.0,0.9500000000000001,0.8333333333333334,-0.1166666666666667
21,G_123,Consequentialist,weighted,-5.0,0.30000000000000004,0.18333333333333335,-0.1166666666666667
22,G_044,Consequentialist,weighted,-5.0,0.4000000000000001,0.6333333333333333,0.23333333333333323
23,G_227,Consequentialist,weighted,-5.0,0.8166666666666668,0.7999999999999999,-0.01666666666666683
24,G_179,Consequentialist,weighted,-5.0,0.11666666666666665,0.16666666666666666,0.05
25,G_199,Consequentialist,weighted,-5.0,0.9333333333333332,0.8833333333333333,-0.04999999999999993
26,G_438,Consequentialist,weighted,-5.0,0.0,0.0,0.0
27,G_113,Consequentialist,weighted,-5.0,0.75,0.6166666666666667,-0.1333333333333333
28,H_084,Consequentialist,weighted,-5.0,0.9500000000000001,0.85,-0.10000000000000009
29,G_482,Consequentialist,weighted,-5.0,0.2333333333333333,0.5166666666666667,0.28333333333333344
30,H_002,Consequentialist,weighted,-5.0,0.016666666666666666,0.049999999999999996,0.033333333333333326
31,H_088,Consequentialist,weighted,-5.0,0.2333333333333333,0.16666666666666666,-0.06666666666666665
32,H_027,Consequentialist,weighted,-4.0,0.65,0.45,-0.2
33,G_109,Consequentialist,weighted,-4.0,0.3,0.15,-0.15
34,G_104,Consequentialist,weighted,-4.0,0.049999999999999996,0.15,0.1
35,G_592,Consequentialist,weighted,-4.0,0.8166666666666668,0.7166666666666667,-0.10000000000000009
36,G_275,Consequentialist,weighted,-4.0,0.15000000000000002,0.85,0.7
37,G_401,Consequentialist,weighted,-4.0,0.75,0.6333333333333334,-0.11666666666666659
38,G_240,Consequentialist,weighted,-4.0,0.5254385964912281,0.16666666666666666,-0.3587719298245615
39,G_114,Consequentialist,weighted,-4.0,0.4833333333333334,0.03333333333333333,-0.45000000000000007
40,G_009,Consequentialist,weighted,-4.0,0.85,0.7833333333333333,-0.06666666666666665
41,G_458,Consequentialist,weighted,-4.0,0.0,0.06666666666666667,0.06666666666666667
42,G_269,Consequentialist,weighted,-4.0,0.20000000000000004,0.25,0.04999999999999996
43,H_093,Consequentialist,weighted,-4.0,0.36666666666666664,0.16666666666666666,-0.19999999999999998
44,H_087,Consequentialist,weighted,-4.0,0.65,0.7666666666666666,0.11666666666666659
45,G_255,Consequentialist,weighted,-4.0,0.5499999999999999,0.6166666666666667,0.06666666666666676
46,G_523,Consequentialist,weighted,-4.0,0.9,0.9333333333333332,0.033333333333333215
47,G_149,Consequentialist,weighted,-4.0,0.7333333333333334,0.45,-0.2833333333333334
48,G_312,Consequentialist,weighted,-4.0,0.9500000000000001,0.9666666666666667,0.016666666666666607
49,G_195,Consequentialist,weighted,-4.0,0.21666666666666665,0.15,-0.06666666666666665
50,G_347,Consequentialist,weighted,-4.0,0.6666666666666666,0.8666666666666666,0.19999999999999996
51,H_023,Consequentialist,weighted,-4.0,0.03333333333333333,0.15,0.11666666666666667
52,G_163,Consequentialist,weighted,-4.0,0.9500000000000001,0.85,-0.10000000000000009
53,G_123,Consequentialist,weighted,-4.0,0.30000000000000004,0.16666666666666666,-0.1333333333333334
54,G_044,Consequentialist,weighted,-4.0,0.4000000000000001,0.7333333333333334,0.3333333333333333
55,G_227,Consequentialist,weighted,-4.0,0.8166666666666668,0.8333333333333334,0.016666666666666607
56,G_179,Consequentialist,weighted,-4.0,0.11666666666666665,0.15,0.03333333333333334
57,G_199,Consequentialist,weighted,-4.0,0.9333333333333332,0.9333333333333332,0.0
58,G_438,Consequentialist,weighted,-4.0,0.0,0.0,0.0
59,G_113,Consequentialist,weighted,-4.0,0.75,0.6333333333333333,-0.1166666666666667
60,H_084,Consequentialist,weighted,-4.0,0.9500000000000001,0.8666666666666667,-0.08333333333333337
61,G_482,Consequentialist,weighted,-4.0,0.2333333333333333,0.6499999999999999,0.41666666666666663
62,H_002,Consequentialist,weighted,-4.0,0.016666666666666666,0.06666666666666667,0.05
63,H_088,Consequentialist,weighted,-4.0,0.2333333333333333,0.16666666666666666,-0.06666666666666665
64,H_027,Consequentialist,weighted,-3.0,0.65,0.48333333333333334,-0.16666666666666669
65,G_109,Consequentialist,weighted,-3.0,0.3,0.18333333333333335,-0.11666666666666664
66,G_104,Consequentialist,weighted,-3.0,0.049999999999999996,0.09999999999999999,0.049999999999999996
67,G_592,Consequentialist,weighted,-3.0,0.8166666666666668,0.8333333333333334,0.016666666666666607
68,G_275,Consequentialist,weighted,-3.0,0.15000000000000002,0.8666666666666667,0.7166666666666667
69,G_401,Consequentialist,weighted,-3.0,0.75,0.6833333333333332,-0.06666666666666676
70,G_240,Consequentialist,weighted,-3.0,0.5254385964912281,0.25,-0.27543859649122815
71,G_114,Consequentialist,weighted,-3.0,0.4833333333333334,0.06666666666666667,-0.41666666666666674
72,G_009,Consequentialist,weighted,-3.0,0.85,0.8166666666666668,-0.033333333333333215
73,G_458,Consequentialist,weighted,-3.0,0.0,0.016666666666666666,0.016666666666666666
74,G_269,Consequentialist,weighted,-3.0,0.20000000000000004,0.13859649122807016,-0.06140350877192988
75,H_093,Consequentialist,weighted,-3.0,0.36666666666666664,0.18333333333333335,-0.1833333333333333
76,H_087,Consequentialist,weighted,-3.0,0.65,0.8166666666666668,0.16666666666666674
77,G_255,Consequentialist,weighted,-3.0,0.5499999999999999,0.5833333333333334,0.03333333333333344
78,G_523,Consequentialist,weighted,-3.0,0.9,0.9,0.0
79,G_149,Consequentialist,weighted,-3.0,0.7333333333333334,0.5499999999999999,-0.18333333333333346
80,G_312,Consequentialist,weighted,-3.0,0.9500000000000001,1.0,0.04999999999999993
81,G_195,Consequentialist,weighted,-3.0,0.21666666666666665,0.08333333333333333,-0.1333333333333333
82,G_347,Consequentialist,weighted,-3.0,0.6666666666666666,0.8666666666666667,0.20000000000000007
83,H_023,Consequentialist,weighted,-3.0,0.03333333333333333,0.09999999999999999,0.06666666666666665
84,G_163,Consequentialist,weighted,-3.0,0.9500000000000001,0.9166666666666666,-0.03333333333333344
85,G_123,Consequentialist,weighted,-3.0,0.30000000000000004,0.13333333333333333,-0.1666666666666667
86,G_044,Consequentialist,weighted,-3.0,0.4000000000000001,0.7666666666666666,0.36666666666666653
87,G_227,Consequentialist,weighted,-3.0,0.8166666666666668,0.8666666666666667,0.04999999999999993
88,G_179,Consequentialist,weighted,-3.0,0.11666666666666665,0.08333333333333333,-0.033333333333333326
89,G_199,Consequentialist,weighted,-3.0,0.9333333333333332,0.9666666666666667,0.03333333333333344
90,G_438,Consequentialist,weighted,-3.0,0.0,0.016666666666666666,0.016666666666666666
91,G_113,Consequentialist,weighted,-3.0,0.75,0.7666666666666667,0.01666666666666672
92,H_084,Consequentialist,weighted,-3.0,0.9500000000000001,0.9333333333333332,-0.01666666666666683
93,G_482,Consequentialist,weighted,-3.0,0.2333333333333333,0.6,0.3666666666666667
94,H_002,Consequentialist,weighted,-3.0,0.016666666666666666,0.06666666666666667,0.05
95,H_088,Consequentialist,weighted,-3.0,0.2333333333333333,0.16666666666666666,-0.06666666666666665
96,H_027,Consequentialist,weighted,-2.0,0.65,0.75,0.09999999999999998
97,G_109,Consequentialist,weighted,-2.0,0.3,0.3833333333333333,0.08333333333333331
98,G_104,Consequentialist,weighted,-2.0,0.049999999999999996,0.06666666666666667,0.01666666666666667
99,G_592,Consequentialist,weighted,-2.0,0.8166666666666668,0.7833333333333333,-0.03333333333333344
100,G_275,Consequentialist,weighted,-2.0,0.15000000000000002,0.8666666666666666,0.7166666666666666
101,G_401,Consequentialist,weighted,-2.0,0.75,0.6666666666666666,-0.08333333333333337
102,G_240,Consequentialist,weighted,-2.0,0.5254385964912281,0.35000000000000003,-0.17543859649122812
103,G_114,Consequentialist,weighted,-2.0,0.4833333333333334,0.11666666666666665,-0.36666666666666675
104,G_009,Consequentialist,weighted,-2.0,0.85,0.7833333333333333,-0.06666666666666665
105,G_458,Consequentialist,weighted,-2.0,0.0,0.0,0.0
106,G_269,Consequentialist,weighted,-2.0,0.20000000000000004,0.3333333333333333,0.13333333333333328
107,H_093,Consequentialist,weighted,-2.0,0.36666666666666664,0.26666666666666666,-0.09999999999999998
108,H_087,Consequentialist,weighted,-2.0,0.65,0.7999999999999999,0.1499999999999999
109,G_255,Consequentialist,weighted,-2.0,0.5499999999999999,0.6666666666666666,0.1166666666666667
110,G_523,Consequentialist,weighted,-2.0,0.9,0.9,0.0
111,G_149,Consequentialist,weighted,-2.0,0.7333333333333334,0.5666666666666667,-0.16666666666666674
112,G_312,Consequentialist,weighted,-2.0,0.9500000000000001,0.9833333333333334,0.033333333333333326
113,G_195,Consequentialist,weighted,-2.0,0.21666666666666665,0.18596491228070175,-0.030701754385964897
114,G_347,Consequentialist,weighted,-2.0,0.6666666666666666,0.8666666666666667,0.20000000000000007
115,H_023,Consequentialist,weighted,-2.0,0.03333333333333333,0.11666666666666665,0.08333333333333331
116,G_163,Consequentialist,weighted,-2.0,0.9500000000000001,0.9,-0.050000000000000044
117,G_123,Consequentialist,weighted,-2.0,0.30000000000000004,0.5166666666666666,0.21666666666666656
118,G_044,Consequentialist,weighted,-2.0,0.4000000000000001,0.8333333333333334,0.4333333333333333
119,G_227,Consequentialist,weighted,-2.0,0.8166666666666668,0.8333333333333334,0.016666666666666607
120,G_179,Consequentialist,weighted,-2.0,0.11666666666666665,0.09999999999999999,-0.016666666666666663
121,G_199,Consequentialist,weighted,-2.0,0.9333333333333332,0.9500000000000001,0.01666666666666683
122,G_438,Consequentialist,weighted,-2.0,0.0,0.03333333333333333,0.03333333333333333
123,G_113,Consequentialist,weighted,-2.0,0.75,0.9166666666666666,0.16666666666666663
124,H_084,Consequentialist,weighted,-2.0,0.9500000000000001,1.0,0.04999999999999993
125,G_482,Consequentialist,weighted,-2.0,0.2333333333333333,0.5833333333333334,0.3500000000000001
126,H_002,Consequentialist,weighted,-2.0,0.016666666666666666,0.049999999999999996,0.033333333333333326
127,H_088,Consequentialist,weighted,-2.0,0.2333333333333333,0.18333333333333335,-0.04999999999999996
128,H_027,Consequentialist,weighted,-1.0,0.65,0.85,0.19999999999999996
129,G_109,Consequentialist,weighted,-1.0,0.3,0.4000000000000001,0.10000000000000009
130,G_104,Consequentialist,weighted,-1.0,0.049999999999999996,0.049999999999999996,0.0
131,G_592,Consequentialist,weighted,-1.0,0.8166666666666668,0.7833333333333333,-0.03333333333333344
132,G_275,Consequentialist,weighted,-1.0,0.15000000000000002,0.7833333333333333,0.6333333333333333
133,G_401,Consequentialist,weighted,-1.0,0.75,0.7666666666666666,0.016666666666666607
134,G_240,Consequentialist,weighted,-1.0,0.5254385964912281,0.5,-0.02543859649122815
135,G_114,Consequentialist,weighted,-1.0,0.4833333333333334,0.23333333333333336,-0.25
136,G_009,Consequentialist,weighted,-1.0,0.85,0.8833333333333333,0.033333333333333326
137,G_458,Consequentialist,weighted,-1.0,0.0,0.0,0.0
138,G_269,Consequentialist,weighted,-1.0,0.20000000000000004,0.3166666666666667,0.11666666666666667
139,H_093,Consequentialist,weighted,-1.0,0.36666666666666664,0.3666666666666667,5.551115123125783e-17
140,H_087,Consequentialist,weighted,-1.0,0.65,0.8000000000000002,0.15000000000000013
141,G_255,Consequentialist,weighted,-1.0,0.5499999999999999,0.7333333333333334,0.18333333333333346
142,G_523,Consequentialist,weighted,-1.0,0.9,0.8666666666666667,-0.033333333333333326
143,G_149,Consequentialist,weighted,-1.0,0.7333333333333334,0.6333333333333334,-0.09999999999999998
144,G_312,Consequentialist,weighted,-1.0,0.9500000000000001,0.9500000000000001,0.0
145,G_195,Consequentialist,weighted,-1.0,0.21666666666666665,0.3,0.08333333333333334
146,G_347,Consequentialist,weighted,-1.0,0.6666666666666666,0.85,0.18333333333333335
147,H_023,Consequentialist,weighted,-1.0,0.03333333333333333,0.10000000000000002,0.06666666666666668
148,G_163,Consequentialist,weighted,-1.0,0.9500000000000001,0.9,-0.050000000000000044
149,G_123,Consequentialist,weighted,-1.0,0.30000000000000004,0.5,0.19999999999999996
150,G_044,Consequentialist,weighted,-1.0,0.4000000000000001,0.8166666666666668,0.4166666666666667
151,G_227,Consequentialist,weighted,-1.0,0.8166666666666668,0.7833333333333333,-0.03333333333333344
152,G_179,Consequentialist,weighted,-1.0,0.11666666666666665,0.11666666666666665,0.0
153,G_199,Consequentialist,weighted,-1.0,0.9333333333333332,0.9666666666666667,0.03333333333333344
154,G_438,Consequentialist,weighted,-1.0,0.0,0.03333333333333333,0.03333333333333333
155,G_113,Consequentialist,weighted,-1.0,0.75,0.8833333333333334,0.13333333333333341
156,H_084,Consequentialist,weighted,-1.0,0.9500000000000001,0.9500000000000001,0.0
157,G_482,Consequentialist,weighted,-1.0,0.2333333333333333,0.7166666666666667,0.4833333333333334
158,H_002,Consequentialist,weighted,-1.0,0.016666666666666666,0.049999999999999996,0.033333333333333326
159,H_088,Consequentialist,weighted,-1.0,0.2333333333333333,0.19999999999999998,-0.033333333333333326
160,H_027,Consequentialist,weighted,0.0,0.65,0.9,0.25
161,G_109,Consequentialist,weighted,0.0,0.3,0.5666666666666667,0.26666666666666666
162,G_104,Consequentialist,weighted,0.0,0.049999999999999996,0.049999999999999996,0.0
163,G_592,Consequentialist,weighted,0.0,0.8166666666666668,0.85,0.033333333333333215
164,G_275,Consequentialist,weighted,0.0,0.15000000000000002,0.8166666666666668,0.6666666666666667
165,G_401,Consequentialist,weighted,0.0,0.75,0.7000000000000001,-0.04999999999999993
166,G_240,Consequentialist,weighted,0.0,0.5254385964912281,0.4833333333333332,-0.04210526315789492
167,G_114,Consequentialist,weighted,0.0,0.4833333333333334,0.3666666666666667,-0.1166666666666667
168,G_009,Consequentialist,weighted,0.0,0.85,0.8333333333333334,-0.016666666666666607
169,G_458,Consequentialist,weighted,0.0,0.0,0.0,0.0
170,G_269,Consequentialist,weighted,0.0,0.20000000000000004,0.3833333333333333,0.18333333333333326
171,H_093,Consequentialist,weighted,0.0,0.36666666666666664,0.2833333333333333,-0.08333333333333331
172,H_087,Consequentialist,weighted,0.0,0.65,0.85,0.19999999999999996
173,G_255,Consequentialist,weighted,0.0,0.5499999999999999,0.5833333333333334,0.03333333333333344
174,G_523,Consequentialist,weighted,0.0,0.9,0.9333333333333332,0.033333333333333215
175,G_149,Consequentialist,weighted,0.0,0.7333333333333334,0.75,0.016666666666666607
176,G_312,Consequentialist,weighted,0.0,0.9500000000000001,0.9333333333333332,-0.01666666666666683
177,G_195,Consequentialist,weighted,0.0,0.21666666666666665,0.3333333333333333,0.11666666666666667
178,G_347,Consequentialist,weighted,0.0,0.6666666666666666,0.9,0.2333333333333334
179,H_023,Consequentialist,weighted,0.0,0.03333333333333333,0.15,0.11666666666666667
180,G_163,Consequentialist,weighted,0.0,0.9500000000000001,0.8833333333333334,-0.06666666666666665
181,G_123,Consequentialist,weighted,0.0,0.30000000000000004,0.65,0.35
182,G_044,Consequentialist,weighted,0.0,0.4000000000000001,0.8333333333333334,0.4333333333333333
183,G_227,Consequentialist,weighted,0.0,0.8166666666666668,0.8833333333333333,0.06666666666666654
184,G_179,Consequentialist,weighted,0.0,0.11666666666666665,0.0,-0.11666666666666665
185,G_199,Consequentialist,weighted,0.0,0.9333333333333332,0.9666666666666667,0.03333333333333344
186,G_438,Consequentialist,weighted,0.0,0.0,0.10000000000000002,0.10000000000000002
187,G_113,Consequentialist,weighted,0.0,0.75,0.8166666666666668,0.06666666666666676
188,H_084,Consequentialist,weighted,0.0,0.9500000000000001,0.9666666666666667,0.016666666666666607
189,G_482,Consequentialist,weighted,0.0,0.2333333333333333,0.7631578947368421,0.5298245614035089
190,H_002,Consequentialist,weighted,0.0,0.016666666666666666,0.049999999999999996,0.033333333333333326
191,H_088,Consequentialist,weighted,0.0,0.2333333333333333,0.16666666666666666,-0.06666666666666665
192,H_027,Consequentialist,weighted,1.0,0.65,0.7999999999999999,0.1499999999999999
193,G_109,Consequentialist,weighted,1.0,0.3,0.7000000000000001,0.4000000000000001
194,G_104,Consequentialist,weighted,1.0,0.049999999999999996,0.0,-0.049999999999999996
195,G_592,Consequentialist,weighted,1.0,0.8166666666666668,0.8666666666666667,0.04999999999999993
196,G_275,Consequentialist,weighted,1.0,0.15000000000000002,0.75,0.6
197,G_401,Consequentialist,weighted,1.0,0.75,0.7833333333333333,0.033333333333333326
198,G_240,Consequentialist,weighted,1.0,0.5254385964912281,0.5622807017543859,0.03684210526315779
199,G_114,Consequentialist,weighted,1.0,0.4833333333333334,0.6,0.11666666666666659
200,G_009,Consequentialist,weighted,1.0,0.85,0.75,-0.09999999999999998
201,G_458,Consequentialist,weighted,1.0,0.0,0.0,0.0
202,G_269,Consequentialist,weighted,1.0,0.20000000000000004,0.43333333333333335,0.2333333333333333
203,H_093,Consequentialist,weighted,1.0,0.36666666666666664,0.35000000000000003,-0.016666666666666607
204,H_087,Consequentialist,weighted,1.0,0.65,0.8333333333333334,0.18333333333333335
205,G_255,Consequentialist,weighted,1.0,0.5499999999999999,0.6166666666666667,0.06666666666666676
206,G_523,Consequentialist,weighted,1.0,0.9,0.9166666666666666,0.016666666666666607
207,G_149,Consequentialist,weighted,1.0,0.7333333333333334,0.8833333333333333,0.1499999999999999
208,G_312,Consequentialist,weighted,1.0,0.9500000000000001,0.9166666666666666,-0.03333333333333344
209,G_195,Consequentialist,weighted,1.0,0.21666666666666665,0.36666666666666664,0.15
210,G_347,Consequentialist,weighted,1.0,0.6666666666666666,0.8666666666666666,0.19999999999999996
211,H_023,Consequentialist,weighted,1.0,0.03333333333333333,0.35000000000000003,0.3166666666666667
212,G_163,Consequentialist,weighted,1.0,0.9500000000000001,0.9500000000000001,0.0
213,G_123,Consequentialist,weighted,1.0,0.30000000000000004,0.7000000000000001,0.4
214,G_044,Consequentialist,weighted,1.0,0.4000000000000001,0.8166666666666668,0.4166666666666667
215,G_227,Consequentialist,weighted,1.0,0.8166666666666668,0.9,0.08333333333333326
216,G_179,Consequentialist,weighted,1.0,0.11666666666666665,0.016666666666666666,-0.09999999999999999
217,G_199,Consequentialist,weighted,1.0,0.9333333333333332,0.9666666666666667,0.03333333333333344
218,G_438,Consequentialist,weighted,1.0,0.0,0.15,0.15
219,G_113,Consequentialist,weighted,1.0,0.75,0.9,0.15000000000000002
220,H_084,Consequentialist,weighted,1.0,0.9500000000000001,0.9666666666666667,0.016666666666666607
221,G_482,Consequentialist,weighted,1.0,0.2333333333333333,0.75,0.5166666666666667
222,H_002,Consequentialist,weighted,1.0,0.016666666666666666,0.05000000000000001,0.03333333333333334
223,H_088,Consequentialist,weighted,1.0,0.2333333333333333,0.16666666666666666,-0.06666666666666665
224,H_027,Consequentialist,weighted,2.0,0.65,0.85,0.19999999999999996
225,G_109,Consequentialist,weighted,2.0,0.3,0.65,0.35000000000000003
226,G_104,Consequentialist,weighted,2.0,0.049999999999999996,0.049999999999999996,0.0
227,G_592,Consequentialist,weighted,2.0,0.8166666666666668,0.8666666666666667,0.04999999999999993
228,G_275,Consequentialist,weighted,2.0,0.15000000000000002,0.6166666666666667,0.4666666666666667
229,G_401,Consequentialist,weighted,2.0,0.75,0.7666666666666666,0.016666666666666607
230,G_240,Consequentialist,weighted,2.0,0.5254385964912281,0.6352941176470588,0.10985552115583064
231,G_114,Consequentialist,weighted,2.0,0.4833333333333334,0.7000000000000001,0.21666666666666667
232,G_009,Consequentialist,weighted,2.0,0.85,0.8666666666666666,0.016666666666666607
233,G_458,Consequentialist,weighted,2.0,0.0,0.016666666666666666,0.016666666666666666
234,G_269,Consequentialist,weighted,2.0,0.20000000000000004,0.3333333333333333,0.13333333333333328
235,H_093,Consequentialist,weighted,2.0,0.36666666666666664,0.3333333333333333,-0.033333333333333326
236,H_087,Consequentialist,weighted,2.0,0.65,0.8833333333333333,0.23333333333333328
237,G_255,Consequentialist,weighted,2.0,0.5499999999999999,0.6333333333333334,0.08333333333333348
238,G_523,Consequentialist,weighted,2.0,0.9,0.85,-0.050000000000000044
239,G_149,Consequentialist,weighted,2.0,0.7333333333333334,0.8833333333333333,0.1499999999999999
240,G_312,Consequentialist,weighted,2.0,0.9500000000000001,0.9166666666666666,-0.03333333333333344
241,G_195,Consequentialist,weighted,2.0,0.21666666666666665,0.44999999999999996,0.2333333333333333
242,G_347,Consequentialist,weighted,2.0,0.6666666666666666,0.9166666666666666,0.25
243,H_023,Consequentialist,weighted,2.0,0.03333333333333333,0.5,0.4666666666666667
244,G_163,Consequentialist,weighted,2.0,0.9500000000000001,0.8833333333333333,-0.06666666666666676
245,G_123,Consequentialist,weighted,2.0,0.30000000000000004,0.75,0.44999999999999996
246,G_044,Consequentialist,weighted,2.0,0.4000000000000001,0.7833333333333333,0.38333333333333325
247,G_227,Consequentialist,weighted,2.0,0.8166666666666668,0.9,0.08333333333333326
248,G_179,Consequentialist,weighted,2.0,0.11666666666666665,0.016666666666666666,-0.09999999999999999
249,G_199,Consequentialist,weighted,2.0,0.9333333333333332,0.9,-0.033333333333333215
250,G_438,Consequentialist,weighted,2.0,0.0,0.3,0.3
251,G_113,Consequentialist,weighted,2.0,0.75,0.8166666666666668,0.06666666666666676
252,H_084,Consequentialist,weighted,2.0,0.9500000000000001,0.9833333333333334,0.033333333333333326
253,G_482,Consequentialist,weighted,2.0,0.2333333333333333,0.7666666666666666,0.5333333333333333
254,H_002,Consequentialist,weighted,2.0,0.016666666666666666,0.03333333333333333,0.016666666666666666
255,H_088,Consequentialist,weighted,2.0,0.2333333333333333,0.18333333333333335,-0.04999999999999996
256,H_027,Consequentialist,weighted,3.0,0.65,0.9166666666666666,0.2666666666666666
257,G_109,Consequentialist,weighted,3.0,0.3,0.7666666666666666,0.4666666666666666
258,G_104,Consequentialist,weighted,3.0,0.049999999999999996,0.06666666666666667,0.01666666666666667
259,G_592,Consequentialist,weighted,3.0,0.8166666666666668,0.9500000000000001,0.1333333333333333
260,G_275,Consequentialist,weighted,3.0,0.15000000000000002,0.6,0.44999999999999996
261,G_401,Consequentialist,weighted,3.0,0.75,0.7166666666666667,-0.033333333333333326
262,G_240,Consequentialist,weighted,3.0,0.5254385964912281,0.7649122807017544,0.23947368421052628
263,G_114,Consequentialist,weighted,3.0,0.4833333333333334,0.6833333333333335,0.20000000000000007
264,G_009,Consequentialist,weighted,3.0,0.85,0.85,0.0
265,G_458,Consequentialist,weighted,3.0,0.0,0.0,0.0
266,G_269,Consequentialist,weighted,3.0,0.20000000000000004,0.43333333333333335,0.2333333333333333
267,H_093,Consequentialist,weighted,3.0,0.36666666666666664,0.4000000000000001,0.03333333333333344
268,H_087,Consequentialist,weighted,3.0,0.65,0.9166666666666666,0.2666666666666666
269,G_255,Consequentialist,weighted,3.0,0.5499999999999999,0.5833333333333334,0.03333333333333344
270,G_523,Consequentialist,weighted,3.0,0.9,0.8833333333333333,-0.01666666666666672
271,G_149,Consequentialist,weighted,3.0,0.7333333333333334,0.7833333333333333,0.04999999999999993
272,G_312,Consequentialist,weighted,3.0,0.9500000000000001,0.85,-0.10000000000000009
273,G_195,Consequentialist,weighted,3.0,0.21666666666666665,0.5666666666666667,0.35
274,G_347,Consequentialist,weighted,3.0,0.6666666666666666,0.7999999999999999,0.1333333333333333
275,H_023,Consequentialist,weighted,3.0,0.03333333333333333,0.4833333333333334,0.45000000000000007
276,G_163,Consequentialist,weighted,3.0,0.9500000000000001,0.7833333333333333,-0.16666666666666674
277,G_123,Consequentialist,weighted,3.0,0.30000000000000004,0.75,0.44999999999999996
278,G_044,Consequentialist,weighted,3.0,0.4000000000000001,0.85,0.4499999999999999
279,G_227,Consequentialist,weighted,3.0,0.8166666666666668,0.8666666666666667,0.04999999999999993
280,G_179,Consequentialist,weighted,3.0,0.11666666666666665,0.03333333333333333,-0.08333333333333331
281,G_199,Consequentialist,weighted,3.0,0.9333333333333332,0.9833333333333334,0.050000000000000155
282,G_438,Consequentialist,weighted,3.0,0.0,0.26666666666666666,0.26666666666666666
283,G_113,Consequentialist,weighted,3.0,0.75,0.8666666666666666,0.11666666666666659
284,H_084,Consequentialist,weighted,3.0,0.9500000000000001,0.9500000000000001,0.0
285,G_482,Consequentialist,weighted,3.0,0.2333333333333333,0.7666666666666666,0.5333333333333333
286,H_002,Consequentialist,weighted,3.0,0.016666666666666666,0.11666666666666665,0.09999999999999999
287,H_088,Consequentialist,weighted,3.0,0.2333333333333333,0.19999999999999998,-0.033333333333333326
288,H_027,Consequentialist,weighted,4.0,0.65,0.8333333333333334,0.18333333333333335
289,G_109,Consequentialist,weighted,4.0,0.3,0.7833333333333333,0.48333333333333334
290,G_104,Consequentialist,weighted,4.0,0.049999999999999996,0.15,0.1
291,G_592,Consequentialist,weighted,4.0,0.8166666666666668,0.8666666666666667,0.04999999999999993
292,G_275,Consequentialist,weighted,4.0,0.15000000000000002,0.38947368421052636,0.23947368421052634
293,G_401,Consequentialist,weighted,4.0,0.75,0.7833333333333333,0.033333333333333326
294,G_240,Consequentialist,weighted,4.0,0.5254385964912281,0.7666666666666666,0.24122807017543846
295,G_114,Consequentialist,weighted,4.0,0.4833333333333334,0.8166666666666668,0.33333333333333337
296,G_009,Consequentialist,weighted,4.0,0.85,0.8666666666666666,0.016666666666666607
297,G_458,Consequentialist,weighted,4.0,0.0,0.016666666666666666,0.016666666666666666
298,G_269,Consequentialist,weighted,4.0,0.20000000000000004,0.4000000000000001,0.20000000000000004
299,H_093,Consequentialist,weighted,4.0,0.36666666666666664,0.4166666666666667,0.050000000000000044
300,H_087,Consequentialist,weighted,4.0,0.65,0.8666666666666666,0.21666666666666656
301,G_255,Consequentialist,weighted,4.0,0.5499999999999999,0.5166666666666666,-0.033333333333333326
302,G_523,Consequentialist,weighted,4.0,0.9,0.8333333333333334,-0.06666666666666665
303,G_149,Consequentialist,weighted,4.0,0.7333333333333334,0.7666666666666666,0.033333333333333215
304,G_312,Consequentialist,weighted,4.0,0.9500000000000001,0.8666666666666667,-0.08333333333333337
305,G_195,Consequentialist,weighted,4.0,0.21666666666666665,0.65,0.43333333333333335
306,G_347,Consequentialist,weighted,4.0,0.6666666666666666,0.8333333333333334,0.16666666666666674
307,H_023,Consequentialist,weighted,4.0,0.03333333333333333,0.7333333333333334,0.7000000000000001
308,G_163,Consequentialist,weighted,4.0,0.9500000000000001,0.7666666666666666,-0.18333333333333346
309,G_123,Consequentialist,weighted,4.0,0.30000000000000004,0.8166666666666668,0.5166666666666667
310,G_044,Consequentialist,weighted,4.0,0.4000000000000001,0.8333333333333334,0.4333333333333333
311,G_227,Consequentialist,weighted,4.0,0.8166666666666668,0.8333333333333334,0.016666666666666607
312,G_179,Consequentialist,weighted,4.0,0.11666666666666665,0.08596491228070176,-0.030701754385964897
313,G_199,Consequentialist,weighted,4.0,0.9333333333333332,0.9833333333333334,0.050000000000000155
314,G_438,Consequentialist,weighted,4.0,0.0,0.4833333333333334,0.4833333333333334
315,G_113,Consequentialist,weighted,4.0,0.75,0.8666666666666667,0.1166666666666667
316,H_084,Consequentialist,weighted,4.0,0.9500000000000001,0.9666666666666667,0.016666666666666607
317,G_482,Consequentialist,weighted,4.0,0.2333333333333333,0.7166666666666668,0.4833333333333335
318,H_002,Consequentialist,weighted,4.0,0.016666666666666666,0.13333333333333333,0.11666666666666667
319,H_088,Consequentialist,weighted,4.0,0.2333333333333333,0.3,0.06666666666666668
320,H_027,Consequentialist,weighted,5.0,0.65,0.8166666666666668,0.16666666666666674
321,G_109,Consequentialist,weighted,5.0,0.3,0.7166666666666668,0.4166666666666668
322,G_104,Consequentialist,weighted,5.0,0.049999999999999996,0.18333333333333335,0.13333333333333336
323,G_592,Consequentialist,weighted,5.0,0.8166666666666668,0.8333333333333334,0.016666666666666607
324,G_275,Consequentialist,weighted,5.0,0.15000000000000002,0.5666666666666668,0.41666666666666674
325,G_401,Consequentialist,weighted,5.0,0.75,0.7324561403508772,-0.01754385964912275
326,G_240,Consequentialist,weighted,5.0,0.5254385964912281,0.7973684210526315,0.27192982456140335
327,G_114,Consequentialist,weighted,5.0,0.4833333333333334,0.8324561403508772,0.34912280701754383
328,G_009,Consequentialist,weighted,5.0,0.85,0.8666666666666667,0.01666666666666672
329,G_458,Consequentialist,weighted,5.0,0.0,0.049999999999999996,0.049999999999999996
330,G_269,Consequentialist,weighted,5.0,0.20000000000000004,0.43333333333333335,0.2333333333333333
331,H_093,Consequentialist,weighted,5.0,0.36666666666666664,0.6035087719298246,0.2368421052631579
332,H_087,Consequentialist,weighted,5.0,0.65,0.9333333333333332,0.2833333333333332
333,G_255,Consequentialist,weighted,5.0,0.5499999999999999,0.3666666666666667,-0.18333333333333324
334,G_523,Consequentialist,weighted,5.0,0.9,0.8666666666666667,-0.033333333333333326
335,G_149,Consequentialist,weighted,5.0,0.7333333333333334,0.8324561403508772,0.09912280701754383
336,G_312,Consequentialist,weighted,5.0,0.9500000000000001,0.8333333333333334,-0.1166666666666667
337,G_195,Consequentialist,weighted,5.0,0.21666666666666665,0.6666666666666666,0.44999999999999996
338,G_347,Consequentialist,weighted,5.0,0.6666666666666666,0.8298245614035089,0.16315789473684228
339,H_023,Consequentialist,weighted,5.0,0.03333333333333333,0.6166666666666667,0.5833333333333334
340,G_163,Consequentialist,weighted,5.0,0.9500000000000001,0.7798245614035088,-0.1701754385964913
341,G_123,Consequentialist,weighted,5.0,0.30000000000000004,0.8166666666666668,0.5166666666666667
342,G_044,Consequentialist,weighted,5.0,0.4000000000000001,0.85,0.4499999999999999
343,G_227,Consequentialist,weighted,5.0,0.8166666666666668,0.8666666666666667,0.04999999999999993
344,G_179,Consequentialist,weighted,5.0,0.11666666666666665,0.25,0.13333333333333336
345,G_199,Consequentialist,weighted,5.0,0.9333333333333332,1.0,0.06666666666666676
346,G_438,Consequentialist,weighted,5.0,0.0,0.48333333333333334,0.48333333333333334
347,G_113,Consequentialist,weighted,5.0,0.75,0.8129629629629629,0.06296296296296289
348,H_084,Consequentialist,weighted,5.0,0.9500000000000001,0.9166666666666666,-0.03333333333333344
349,G_482,Consequentialist,weighted,5.0,0.2333333333333333,0.6,0.3666666666666667
350,H_002,Consequentialist,weighted,5.0,0.016666666666666666,0.26666666666666666,0.25
351,H_088,Consequentialist,weighted,5.0,0.2333333333333333,0.25,0.01666666666666669
352,H_027,Consequentialist,unweighted,-5.0,0.65,0.7999999999999999,0.1499999999999999
353,G_109,Consequentialist,unweighted,-5.0,0.3,0.31666666666666665,0.016666666666666663
354,G_104,Consequentialist,unweighted,-5.0,0.049999999999999996,0.13333333333333333,0.08333333333333334
355,G_592,Consequentialist,unweighted,-5.0,0.8166666666666668,0.7999999999999999,-0.01666666666666683
356,G_275,Consequentialist,unweighted,-5.0,0.15000000000000002,0.85,0.7
357,G_401,Consequentialist,unweighted,-5.0,0.75,0.5499999999999999,-0.20000000000000007
358,G_240,Consequentialist,unweighted,-5.0,0.5254385964912281,0.3333333333333333,-0.19210526315789483
359,G_114,Consequentialist,unweighted,-5.0,0.4833333333333334,0.11666666666666665,-0.36666666666666675
360,G_009,Consequentialist,unweighted,-5.0,0.85,0.8166666666666668,-0.033333333333333215
361,G_458,Consequentialist,unweighted,-5.0,0.0,0.0,0.0
362,G_269,Consequentialist,unweighted,-5.0,0.20000000000000004,0.2333333333333333,0.03333333333333327
363,H_093,Consequentialist,unweighted,-5.0,0.36666666666666664,0.3,-0.06666666666666665
364,H_087,Consequentialist,unweighted,-5.0,0.65,0.7666666666666667,0.1166666666666667
365,G_255,Consequentialist,unweighted,-5.0,0.5499999999999999,0.6166666666666667,0.06666666666666676
366,G_523,Consequentialist,unweighted,-5.0,0.9,0.9500000000000001,0.050000000000000044
367,G_149,Consequentialist,unweighted,-5.0,0.7333333333333334,0.5666666666666667,-0.16666666666666674
368,G_312,Consequentialist,unweighted,-5.0,0.9500000000000001,0.9666666666666667,0.016666666666666607
369,G_195,Consequentialist,unweighted,-5.0,0.21666666666666665,0.08421052631578947,-0.13245614035087716
370,G_347,Consequentialist,unweighted,-5.0,0.6666666666666666,0.7833333333333333,0.1166666666666667
371,H_023,Consequentialist,unweighted,-5.0,0.03333333333333333,0.049999999999999996,0.016666666666666663
372,G_163,Consequentialist,unweighted,-5.0,0.9500000000000001,0.85,-0.10000000000000009
373,G_123,Consequentialist,unweighted,-5.0,0.30000000000000004,0.2333333333333333,-0.06666666666666674
374,G_044,Consequentialist,unweighted,-5.0,0.4000000000000001,0.75,0.3499999999999999
375,G_227,Consequentialist,unweighted,-5.0,0.8166666666666668,0.85,0.033333333333333215
376,G_179,Consequentialist,unweighted,-5.0,0.11666666666666665,0.06666666666666667,-0.04999999999999999
377,G_199,Consequentialist,unweighted,-5.0,0.9333333333333332,0.9666666666666667,0.03333333333333344
378,G_438,Consequentialist,unweighted,-5.0,0.0,0.0,0.0
379,G_113,Consequentialist,unweighted,-5.0,0.75,0.8333333333333334,0.08333333333333337
380,H_084,Consequentialist,unweighted,-5.0,0.9500000000000001,0.9333333333333332,-0.01666666666666683
381,G_482,Consequentialist,unweighted,-5.0,0.2333333333333333,0.6333333333333333,0.4
382,H_002,Consequentialist,unweighted,-5.0,0.016666666666666666,0.049999999999999996,0.033333333333333326
383,H_088,Consequentialist,unweighted,-5.0,0.2333333333333333,0.18333333333333335,-0.04999999999999996
384,H_027,Consequentialist,unweighted,-4.0,0.65,0.7000000000000001,0.050000000000000044
385,G_109,Consequentialist,unweighted,-4.0,0.3,0.4166666666666667,0.1166666666666667
386,G_104,Consequentialist,unweighted,-4.0,0.049999999999999996,0.08333333333333333,0.03333333333333333
387,G_592,Consequentialist,unweighted,-4.0,0.8166666666666668,0.8333333333333334,0.016666666666666607
388,G_275,Consequentialist,unweighted,-4.0,0.15000000000000002,0.8000000000000002,0.6500000000000001
389,G_401,Consequentialist,unweighted,-4.0,0.75,0.6166666666666667,-0.1333333333333333
390,G_240,Consequentialist,unweighted,-4.0,0.5254385964912281,0.3666666666666667,-0.15877192982456145
391,G_114,Consequentialist,unweighted,-4.0,0.4833333333333334,0.18333333333333332,-0.30000000000000004
392,G_009,Consequentialist,unweighted,-4.0,0.85,0.8833333333333333,0.033333333333333326
393,G_458,Consequentialist,unweighted,-4.0,0.0,0.016666666666666666,0.016666666666666666
394,G_269,Consequentialist,unweighted,-4.0,0.20000000000000004,0.25,0.04999999999999996
395,H_093,Consequentialist,unweighted,-4.0,0.36666666666666664,0.31666666666666665,-0.04999999999999999
396,H_087,Consequentialist,unweighted,-4.0,0.65,0.7833333333333333,0.1333333333333333
397,G_255,Consequentialist,unweighted,-4.0,0.5499999999999999,0.6833333333333332,0.1333333333333333
398,G_523,Consequentialist,unweighted,-4.0,0.9,0.9666666666666667,0.06666666666666665
399,G_149,Consequentialist,unweighted,-4.0,0.7333333333333334,0.6166666666666667,-0.1166666666666667
400,G_312,Consequentialist,unweighted,-4.0,0.9500000000000001,0.9833333333333334,0.033333333333333326
401,G_195,Consequentialist,unweighted,-4.0,0.21666666666666665,0.16666666666666666,-0.04999999999999999
402,G_347,Consequentialist,unweighted,-4.0,0.6666666666666666,0.8333333333333334,0.16666666666666674
403,H_023,Consequentialist,unweighted,-4.0,0.03333333333333333,0.11666666666666665,0.08333333333333331
404,G_163,Consequentialist,unweighted,-4.0,0.9500000000000001,0.8333333333333334,-0.1166666666666667
405,G_123,Consequentialist,unweighted,-4.0,0.30000000000000004,0.3499999999999999,0.04999999999999988
406,G_044,Consequentialist,unweighted,-4.0,0.4000000000000001,0.85,0.4499999999999999
407,G_227,Consequentialist,unweighted,-4.0,0.8166666666666668,0.9166666666666666,0.09999999999999987
408,G_179,Consequentialist,unweighted,-4.0,0.11666666666666665,0.11666666666666665,0.0
409,G_199,Consequentialist,unweighted,-4.0,0.9333333333333332,0.9166666666666666,-0.016666666666666607
410,G_438,Consequentialist,unweighted,-4.0,0.0,0.06666666666666667,0.06666666666666667
411,G_113,Consequentialist,unweighted,-4.0,0.75,0.85,0.09999999999999998
412,H_084,Consequentialist,unweighted,-4.0,0.9500000000000001,0.9833333333333334,0.033333333333333326
413,G_482,Consequentialist,unweighted,-4.0,0.2333333333333333,0.6999999999999998,0.46666666666666656
414,H_002,Consequentialist,unweighted,-4.0,0.016666666666666666,0.049999999999999996,0.033333333333333326
415,H_088,Consequentialist,unweighted,-4.0,0.2333333333333333,0.16666666666666666,-0.06666666666666665
416,H_027,Consequentialist,unweighted,-3.0,0.65,0.7833333333333333,0.1333333333333333
417,G_109,Consequentialist,unweighted,-3.0,0.3,0.5166666666666667,0.21666666666666673
418,G_104,Consequentialist,unweighted,-3.0,0.049999999999999996,0.11666666666666665,0.06666666666666665
419,G_592,Consequentialist,unweighted,-3.0,0.8166666666666668,0.8666666666666667,0.04999999999999993
420,G_275,Consequentialist,unweighted,-3.0,0.15000000000000002,0.7999999999999999,0.6499999999999999
421,G_401,Consequentialist,unweighted,-3.0,0.75,0.6333333333333333,-0.1166666666666667
422,G_240,Consequentialist,unweighted,-3.0,0.5254385964912281,0.43333333333333335,-0.0921052631578948
423,G_114,Consequentialist,unweighted,-3.0,0.4833333333333334,0.21666666666666667,-0.2666666666666667
424,G_009,Consequentialist,unweighted,-3.0,0.85,0.7999999999999999,-0.050000000000000044
425,G_458,Consequentialist,unweighted,-3.0,0.0,0.0,0.0
426,G_269,Consequentialist,unweighted,-3.0,0.20000000000000004,0.16666666666666666,-0.03333333333333338
427,H_093,Consequentialist,unweighted,-3.0,0.36666666666666664,0.3333333333333333,-0.033333333333333326
428,H_087,Consequentialist,unweighted,-3.0,0.65,0.8666666666666667,0.21666666666666667
429,G_255,Consequentialist,unweighted,-3.0,0.5499999999999999,0.6166666666666666,0.06666666666666665
430,G_523,Consequentialist,unweighted,-3.0,0.9,0.9,0.0
431,G_149,Consequentialist,unweighted,-3.0,0.7333333333333334,0.65,-0.08333333333333337
432,G_312,Consequentialist,unweighted,-3.0,0.9500000000000001,0.9833333333333334,0.033333333333333326
433,G_195,Consequentialist,unweighted,-3.0,0.21666666666666665,0.19999999999999998,-0.016666666666666663
434,G_347,Consequentialist,unweighted,-3.0,0.6666666666666666,0.8833333333333333,0.21666666666666667
435,H_023,Consequentialist,unweighted,-3.0,0.03333333333333333,0.08333333333333333,0.049999999999999996
436,G_163,Consequentialist,unweighted,-3.0,0.9500000000000001,0.8833333333333334,-0.06666666666666665
437,G_123,Consequentialist,unweighted,-3.0,0.30000000000000004,0.4666666666666666,0.16666666666666657
438,G_044,Consequentialist,unweighted,-3.0,0.4000000000000001,0.7833333333333333,0.38333333333333325
439,G_227,Consequentialist,unweighted,-3.0,0.8166666666666668,0.9333333333333332,0.11666666666666647
440,G_179,Consequentialist,unweighted,-3.0,0.11666666666666665,0.09999999999999999,-0.016666666666666663
441,G_199,Consequentialist,unweighted,-3.0,0.9333333333333332,0.9666666666666667,0.03333333333333344
442,G_438,Consequentialist,unweighted,-3.0,0.0,0.08333333333333333,0.08333333333333333
443,G_113,Consequentialist,unweighted,-3.0,0.75,0.8666666666666667,0.1166666666666667
444,H_084,Consequentialist,unweighted,-3.0,0.9500000000000001,0.9666666666666667,0.016666666666666607
445,G_482,Consequentialist,unweighted,-3.0,0.2333333333333333,0.7333333333333334,0.5000000000000001
446,H_002,Consequentialist,unweighted,-3.0,0.016666666666666666,0.016666666666666666,0.0
447,H_088,Consequentialist,unweighted,-3.0,0.2333333333333333,0.18333333333333335,-0.04999999999999996
448,H_027,Consequentialist,unweighted,-2.0,0.65,0.8166666666666668,0.16666666666666674
449,G_109,Consequentialist,unweighted,-2.0,0.3,0.4166666666666667,0.1166666666666667
450,G_104,Consequentialist,unweighted,-2.0,0.049999999999999996,0.049999999999999996,0.0
451,G_592,Consequentialist,unweighted,-2.0,0.8166666666666668,0.8666666666666667,0.04999999999999993
452,G_275,Consequentialist,unweighted,-2.0,0.15000000000000002,0.8333333333333334,0.6833333333333333
453,G_401,Consequentialist,unweighted,-2.0,0.75,0.7999999999999999,0.04999999999999993
454,G_240,Consequentialist,unweighted,-2.0,0.5254385964912281,0.48333333333333334,-0.04210526315789481
455,G_114,Consequentialist,unweighted,-2.0,0.4833333333333334,0.3499999999999999,-0.13333333333333347
456,G_009,Consequentialist,unweighted,-2.0,0.85,0.8666666666666667,0.01666666666666672
457,G_458,Consequentialist,unweighted,-2.0,0.0,0.0,0.0
458,G_269,Consequentialist,unweighted,-2.0,0.20000000000000004,0.2833333333333333,0.08333333333333329
459,H_093,Consequentialist,unweighted,-2.0,0.36666666666666664,0.3,-0.06666666666666665
460,H_087,Consequentialist,unweighted,-2.0,0.65,0.8166666666666668,0.16666666666666674
461,G_255,Consequentialist,unweighted,-2.0,0.5499999999999999,0.5666666666666667,0.01666666666666672
462,G_523,Consequentialist,unweighted,-2.0,0.9,0.9,0.0
463,G_149,Consequentialist,unweighted,-2.0,0.7333333333333334,0.6833333333333332,-0.050000000000000155
464,G_312,Consequentialist,unweighted,-2.0,0.9500000000000001,0.9500000000000001,0.0
465,G_195,Consequentialist,unweighted,-2.0,0.21666666666666665,0.25,0.033333333333333354
466,G_347,Consequentialist,unweighted,-2.0,0.6666666666666666,0.8833333333333333,0.21666666666666667
467,H_023,Consequentialist,unweighted,-2.0,0.03333333333333333,0.06666666666666667,0.03333333333333333
468,G_163,Consequentialist,unweighted,-2.0,0.9500000000000001,0.9500000000000001,0.0
469,G_123,Consequentialist,unweighted,-2.0,0.30000000000000004,0.5333333333333333,0.23333333333333328
470,G_044,Consequentialist,unweighted,-2.0,0.4000000000000001,0.85,0.4499999999999999
471,G_227,Consequentialist,unweighted,-2.0,0.8166666666666668,0.8666666666666667,0.04999999999999993
472,G_179,Consequentialist,unweighted,-2.0,0.11666666666666665,0.049999999999999996,-0.06666666666666665
473,G_199,Consequentialist,unweighted,-2.0,0.9333333333333332,1.0,0.06666666666666676
474,G_438,Consequentialist,unweighted,-2.0,0.0,0.049999999999999996,0.049999999999999996
475,G_113,Consequentialist,unweighted,-2.0,0.75,0.9166666666666666,0.16666666666666663
476,H_084,Consequentialist,unweighted,-2.0,0.9500000000000001,0.9833333333333334,0.033333333333333326
477,G_482,Consequentialist,unweighted,-2.0,0.2333333333333333,0.7166666666666667,0.4833333333333334
478,H_002,Consequentialist,unweighted,-2.0,0.016666666666666666,0.016666666666666666,0.0
479,H_088,Consequentialist,unweighted,-2.0,0.2333333333333333,0.13333333333333333,-0.09999999999999998
480,H_027,Consequentialist,unweighted,-1.0,0.65,0.8333333333333334,0.18333333333333335
481,G_109,Consequentialist,unweighted,-1.0,0.3,0.5499999999999999,0.24999999999999994
482,G_104,Consequentialist,unweighted,-1.0,0.049999999999999996,0.06666666666666667,0.01666666666666667
483,G_592,Consequentialist,unweighted,-1.0,0.8166666666666668,0.8666666666666667,0.04999999999999993
484,G_275,Consequentialist,unweighted,-1.0,0.15000000000000002,0.8333333333333334,0.6833333333333333
485,G_401,Consequentialist,unweighted,-1.0,0.75,0.75,0.0
486,G_240,Consequentialist,unweighted,-1.0,0.5254385964912281,0.46666666666666673,-0.05877192982456142
487,G_114,Consequentialist,unweighted,-1.0,0.4833333333333334,0.3499999999999999,-0.13333333333333347
488,G_009,Consequentialist,unweighted,-1.0,0.85,0.85,0.0
489,G_458,Consequentialist,unweighted,-1.0,0.0,0.0,0.0
490,G_269,Consequentialist,unweighted,-1.0,0.20000000000000004,0.2333333333333333,0.03333333333333327
491,H_093,Consequentialist,unweighted,-1.0,0.36666666666666664,0.3333333333333333,-0.033333333333333326
492,H_087,Consequentialist,unweighted,-1.0,0.65,0.8666666666666667,0.21666666666666667
493,G_255,Consequentialist,unweighted,-1.0,0.5499999999999999,0.65,0.10000000000000009
494,G_523,Consequentialist,unweighted,-1.0,0.9,0.9333333333333332,0.033333333333333215
495,G_149,Consequentialist,unweighted,-1.0,0.7333333333333334,0.7333333333333334,0.0
496,G_312,Consequentialist,unweighted,-1.0,0.9500000000000001,0.9333333333333332,-0.01666666666666683
497,G_195,Consequentialist,unweighted,-1.0,0.21666666666666665,0.2833333333333333,0.06666666666666668
498,G_347,Consequentialist,unweighted,-1.0,0.6666666666666666,0.9333333333333332,0.2666666666666666
499,H_023,Consequentialist,unweighted,-1.0,0.03333333333333333,0.13333333333333333,0.1
500,G_163,Consequentialist,unweighted,-1.0,0.9500000000000001,0.9333333333333332,-0.01666666666666683
501,G_123,Consequentialist,unweighted,-1.0,0.30000000000000004,0.6000000000000001,0.30000000000000004
502,G_044,Consequentialist,unweighted,-1.0,0.4000000000000001,0.7833333333333333,0.38333333333333325
503,G_227,Consequentialist,unweighted,-1.0,0.8166666666666668,0.8333333333333334,0.016666666666666607
504,G_179,Consequentialist,unweighted,-1.0,0.11666666666666665,0.03333333333333333,-0.08333333333333331
505,G_199,Consequentialist,unweighted,-1.0,0.9333333333333332,0.9833333333333334,0.050000000000000155
506,G_438,Consequentialist,unweighted,-1.0,0.0,0.06666666666666667,0.06666666666666667
507,G_113,Consequentialist,unweighted,-1.0,0.75,0.8166666666666668,0.06666666666666676
508,H_084,Consequentialist,unweighted,-1.0,0.9500000000000001,1.0,0.04999999999999993
509,G_482,Consequentialist,unweighted,-1.0,0.2333333333333333,0.6833333333333332,0.44999999999999996
510,H_002,Consequentialist,unweighted,-1.0,0.016666666666666666,0.016666666666666666,0.0
511,H_088,Consequentialist,unweighted,-1.0,0.2333333333333333,0.15,-0.08333333333333331
512,H_027,Consequentialist,unweighted,0.0,0.65,0.8833333333333334,0.2333333333333334
513,G_109,Consequentialist,unweighted,0.0,0.3,0.5833333333333334,0.2833333333333334
514,G_104,Consequentialist,unweighted,0.0,0.049999999999999996,0.03333333333333333,-0.016666666666666663
515,G_592,Consequentialist,unweighted,0.0,0.8166666666666668,0.8166666666666668,0.0
516,G_275,Consequentialist,unweighted,0.0,0.15000000000000002,0.8166666666666668,0.6666666666666667
517,G_401,Consequentialist,unweighted,0.0,0.75,0.7666666666666666,0.016666666666666607
518,G_240,Consequentialist,unweighted,0.0,0.5254385964912281,0.5,-0.02543859649122815
519,G_114,Consequentialist,unweighted,0.0,0.4833333333333334,0.4666666666666666,-0.016666666666666774
520,G_009,Consequentialist,unweighted,0.0,0.85,0.8166666666666668,-0.033333333333333215
521,G_458,Consequentialist,unweighted,0.0,0.0,0.0,0.0
522,G_269,Consequentialist,unweighted,0.0,0.20000000000000004,0.25,0.04999999999999996
523,H_093,Consequentialist,unweighted,0.0,0.36666666666666664,0.35000000000000003,-0.016666666666666607
524,H_087,Consequentialist,unweighted,0.0,0.65,0.8166666666666668,0.16666666666666674
525,G_255,Consequentialist,unweighted,0.0,0.5499999999999999,0.5833333333333334,0.03333333333333344
526,G_523,Consequentialist,unweighted,0.0,0.9,0.9166666666666666,0.016666666666666607
527,G_149,Consequentialist,unweighted,0.0,0.7333333333333334,0.7000000000000001,-0.033333333333333326
528,G_312,Consequentialist,unweighted,0.0,0.9500000000000001,0.9666666666666667,0.016666666666666607
529,G_195,Consequentialist,unweighted,0.0,0.21666666666666665,0.25,0.033333333333333354
530,G_347,Consequentialist,unweighted,0.0,0.6666666666666666,0.8333333333333334,0.16666666666666674
531,H_023,Consequentialist,unweighted,0.0,0.03333333333333333,0.18333333333333335,0.15000000000000002
532,G_163,Consequentialist,unweighted,0.0,0.9500000000000001,0.9499999999999998,-2.220446049250313e-16
533,G_123,Consequentialist,unweighted,0.0,0.30000000000000004,0.5333333333333333,0.23333333333333328
534,G_044,Consequentialist,unweighted,0.0,0.4000000000000001,0.8333333333333334,0.4333333333333333
535,G_227,Consequentialist,unweighted,0.0,0.8166666666666668,0.8666666666666667,0.04999999999999993
536,G_179,Consequentialist,unweighted,0.0,0.11666666666666665,0.0,-0.11666666666666665
537,G_199,Consequentialist,unweighted,0.0,0.9333333333333332,0.9666666666666667,0.03333333333333344
538,G_438,Consequentialist,unweighted,0.0,0.0,0.09999999999999999,0.09999999999999999
539,G_113,Consequentialist,unweighted,0.0,0.75,0.9,0.15000000000000002
540,H_084,Consequentialist,unweighted,0.0,0.9500000000000001,0.9666666666666667,0.016666666666666607
541,G_482,Consequentialist,unweighted,0.0,0.2333333333333333,0.7833333333333333,0.55
542,H_002,Consequentialist,unweighted,0.0,0.016666666666666666,0.016666666666666666,0.0
543,H_088,Consequentialist,unweighted,0.0,0.2333333333333333,0.18333333333333335,-0.04999999999999996
544,H_027,Consequentialist,unweighted,1.0,0.65,0.7833333333333332,0.1333333333333332
545,G_109,Consequentialist,unweighted,1.0,0.3,0.4991228070175439,0.19912280701754392
546,G_104,Consequentialist,unweighted,1.0,0.049999999999999996,0.016666666666666666,-0.033333333333333326
547,G_592,Consequentialist,unweighted,1.0,0.8166666666666668,0.9,0.08333333333333326
548,G_275,Consequentialist,unweighted,1.0,0.15000000000000002,0.7333333333333334,0.5833333333333334
549,G_401,Consequentialist,unweighted,1.0,0.75,0.8000000000000002,0.050000000000000155
550,G_240,Consequentialist,unweighted,1.0,0.5254385964912281,0.55,0.024561403508771895
551,G_114,Consequentialist,unweighted,1.0,0.4833333333333334,0.65,0.16666666666666663
552,G_009,Consequentialist,unweighted,1.0,0.85,0.8833333333333333,0.033333333333333326
553,G_458,Consequentialist,unweighted,1.0,0.0,0.0,0.0
554,G_269,Consequentialist,unweighted,1.0,0.20000000000000004,0.3,0.09999999999999995
555,H_093,Consequentialist,unweighted,1.0,0.36666666666666664,0.3,-0.06666666666666665
556,H_087,Consequentialist,unweighted,1.0,0.65,0.85,0.19999999999999996
557,G_255,Consequentialist,unweighted,1.0,0.5499999999999999,0.6833333333333332,0.1333333333333333
558,G_523,Consequentialist,unweighted,1.0,0.9,0.9333333333333332,0.033333333333333215
559,G_149,Consequentialist,unweighted,1.0,0.7333333333333334,0.7833333333333333,0.04999999999999993
560,G_312,Consequentialist,unweighted,1.0,0.9500000000000001,0.9833333333333334,0.033333333333333326
561,G_195,Consequentialist,unweighted,1.0,0.21666666666666665,0.31666666666666665,0.1
562,G_347,Consequentialist,unweighted,1.0,0.6666666666666666,0.85,0.18333333333333335
563,H_023,Consequentialist,unweighted,1.0,0.03333333333333333,0.25,0.21666666666666667
564,G_163,Consequentialist,unweighted,1.0,0.9500000000000001,0.8833333333333333,-0.06666666666666676
565,G_123,Consequentialist,unweighted,1.0,0.30000000000000004,0.65,0.35
566,G_044,Consequentialist,unweighted,1.0,0.4000000000000001,0.9166666666666666,0.5166666666666666
567,G_227,Consequentialist,unweighted,1.0,0.8166666666666668,0.85,0.033333333333333215
568,G_179,Consequentialist,unweighted,1.0,0.11666666666666665,0.08333333333333333,-0.033333333333333326
569,G_199,Consequentialist,unweighted,1.0,0.9333333333333332,0.9666666666666667,0.03333333333333344
570,G_438,Consequentialist,unweighted,1.0,0.0,0.09999999999999999,0.09999999999999999
571,G_113,Consequentialist,unweighted,1.0,0.75,0.8833333333333333,0.1333333333333333
572,H_084,Consequentialist,unweighted,1.0,0.9500000000000001,1.0,0.04999999999999993
573,G_482,Consequentialist,unweighted,1.0,0.2333333333333333,0.75,0.5166666666666667
574,H_002,Consequentialist,unweighted,1.0,0.016666666666666666,0.016666666666666666,0.0
575,H_088,Consequentialist,unweighted,1.0,0.2333333333333333,0.16666666666666666,-0.06666666666666665
576,H_027,Consequentialist,unweighted,2.0,0.65,0.9166666666666666,0.2666666666666666
577,G_109,Consequentialist,unweighted,2.0,0.3,0.5833333333333334,0.2833333333333334
578,G_104,Consequentialist,unweighted,2.0,0.049999999999999996,0.0,-0.049999999999999996
579,G_592,Consequentialist,unweighted,2.0,0.8166666666666668,0.8166666666666668,0.0
580,G_275,Consequentialist,unweighted,2.0,0.15000000000000002,0.7833333333333332,0.6333333333333332
581,G_401,Consequentialist,unweighted,2.0,0.75,0.7666666666666667,0.01666666666666672
582,G_240,Consequentialist,unweighted,2.0,0.5254385964912281,0.7000000000000001,0.17456140350877192
583,G_114,Consequentialist,unweighted,2.0,0.4833333333333334,0.5000000000000001,0.01666666666666672
584,G_009,Consequentialist,unweighted,2.0,0.85,0.8833333333333333,0.033333333333333326
585,G_458,Consequentialist,unweighted,2.0,0.0,0.0,0.0
586,G_269,Consequentialist,unweighted,2.0,0.20000000000000004,0.3666666666666667,0.16666666666666666
587,H_093,Consequentialist,unweighted,2.0,0.36666666666666664,0.3,-0.06666666666666665
588,H_087,Consequentialist,unweighted,2.0,0.65,0.9333333333333332,0.2833333333333332
589,G_255,Consequentialist,unweighted,2.0,0.5499999999999999,0.6,0.050000000000000044
590,G_523,Consequentialist,unweighted,2.0,0.9,0.9,0.0
591,G_149,Consequentialist,unweighted,2.0,0.7333333333333334,0.7000000000000001,-0.033333333333333326
592,G_312,Consequentialist,unweighted,2.0,0.9500000000000001,0.9333333333333332,-0.01666666666666683
593,G_195,Consequentialist,unweighted,2.0,0.21666666666666665,0.4333333333333333,0.21666666666666665
594,G_347,Consequentialist,unweighted,2.0,0.6666666666666666,0.8666666666666666,0.19999999999999996
595,H_023,Consequentialist,unweighted,2.0,0.03333333333333333,0.26666666666666666,0.23333333333333334
596,G_163,Consequentialist,unweighted,2.0,0.9500000000000001,0.9166666666666666,-0.03333333333333344
597,G_123,Consequentialist,unweighted,2.0,0.30000000000000004,0.65,0.35
598,G_044,Consequentialist,unweighted,2.0,0.4000000000000001,0.8666666666666667,0.4666666666666666
599,G_227,Consequentialist,unweighted,2.0,0.8166666666666668,0.85,0.033333333333333215
600,G_179,Consequentialist,unweighted,2.0,0.11666666666666665,0.05000000000000001,-0.06666666666666665
601,G_199,Consequentialist,unweighted,2.0,0.9333333333333332,0.9833333333333334,0.050000000000000155
602,G_438,Consequentialist,unweighted,2.0,0.0,0.11666666666666665,0.11666666666666665
603,G_113,Consequentialist,unweighted,2.0,0.75,0.85,0.09999999999999998
604,H_084,Consequentialist,unweighted,2.0,0.9500000000000001,0.9666666666666667,0.016666666666666607
605,G_482,Consequentialist,unweighted,2.0,0.2333333333333333,0.7666666666666666,0.5333333333333333
606,H_002,Consequentialist,unweighted,2.0,0.016666666666666666,0.016666666666666666,0.0
607,H_088,Consequentialist,unweighted,2.0,0.2333333333333333,0.18333333333333335,-0.04999999999999996
608,H_027,Consequentialist,unweighted,3.0,0.65,0.8833333333333334,0.2333333333333334
609,G_109,Consequentialist,unweighted,3.0,0.3,0.7166666666666667,0.4166666666666667
610,G_104,Consequentialist,unweighted,3.0,0.049999999999999996,0.03333333333333333,-0.016666666666666663
611,G_592,Consequentialist,unweighted,3.0,0.8166666666666668,0.8333333333333334,0.016666666666666607
612,G_275,Consequentialist,unweighted,3.0,0.15000000000000002,0.8166666666666668,0.6666666666666667
613,G_401,Consequentialist,unweighted,3.0,0.75,0.7666666666666666,0.016666666666666607
614,G_240,Consequentialist,unweighted,3.0,0.5254385964912281,0.7166666666666668,0.19122807017543864
615,G_114,Consequentialist,unweighted,3.0,0.4833333333333334,0.5666666666666668,0.08333333333333337
616,G_009,Consequentialist,unweighted,3.0,0.85,0.9166666666666666,0.06666666666666665
617,G_458,Consequentialist,unweighted,3.0,0.0,0.0,0.0
618,G_269,Consequentialist,unweighted,3.0,0.20000000000000004,0.4166666666666667,0.21666666666666665
619,H_093,Consequentialist,unweighted,3.0,0.36666666666666664,0.4166666666666667,0.050000000000000044
620,H_087,Consequentialist,unweighted,3.0,0.65,0.85,0.19999999999999996
621,G_255,Consequentialist,unweighted,3.0,0.5499999999999999,0.5666666666666668,0.01666666666666683
622,G_523,Consequentialist,unweighted,3.0,0.9,0.9,0.0
623,G_149,Consequentialist,unweighted,3.0,0.7333333333333334,0.85,0.11666666666666659
624,G_312,Consequentialist,unweighted,3.0,0.9500000000000001,0.9500000000000001,0.0
625,G_195,Consequentialist,unweighted,3.0,0.21666666666666665,0.45,0.23333333333333336
626,G_347,Consequentialist,unweighted,3.0,0.6666666666666666,0.8833333333333333,0.21666666666666667
627,H_023,Consequentialist,unweighted,3.0,0.03333333333333333,0.43333333333333335,0.4
628,G_163,Consequentialist,unweighted,3.0,0.9500000000000001,0.8666666666666667,-0.08333333333333337
629,G_123,Consequentialist,unweighted,3.0,0.30000000000000004,0.7166666666666667,0.41666666666666663
630,G_044,Consequentialist,unweighted,3.0,0.4000000000000001,0.8000000000000002,0.4000000000000001
631,G_227,Consequentialist,unweighted,3.0,0.8166666666666668,0.9166666666666666,0.09999999999999987
632,G_179,Consequentialist,unweighted,3.0,0.11666666666666665,0.06666666666666667,-0.04999999999999999
633,G_199,Consequentialist,unweighted,3.0,0.9333333333333332,0.9,-0.033333333333333215
634,G_438,Consequentialist,unweighted,3.0,0.0,0.13333333333333333,0.13333333333333333
635,G_113,Consequentialist,unweighted,3.0,0.75,0.9,0.15000000000000002
636,H_084,Consequentialist,unweighted,3.0,0.9500000000000001,0.9833333333333334,0.033333333333333326
637,G_482,Consequentialist,unweighted,3.0,0.2333333333333333,0.8333333333333334,0.6000000000000001
638,H_002,Consequentialist,unweighted,3.0,0.016666666666666666,0.06666666666666667,0.05
639,H_088,Consequentialist,unweighted,3.0,0.2333333333333333,0.15,-0.08333333333333331
640,H_027,Consequentialist,unweighted,4.0,0.65,0.8833333333333334,0.2333333333333334
641,G_109,Consequentialist,unweighted,4.0,0.3,0.6166666666666667,0.3166666666666667
642,G_104,Consequentialist,unweighted,4.0,0.049999999999999996,0.0,-0.049999999999999996
643,G_592,Consequentialist,unweighted,4.0,0.8166666666666668,0.8166666666666668,0.0
644,G_275,Consequentialist,unweighted,4.0,0.15000000000000002,0.5833333333333333,0.43333333333333324
645,G_401,Consequentialist,unweighted,4.0,0.75,0.7833333333333333,0.033333333333333326
646,G_240,Consequentialist,unweighted,4.0,0.5254385964912281,0.7407407407407408,0.21530214424951266
647,G_114,Consequentialist,unweighted,4.0,0.4833333333333334,0.7000000000000001,0.21666666666666667
648,G_009,Consequentialist,unweighted,4.0,0.85,0.8333333333333334,-0.016666666666666607
649,G_458,Consequentialist,unweighted,4.0,0.0,0.016666666666666666,0.016666666666666666
650,G_269,Consequentialist,unweighted,4.0,0.20000000000000004,0.43333333333333335,0.2333333333333333
651,H_093,Consequentialist,unweighted,4.0,0.36666666666666664,0.3833333333333333,0.016666666666666663
652,H_087,Consequentialist,unweighted,4.0,0.65,0.8666666666666667,0.21666666666666667
653,G_255,Consequentialist,unweighted,4.0,0.5499999999999999,0.5333333333333333,-0.016666666666666607
654,G_523,Consequentialist,unweighted,4.0,0.9,0.9333333333333332,0.033333333333333215
655,G_149,Consequentialist,unweighted,4.0,0.7333333333333334,0.7833333333333333,0.04999999999999993
656,G_312,Consequentialist,unweighted,4.0,0.9500000000000001,0.9,-0.050000000000000044
657,G_195,Consequentialist,unweighted,4.0,0.21666666666666665,0.40614035087719297,0.18947368421052632
658,G_347,Consequentialist,unweighted,4.0,0.6666666666666666,0.8333333333333334,0.16666666666666674
659,H_023,Consequentialist,unweighted,4.0,0.03333333333333333,0.5166666666666666,0.4833333333333333
660,G_163,Consequentialist,unweighted,4.0,0.9500000000000001,0.9,-0.050000000000000044
661,G_123,Consequentialist,unweighted,4.0,0.30000000000000004,0.9,0.6
662,G_044,Consequentialist,unweighted,4.0,0.4000000000000001,0.8000000000000002,0.4000000000000001
663,G_227,Consequentialist,unweighted,4.0,0.8166666666666668,0.85,0.033333333333333215
664,G_179,Consequentialist,unweighted,4.0,0.11666666666666665,0.016666666666666666,-0.09999999999999999
665,G_199,Consequentialist,unweighted,4.0,0.9333333333333332,0.9666666666666667,0.03333333333333344
666,G_438,Consequentialist,unweighted,4.0,0.0,0.15,0.15
667,G_113,Consequentialist,unweighted,4.0,0.75,0.8166666666666668,0.06666666666666676
668,H_084,Consequentialist,unweighted,4.0,0.9500000000000001,0.9833333333333334,0.033333333333333326
669,G_482,Consequentialist,unweighted,4.0,0.2333333333333333,0.7833333333333332,0.5499999999999999
670,H_002,Consequentialist,unweighted,4.0,0.016666666666666666,0.09999999999999999,0.08333333333333333
671,H_088,Consequentialist,unweighted,4.0,0.2333333333333333,0.18333333333333335,-0.04999999999999996
672,H_027,Consequentialist,unweighted,5.0,0.65,0.8833333333333333,0.23333333333333328
673,G_109,Consequentialist,unweighted,5.0,0.3,0.7166666666666667,0.4166666666666667
674,G_104,Consequentialist,unweighted,5.0,0.049999999999999996,0.06666666666666667,0.01666666666666667
675,G_592,Consequentialist,unweighted,5.0,0.8166666666666668,0.8666666666666667,0.04999999999999993
676,G_275,Consequentialist,unweighted,5.0,0.15000000000000002,0.5614035087719299,0.4114035087719299
677,G_401,Consequentialist,unweighted,5.0,0.75,0.8166666666666668,0.06666666666666676
678,G_240,Consequentialist,unweighted,5.0,0.5254385964912281,0.7125,0.18706140350877187
679,G_114,Consequentialist,unweighted,5.0,0.4833333333333334,0.65,0.16666666666666663
680,G_009,Consequentialist,unweighted,5.0,0.85,0.8666666666666667,0.01666666666666672
681,G_458,Consequentialist,unweighted,5.0,0.0,0.0,0.0
682,G_269,Consequentialist,unweighted,5.0,0.20000000000000004,0.3666666666666667,0.16666666666666666
683,H_093,Consequentialist,unweighted,5.0,0.36666666666666664,0.3666666666666667,5.551115123125783e-17
684,H_087,Consequentialist,unweighted,5.0,0.65,0.9,0.25
685,G_255,Consequentialist,unweighted,5.0,0.5499999999999999,0.5956140350877193,0.04561403508771933
686,G_523,Consequentialist,unweighted,5.0,0.9,0.8666666666666667,-0.033333333333333326
687,G_149,Consequentialist,unweighted,5.0,0.7333333333333334,0.8166666666666668,0.08333333333333337
688,G_312,Consequentialist,unweighted,5.0,0.9500000000000001,0.85,-0.10000000000000009
689,G_195,Consequentialist,unweighted,5.0,0.21666666666666665,0.49473684210526314,0.27807017543859647
690,G_347,Consequentialist,unweighted,5.0,0.6666666666666666,0.9,0.2333333333333334
691,H_023,Consequentialist,unweighted,5.0,0.03333333333333333,0.4166666666666667,0.38333333333333336
692,G_163,Consequentialist,unweighted,5.0,0.9500000000000001,0.8166666666666668,-0.1333333333333333
693,G_123,Consequentialist,unweighted,5.0,0.30000000000000004,0.8166666666666668,0.5166666666666667
694,G_044,Consequentialist,unweighted,5.0,0.4000000000000001,0.8140350877192982,0.41403508771929814
695,G_227,Consequentialist,unweighted,5.0,0.8166666666666668,0.8666666666666667,0.04999999999999993
696,G_179,Consequentialist,unweighted,5.0,0.11666666666666665,0.016666666666666666,-0.09999999999999999
697,G_199,Consequentialist,unweighted,5.0,0.9333333333333332,0.9666666666666667,0.03333333333333344
698,G_438,Consequentialist,unweighted,5.0,0.0,0.3,0.3
699,G_113,Consequentialist,unweighted,5.0,0.75,0.8666666666666667,0.1166666666666667
700,H_084,Consequentialist,unweighted,5.0,0.9500000000000001,1.0,0.04999999999999993
701,G_482,Consequentialist,unweighted,5.0,0.2333333333333333,0.7166666666666667,0.4833333333333334
702,H_002,Consequentialist,unweighted,5.0,0.016666666666666666,0.08333333333333333,0.06666666666666667
703,H_088,Consequentialist,unweighted,5.0,0.2333333333333333,0.25,0.01666666666666669
704,G_163,Relational,weighted,-5.0,0.9500000000000001,0.7833333333333333,-0.16666666666666674
705,H_093,Relational,weighted,-5.0,0.36666666666666664,0.6333333333333334,0.2666666666666668
706,G_114,Relational,weighted,-5.0,0.4833333333333334,0.35701754385964907,-0.12631578947368433
707,G_104,Relational,weighted,-5.0,0.049999999999999996,0.03333333333333333,-0.016666666666666663
708,G_123,Relational,weighted,-5.0,0.30000000000000004,0.13333333333333333,-0.1666666666666667
709,H_088,Relational,weighted,-5.0,0.2333333333333333,0.16666666666666666,-0.06666666666666665
710,G_255,Relational,weighted,-5.0,0.5499999999999999,0.65,0.10000000000000009
711,G_458,Relational,weighted,-5.0,0.0,0.0,0.0
712,G_401,Relational,weighted,-5.0,0.75,0.5666666666666668,-0.18333333333333324
713,G_227,Relational,weighted,-5.0,0.8166666666666668,0.6333333333333334,-0.18333333333333335
714,H_027,Relational,weighted,-5.0,0.65,0.43333333333333335,-0.21666666666666667
715,G_275,Relational,weighted,-5.0,0.15000000000000002,0.31666666666666665,0.16666666666666663
716,G_438,Relational,weighted,-5.0,0.0,0.0,0.0
717,G_044,Relational,weighted,-5.0,0.4000000000000001,0.21666666666666667,-0.1833333333333334
718,H_002,Relational,weighted,-5.0,0.016666666666666666,0.06666666666666667,0.05
719,G_523,Relational,weighted,-5.0,0.9,0.9166666666666666,0.016666666666666607
720,G_312,Relational,weighted,-5.0,0.9500000000000001,0.9666666666666667,0.016666666666666607
721,G_009,Relational,weighted,-5.0,0.85,0.9333333333333332,0.08333333333333326
722,H_087,Relational,weighted,-5.0,0.65,0.6333333333333333,-0.01666666666666672
723,G_199,Relational,weighted,-5.0,0.9333333333333332,0.7666666666666666,-0.16666666666666663
724,G_195,Relational,weighted,-5.0,0.21666666666666665,0.21296296296296294,-0.003703703703703709
725,G_482,Relational,weighted,-5.0,0.2333333333333333,0.06666666666666667,-0.16666666666666663
726,H_084,Relational,weighted,-5.0,0.9500000000000001,0.9166666666666666,-0.03333333333333344
727,G_109,Relational,weighted,-5.0,0.3,0.3833333333333333,0.08333333333333331
728,H_023,Relational,weighted,-5.0,0.03333333333333333,0.09999999999999999,0.06666666666666665
729,G_149,Relational,weighted,-5.0,0.7333333333333334,0.5499999999999999,-0.18333333333333346
730,G_113,Relational,weighted,-5.0,0.75,0.5043859649122807,-0.24561403508771928
731,G_269,Relational,weighted,-5.0,0.20000000000000004,0.6,0.3999999999999999
732,G_592,Relational,weighted,-5.0,0.8166666666666668,0.6728070175438597,-0.14385964912280702
733,G_179,Relational,weighted,-5.0,0.11666666666666665,0.15,0.03333333333333334
734,G_240,Relational,weighted,-5.0,0.5254385964912281,0.35000000000000003,-0.17543859649122812
735,G_347,Relational,weighted,-5.0,0.6666666666666666,0.6570175438596492,-0.009649122807017463
736,G_163,Relational,weighted,-4.0,0.9500000000000001,0.75,-0.20000000000000007
737,H_093,Relational,weighted,-4.0,0.36666666666666664,0.6833333333333332,0.3166666666666666
738,G_114,Relational,weighted,-4.0,0.4833333333333334,0.49999999999999994,0.016666666666666552
739,G_104,Relational,weighted,-4.0,0.049999999999999996,0.016666666666666666,-0.033333333333333326
740,G_123,Relational,weighted,-4.0,0.30000000000000004,0.16666666666666666,-0.1333333333333334
741,H_088,Relational,weighted,-4.0,0.2333333333333333,0.19999999999999998,-0.033333333333333326
742,G_255,Relational,weighted,-4.0,0.5499999999999999,0.7280701754385964,0.1780701754385965
743,G_458,Relational,weighted,-4.0,0.0,0.016666666666666666,0.016666666666666666
744,G_401,Relational,weighted,-4.0,0.75,0.6333333333333333,-0.1166666666666667
745,G_227,Relational,weighted,-4.0,0.8166666666666668,0.8166666666666668,0.0
746,H_027,Relational,weighted,-4.0,0.65,0.3666666666666667,-0.2833333333333333
747,G_275,Relational,weighted,-4.0,0.15000000000000002,0.26666666666666666,0.11666666666666664
748,G_438,Relational,weighted,-4.0,0.0,0.016666666666666666,0.016666666666666666
749,G_044,Relational,weighted,-4.0,0.4000000000000001,0.19999999999999998,-0.2000000000000001
750,H_002,Relational,weighted,-4.0,0.016666666666666666,0.13333333333333333,0.11666666666666667
751,G_523,Relational,weighted,-4.0,0.9,0.9333333333333332,0.033333333333333215
752,G_312,Relational,weighted,-4.0,0.9500000000000001,0.9833333333333334,0.033333333333333326
753,G_009,Relational,weighted,-4.0,0.85,0.7666666666666666,-0.08333333333333337
754,H_087,Relational,weighted,-4.0,0.65,0.6,-0.050000000000000044
755,G_199,Relational,weighted,-4.0,0.9333333333333332,0.7999999999999999,-0.1333333333333333
756,G_195,Relational,weighted,-4.0,0.21666666666666665,0.3,0.08333333333333334
757,G_482,Relational,weighted,-4.0,0.2333333333333333,0.20000000000000004,-0.03333333333333327
758,H_084,Relational,weighted,-4.0,0.9500000000000001,0.9666666666666667,0.016666666666666607
759,G_109,Relational,weighted,-4.0,0.3,0.35000000000000003,0.050000000000000044
760,H_023,Relational,weighted,-4.0,0.03333333333333333,0.11666666666666665,0.08333333333333331
761,G_149,Relational,weighted,-4.0,0.7333333333333334,0.4166666666666667,-0.3166666666666667
762,G_113,Relational,weighted,-4.0,0.75,0.6166666666666666,-0.13333333333333341
763,G_269,Relational,weighted,-4.0,0.20000000000000004,0.6166666666666666,0.4166666666666665
764,G_592,Relational,weighted,-4.0,0.8166666666666668,0.6333333333333334,-0.18333333333333335
765,G_179,Relational,weighted,-4.0,0.11666666666666665,0.16666666666666666,0.05
766,G_240,Relational,weighted,-4.0,0.5254385964912281,0.4000000000000001,-0.12543859649122807
767,G_347,Relational,weighted,-4.0,0.6666666666666666,0.5333333333333333,-0.1333333333333333
768,G_163,Relational,weighted,-3.0,0.9500000000000001,0.8833333333333333,-0.06666666666666676
769,H_093,Relational,weighted,-3.0,0.36666666666666664,0.6166666666666667,0.25000000000000006
770,G_114,Relational,weighted,-3.0,0.4833333333333334,0.4000000000000001,-0.08333333333333331
771,G_104,Relational,weighted,-3.0,0.049999999999999996,0.049999999999999996,0.0
772,G_123,Relational,weighted,-3.0,0.30000000000000004,0.18333333333333335,-0.1166666666666667
773,H_088,Relational,weighted,-3.0,0.2333333333333333,0.16666666666666666,-0.06666666666666665
774,G_255,Relational,weighted,-3.0,0.5499999999999999,0.7166666666666667,0.16666666666666674
775,G_458,Relational,weighted,-3.0,0.0,0.016666666666666666,0.016666666666666666
776,G_401,Relational,weighted,-3.0,0.75,0.7166666666666667,-0.033333333333333326
777,G_227,Relational,weighted,-3.0,0.8166666666666668,0.7833333333333333,-0.03333333333333344
778,H_027,Relational,weighted,-3.0,0.65,0.6166666666666667,-0.033333333333333326
779,G_275,Relational,weighted,-3.0,0.15000000000000002,0.3333333333333333,0.1833333333333333
780,G_438,Relational,weighted,-3.0,0.0,0.016666666666666666,0.016666666666666666
781,G_044,Relational,weighted,-3.0,0.4000000000000001,0.16666666666666666,-0.23333333333333342
782,H_002,Relational,weighted,-3.0,0.016666666666666666,0.08333333333333333,0.06666666666666667
783,G_523,Relational,weighted,-3.0,0.9,0.9166666666666666,0.016666666666666607
784,G_312,Relational,weighted,-3.0,0.9500000000000001,0.9500000000000001,0.0
785,G_009,Relational,weighted,-3.0,0.85,0.8666666666666667,0.01666666666666672
786,H_087,Relational,weighted,-3.0,0.65,0.7833333333333333,0.1333333333333333
787,G_199,Relational,weighted,-3.0,0.9333333333333332,0.85,-0.08333333333333326
788,G_195,Relational,weighted,-3.0,0.21666666666666665,0.4166666666666667,0.20000000000000004
789,G_482,Relational,weighted,-3.0,0.2333333333333333,0.09999999999999999,-0.1333333333333333
790,H_084,Relational,weighted,-3.0,0.9500000000000001,0.9833333333333334,0.033333333333333326
791,G_109,Relational,weighted,-3.0,0.3,0.3263157894736842,0.026315789473684237
792,H_023,Relational,weighted,-3.0,0.03333333333333333,0.08333333333333333,0.049999999999999996
793,G_149,Relational,weighted,-3.0,0.7333333333333334,0.4166666666666667,-0.3166666666666667
794,G_113,Relational,weighted,-3.0,0.75,0.7000000000000001,-0.04999999999999993
795,G_269,Relational,weighted,-3.0,0.20000000000000004,0.6666666666666666,0.46666666666666656
796,G_592,Relational,weighted,-3.0,0.8166666666666668,0.6666666666666666,-0.15000000000000013
797,G_179,Relational,weighted,-3.0,0.11666666666666665,0.16666666666666666,0.05
798,G_240,Relational,weighted,-3.0,0.5254385964912281,0.3333333333333333,-0.19210526315789483
799,G_347,Relational,weighted,-3.0,0.6666666666666666,0.5666666666666667,-0.09999999999999998
800,G_163,Relational,weighted,-2.0,0.9500000000000001,0.85,-0.10000000000000009
801,H_093,Relational,weighted,-2.0,0.36666666666666664,0.65,0.2833333333333334
802,G_114,Relational,weighted,-2.0,0.4833333333333334,0.7166666666666667,0.23333333333333328
803,G_104,Relational,weighted,-2.0,0.049999999999999996,0.0,-0.049999999999999996
804,G_123,Relational,weighted,-2.0,0.30000000000000004,0.2833333333333333,-0.01666666666666672
805,H_088,Relational,weighted,-2.0,0.2333333333333333,0.18333333333333335,-0.04999999999999996
806,G_255,Relational,weighted,-2.0,0.5499999999999999,0.6000000000000001,0.050000000000000155
807,G_458,Relational,weighted,-2.0,0.0,0.0,0.0
808,G_401,Relational,weighted,-2.0,0.75,0.7000000000000001,-0.04999999999999993
809,G_227,Relational,weighted,-2.0,0.8166666666666668,0.8166666666666668,0.0
810,H_027,Relational,weighted,-2.0,0.65,0.6499999999999999,-1.1102230246251565e-16
811,G_275,Relational,weighted,-2.0,0.15000000000000002,0.3666666666666667,0.21666666666666667
812,G_438,Relational,weighted,-2.0,0.0,0.0,0.0
813,G_044,Relational,weighted,-2.0,0.4000000000000001,0.2333333333333333,-0.16666666666666677
814,H_002,Relational,weighted,-2.0,0.016666666666666666,0.13333333333333333,0.11666666666666667
815,G_523,Relational,weighted,-2.0,0.9,0.9166666666666666,0.016666666666666607
816,G_312,Relational,weighted,-2.0,0.9500000000000001,0.9500000000000001,0.0
817,G_009,Relational,weighted,-2.0,0.85,0.9166666666666666,0.06666666666666665
818,H_087,Relational,weighted,-2.0,0.65,0.7657894736842105,0.11578947368421044
819,G_199,Relational,weighted,-2.0,0.9333333333333332,0.9,-0.033333333333333215
820,G_195,Relational,weighted,-2.0,0.21666666666666665,0.5333333333333333,0.31666666666666665
821,G_482,Relational,weighted,-2.0,0.2333333333333333,0.21666666666666667,-0.016666666666666635
822,H_084,Relational,weighted,-2.0,0.9500000000000001,1.0,0.04999999999999993
823,G_109,Relational,weighted,-2.0,0.3,0.3956140350877193,0.09561403508771932
824,H_023,Relational,weighted,-2.0,0.03333333333333333,0.09999999999999999,0.06666666666666665
825,G_149,Relational,weighted,-2.0,0.7333333333333334,0.5394736842105263,-0.19385964912280707
826,G_113,Relational,weighted,-2.0,0.75,0.7333333333333334,-0.016666666666666607
827,G_269,Relational,weighted,-2.0,0.20000000000000004,0.6333333333333334,0.43333333333333335
828,G_592,Relational,weighted,-2.0,0.8166666666666668,0.7166666666666667,-0.10000000000000009
829,G_179,Relational,weighted,-2.0,0.11666666666666665,0.16666666666666666,0.05
830,G_240,Relational,weighted,-2.0,0.5254385964912281,0.35000000000000003,-0.17543859649122812
831,G_347,Relational,weighted,-2.0,0.6666666666666666,0.5499999999999999,-0.1166666666666667
832,G_163,Relational,weighted,-1.0,0.9500000000000001,0.9,-0.050000000000000044
833,H_093,Relational,weighted,-1.0,0.36666666666666664,0.6333333333333333,0.26666666666666666
834,G_114,Relational,weighted,-1.0,0.4833333333333334,0.6333333333333333,0.1499999999999999
835,G_104,Relational,weighted,-1.0,0.049999999999999996,0.0,-0.049999999999999996
836,G_123,Relational,weighted,-1.0,0.30000000000000004,0.4000000000000001,0.10000000000000003
837,H_088,Relational,weighted,-1.0,0.2333333333333333,0.18333333333333335,-0.04999999999999996
838,G_255,Relational,weighted,-1.0,0.5499999999999999,0.6166666666666667,0.06666666666666676
839,G_458,Relational,weighted,-1.0,0.0,0.016666666666666666,0.016666666666666666
840,G_401,Relational,weighted,-1.0,0.75,0.7833333333333333,0.033333333333333326
841,G_227,Relational,weighted,-1.0,0.8166666666666668,0.9,0.08333333333333326
842,H_027,Relational,weighted,-1.0,0.65,0.6833333333333332,0.033333333333333215
843,G_275,Relational,weighted,-1.0,0.15000000000000002,0.30000000000000004,0.15000000000000002
844,G_438,Relational,weighted,-1.0,0.0,0.049999999999999996,0.049999999999999996
845,G_044,Relational,weighted,-1.0,0.4000000000000001,0.3,-0.10000000000000009
846,H_002,Relational,weighted,-1.0,0.016666666666666666,0.15,0.13333333333333333
847,G_523,Relational,weighted,-1.0,0.9,0.9666666666666667,0.06666666666666665
848,G_312,Relational,weighted,-1.0,0.9500000000000001,0.9666666666666667,0.016666666666666607
849,G_009,Relational,weighted,-1.0,0.85,0.85,0.0
850,H_087,Relational,weighted,-1.0,0.65,0.8166666666666668,0.16666666666666674
851,G_199,Relational,weighted,-1.0,0.9333333333333332,0.9,-0.033333333333333215
852,G_195,Relational,weighted,-1.0,0.21666666666666665,0.6166666666666666,0.3999999999999999
853,G_482,Relational,weighted,-1.0,0.2333333333333333,0.13421052631578947,-0.09912280701754383
854,H_084,Relational,weighted,-1.0,0.9500000000000001,0.9666666666666667,0.016666666666666607
855,G_109,Relational,weighted,-1.0,0.3,0.3833333333333333,0.08333333333333331
856,H_023,Relational,weighted,-1.0,0.03333333333333333,0.18333333333333335,0.15000000000000002
857,G_149,Relational,weighted,-1.0,0.7333333333333334,0.5666666666666667,-0.16666666666666674
858,G_113,Relational,weighted,-1.0,0.75,0.7333333333333334,-0.016666666666666607
859,G_269,Relational,weighted,-1.0,0.20000000000000004,0.65,0.44999999999999996
860,G_592,Relational,weighted,-1.0,0.8166666666666668,0.6833333333333332,-0.13333333333333353
861,G_179,Relational,weighted,-1.0,0.11666666666666665,0.13333333333333333,0.016666666666666677
862,G_240,Relational,weighted,-1.0,0.5254385964912281,0.4666666666666666,-0.05877192982456153
863,G_347,Relational,weighted,-1.0,0.6666666666666666,0.6666666666666666,0.0
864,G_163,Relational,weighted,0.0,0.9500000000000001,0.9166666666666666,-0.03333333333333344
865,H_093,Relational,weighted,0.0,0.36666666666666664,0.5666666666666668,0.20000000000000012
866,G_114,Relational,weighted,0.0,0.4833333333333334,0.7833333333333333,0.29999999999999993
867,G_104,Relational,weighted,0.0,0.049999999999999996,0.016666666666666666,-0.033333333333333326
868,G_123,Relational,weighted,0.0,0.30000000000000004,0.3666666666666667,0.06666666666666665
869,H_088,Relational,weighted,0.0,0.2333333333333333,0.18333333333333335,-0.04999999999999996
870,G_255,Relational,weighted,0.0,0.5499999999999999,0.7314814814814815,0.18148148148148158
871,G_458,Relational,weighted,0.0,0.0,0.049999999999999996,0.049999999999999996
872,G_401,Relational,weighted,0.0,0.75,0.8333333333333334,0.08333333333333337
873,G_227,Relational,weighted,0.0,0.8166666666666668,0.7999999999999999,-0.01666666666666683
874,H_027,Relational,weighted,0.0,0.65,0.8666666666666667,0.21666666666666667
875,G_275,Relational,weighted,0.0,0.15000000000000002,0.25,0.09999999999999998
876,G_438,Relational,weighted,0.0,0.0,0.11666666666666665,0.11666666666666665
877,G_044,Relational,weighted,0.0,0.4000000000000001,0.31666666666666665,-0.08333333333333343
878,H_002,Relational,weighted,0.0,0.016666666666666666,0.08333333333333333,0.06666666666666667
879,G_523,Relational,weighted,0.0,0.9,0.9666666666666667,0.06666666666666665
880,G_312,Relational,weighted,0.0,0.9500000000000001,0.9333333333333332,-0.01666666666666683
881,G_009,Relational,weighted,0.0,0.85,0.8666666666666667,0.01666666666666672
882,H_087,Relational,weighted,0.0,0.65,0.8666666666666667,0.21666666666666667
883,G_199,Relational,weighted,0.0,0.9333333333333332,0.85,-0.08333333333333326
884,G_195,Relational,weighted,0.0,0.21666666666666665,0.6833333333333332,0.46666666666666656
885,G_482,Relational,weighted,0.0,0.2333333333333333,0.13333333333333333,-0.09999999999999998
886,H_084,Relational,weighted,0.0,0.9500000000000001,0.9666666666666667,0.016666666666666607
887,G_109,Relational,weighted,0.0,0.3,0.5499999999999999,0.24999999999999994
888,H_023,Relational,weighted,0.0,0.03333333333333333,0.25,0.21666666666666667
889,G_149,Relational,weighted,0.0,0.7333333333333334,0.5666666666666668,-0.16666666666666663
890,G_113,Relational,weighted,0.0,0.75,0.7999999999999999,0.04999999999999993
891,G_269,Relational,weighted,0.0,0.20000000000000004,0.5333333333333333,0.33333333333333326
892,G_592,Relational,weighted,0.0,0.8166666666666668,0.7833333333333333,-0.03333333333333344
893,G_179,Relational,weighted,0.0,0.11666666666666665,0.13333333333333333,0.016666666666666677
894,G_240,Relational,weighted,0.0,0.5254385964912281,0.5499999999999999,0.024561403508771784
895,G_347,Relational,weighted,0.0,0.6666666666666666,0.6333333333333333,-0.033333333333333326
896,G_163,Relational,weighted,1.0,0.9500000000000001,0.9500000000000001,0.0
897,H_093,Relational,weighted,1.0,0.36666666666666664,0.5166666666666666,0.14999999999999997
898,G_114,Relational,weighted,1.0,0.4833333333333334,0.7666666666666667,0.2833333333333333
899,G_104,Relational,weighted,1.0,0.049999999999999996,0.03333333333333333,-0.016666666666666663
900,G_123,Relational,weighted,1.0,0.30000000000000004,0.48333333333333334,0.1833333333333333
901,H_088,Relational,weighted,1.0,0.2333333333333333,0.21666666666666667,-0.016666666666666635
902,G_255,Relational,weighted,1.0,0.5499999999999999,0.6,0.050000000000000044
903,G_458,Relational,weighted,1.0,0.0,0.0,0.0
904,G_401,Relational,weighted,1.0,0.75,0.8333333333333334,0.08333333333333337
905,G_227,Relational,weighted,1.0,0.8166666666666668,0.7999999999999999,-0.01666666666666683
906,H_027,Relational,weighted,1.0,0.65,0.8000000000000002,0.15000000000000013
907,G_275,Relational,weighted,1.0,0.15000000000000002,0.2833333333333334,0.13333333333333336
908,G_438,Relational,weighted,1.0,0.0,0.15,0.15
909,G_044,Relational,weighted,1.0,0.4000000000000001,0.3833333333333333,-0.016666666666666774
910,H_002,Relational,weighted,1.0,0.016666666666666666,0.09999999999999999,0.08333333333333333
911,G_523,Relational,weighted,1.0,0.9,0.9333333333333332,0.033333333333333215
912,G_312,Relational,weighted,1.0,0.9500000000000001,0.9333333333333332,-0.01666666666666683
913,G_009,Relational,weighted,1.0,0.85,0.8333333333333334,-0.016666666666666607
914,H_087,Relational,weighted,1.0,0.65,0.85,0.19999999999999996
915,G_199,Relational,weighted,1.0,0.9333333333333332,0.85,-0.08333333333333326
916,G_195,Relational,weighted,1.0,0.21666666666666665,0.6833333333333332,0.46666666666666656
917,G_482,Relational,weighted,1.0,0.2333333333333333,0.18333333333333335,-0.04999999999999996
918,H_084,Relational,weighted,1.0,0.9500000000000001,0.9666666666666667,0.016666666666666607
919,G_109,Relational,weighted,1.0,0.3,0.55,0.25000000000000006
920,H_023,Relational,weighted,1.0,0.03333333333333333,0.26666666666666666,0.23333333333333334
921,G_149,Relational,weighted,1.0,0.7333333333333334,0.65,-0.08333333333333337
922,G_113,Relational,weighted,1.0,0.75,0.8333333333333334,0.08333333333333337
923,G_269,Relational,weighted,1.0,0.20000000000000004,0.5666666666666668,0.3666666666666667
924,G_592,Relational,weighted,1.0,0.8166666666666668,0.8166666666666668,0.0
925,G_179,Relational,weighted,1.0,0.11666666666666665,0.11666666666666665,0.0
926,G_240,Relational,weighted,1.0,0.5254385964912281,0.6333333333333333,0.10789473684210515
927,G_347,Relational,weighted,1.0,0.6666666666666666,0.7999999999999999,0.1333333333333333
928,G_163,Relational,weighted,2.0,0.9500000000000001,0.9166666666666666,-0.03333333333333344
929,H_093,Relational,weighted,2.0,0.36666666666666664,0.41842105263157897,0.05175438596491233
930,G_114,Relational,weighted,2.0,0.4833333333333334,0.75,0.2666666666666666
931,G_104,Relational,weighted,2.0,0.049999999999999996,0.0,-0.049999999999999996
932,G_123,Relational,weighted,2.0,0.30000000000000004,0.6149122807017544,0.31491228070175437
933,H_088,Relational,weighted,2.0,0.2333333333333333,0.16666666666666666,-0.06666666666666665
934,G_255,Relational,weighted,2.0,0.5499999999999999,0.6,0.050000000000000044
935,G_458,Relational,weighted,2.0,0.0,0.016666666666666666,0.016666666666666666
936,G_401,Relational,weighted,2.0,0.75,0.7666666666666666,0.016666666666666607
937,G_227,Relational,weighted,2.0,0.8166666666666668,0.85,0.033333333333333215
938,H_027,Relational,weighted,2.0,0.65,0.7833333333333332,0.1333333333333332
939,G_275,Relational,weighted,2.0,0.15000000000000002,0.26666666666666666,0.11666666666666664
940,G_438,Relational,weighted,2.0,0.0,0.16666666666666666,0.16666666666666666
941,G_044,Relational,weighted,2.0,0.4000000000000001,0.39999999999999997,-1.1102230246251565e-16
942,H_002,Relational,weighted,2.0,0.016666666666666666,0.11666666666666665,0.09999999999999999
943,G_523,Relational,weighted,2.0,0.9,0.9333333333333332,0.033333333333333215
944,G_312,Relational,weighted,2.0,0.9500000000000001,0.9666666666666667,0.016666666666666607
945,G_009,Relational,weighted,2.0,0.85,0.8333333333333334,-0.016666666666666607
946,H_087,Relational,weighted,2.0,0.65,0.85,0.19999999999999996
947,G_199,Relational,weighted,2.0,0.9333333333333332,0.8666666666666666,-0.06666666666666665
948,G_195,Relational,weighted,2.0,0.21666666666666665,0.75,0.5333333333333333
949,G_482,Relational,weighted,2.0,0.2333333333333333,0.31666666666666665,0.08333333333333334
950,H_084,Relational,weighted,2.0,0.9500000000000001,0.9833333333333334,0.033333333333333326
951,G_109,Relational,weighted,2.0,0.3,0.5333333333333333,0.23333333333333334
952,H_023,Relational,weighted,2.0,0.03333333333333333,0.3333333333333333,0.3
953,G_149,Relational,weighted,2.0,0.7333333333333334,0.6333333333333333,-0.10000000000000009
954,G_113,Relational,weighted,2.0,0.75,0.75,0.0
955,G_269,Relational,weighted,2.0,0.20000000000000004,0.6833333333333332,0.48333333333333317
956,G_592,Relational,weighted,2.0,0.8166666666666668,0.7666666666666667,-0.050000000000000044
957,G_179,Relational,weighted,2.0,0.11666666666666665,0.15,0.03333333333333334
958,G_240,Relational,weighted,2.0,0.5254385964912281,0.6833333333333335,0.1578947368421053
959,G_347,Relational,weighted,2.0,0.6666666666666666,0.7333333333333334,0.06666666666666676
960,G_163,Relational,weighted,3.0,0.9500000000000001,0.8666666666666667,-0.08333333333333337
961,H_093,Relational,weighted,3.0,0.36666666666666664,0.4166666666666667,0.050000000000000044
962,G_114,Relational,weighted,3.0,0.4833333333333334,0.7999999999999999,0.31666666666666654
963,G_104,Relational,weighted,3.0,0.049999999999999996,0.0,-0.049999999999999996
964,G_123,Relational,weighted,3.0,0.30000000000000004,0.6666666666666666,0.3666666666666666
965,H_088,Relational,weighted,3.0,0.2333333333333333,0.25,0.01666666666666669
966,G_255,Relational,weighted,3.0,0.5499999999999999,0.6,0.050000000000000044
967,G_458,Relational,weighted,3.0,0.0,0.049999999999999996,0.049999999999999996
968,G_401,Relational,weighted,3.0,0.75,0.8666666666666667,0.1166666666666667
969,G_227,Relational,weighted,3.0,0.8166666666666668,0.85,0.033333333333333215
970,H_027,Relational,weighted,3.0,0.65,0.7833333333333333,0.1333333333333333
971,G_275,Relational,weighted,3.0,0.15000000000000002,0.4166666666666667,0.26666666666666666
972,G_438,Relational,weighted,3.0,0.0,0.25,0.25
973,G_044,Relational,weighted,3.0,0.4000000000000001,0.35000000000000003,-0.050000000000000044
974,H_002,Relational,weighted,3.0,0.016666666666666666,0.08333333333333333,0.06666666666666667
975,G_523,Relational,weighted,3.0,0.9,1.0,0.09999999999999998
976,G_312,Relational,weighted,3.0,0.9500000000000001,0.9166666666666666,-0.03333333333333344
977,G_009,Relational,weighted,3.0,0.85,0.8333333333333334,-0.016666666666666607
978,H_087,Relational,weighted,3.0,0.65,0.8333333333333334,0.18333333333333335
979,G_199,Relational,weighted,3.0,0.9333333333333332,0.9166666666666666,-0.016666666666666607
980,G_195,Relational,weighted,3.0,0.21666666666666665,0.8166666666666668,0.6000000000000001
981,G_482,Relational,weighted,3.0,0.2333333333333333,0.2333333333333333,0.0
982,H_084,Relational,weighted,3.0,0.9500000000000001,0.9833333333333334,0.033333333333333326
983,G_109,Relational,weighted,3.0,0.3,0.6166666666666667,0.3166666666666667
984,H_023,Relational,weighted,3.0,0.03333333333333333,0.4166666666666667,0.38333333333333336
985,G_149,Relational,weighted,3.0,0.7333333333333334,0.5166666666666667,-0.21666666666666667
986,G_113,Relational,weighted,3.0,0.75,0.8166666666666668,0.06666666666666676
987,G_269,Relational,weighted,3.0,0.20000000000000004,0.5166666666666667,0.31666666666666665
988,G_592,Relational,weighted,3.0,0.8166666666666668,0.7999999999999999,-0.01666666666666683
989,G_179,Relational,weighted,3.0,0.11666666666666665,0.15,0.03333333333333334
990,G_240,Relational,weighted,3.0,0.5254385964912281,0.730701754385965,0.20526315789473681
991,G_347,Relational,weighted,3.0,0.6666666666666666,0.6833333333333332,0.016666666666666607
992,G_163,Relational,weighted,4.0,0.9500000000000001,0.8333333333333334,-0.1166666666666667
993,H_093,Relational,weighted,4.0,0.36666666666666664,0.30087719298245613,-0.06578947368421051
994,G_114,Relational,weighted,4.0,0.4833333333333334,0.8166666666666668,0.33333333333333337
995,G_104,Relational,weighted,4.0,0.049999999999999996,0.08333333333333333,0.03333333333333333
996,G_123,Relational,weighted,4.0,0.30000000000000004,0.6333333333333333,0.33333333333333326
997,H_088,Relational,weighted,4.0,0.2333333333333333,0.3,0.06666666666666668
998,G_255,Relational,weighted,4.0,0.5499999999999999,0.6166666666666667,0.06666666666666676
999,G_458,Relational,weighted,4.0,0.0,0.08333333333333333,0.08333333333333333
1000,G_401,Relational,weighted,4.0,0.75,0.7999999999999999,0.04999999999999993
1001,G_227,Relational,weighted,4.0,0.8166666666666668,0.8833333333333333,0.06666666666666654
1002,H_027,Relational,weighted,4.0,0.65,0.7833333333333332,0.1333333333333332
1003,G_275,Relational,weighted,4.0,0.15000000000000002,0.3333333333333333,0.1833333333333333
1004,G_438,Relational,weighted,4.0,0.0,0.35000000000000003,0.35000000000000003
1005,G_044,Relational,weighted,4.0,0.4000000000000001,0.43333333333333335,0.03333333333333327
1006,H_002,Relational,weighted,4.0,0.016666666666666666,0.09999999999999999,0.08333333333333333
1007,G_523,Relational,weighted,4.0,0.9,1.0,0.09999999999999998
1008,G_312,Relational,weighted,4.0,0.9500000000000001,0.9333333333333332,-0.01666666666666683
1009,G_009,Relational,weighted,4.0,0.85,0.8833333333333334,0.03333333333333344
1010,H_087,Relational,weighted,4.0,0.65,0.8333333333333334,0.18333333333333335
1011,G_199,Relational,weighted,4.0,0.9333333333333332,0.9500000000000001,0.01666666666666683
1012,G_195,Relational,weighted,4.0,0.21666666666666665,0.6833333333333332,0.46666666666666656
1013,G_482,Relational,weighted,4.0,0.2333333333333333,0.2333333333333333,0.0
1014,H_084,Relational,weighted,4.0,0.9500000000000001,1.0,0.04999999999999993
1015,G_109,Relational,weighted,4.0,0.3,0.5833333333333334,0.2833333333333334
1016,H_023,Relational,weighted,4.0,0.03333333333333333,0.2833333333333334,0.25000000000000006
1017,G_149,Relational,weighted,4.0,0.7333333333333334,0.5333333333333333,-0.20000000000000007
1018,G_113,Relational,weighted,4.0,0.75,0.8333333333333334,0.08333333333333337
1019,G_269,Relational,weighted,4.0,0.20000000000000004,0.6166666666666666,0.4166666666666665
1020,G_592,Relational,weighted,4.0,0.8166666666666668,0.8166666666666668,0.0
1021,G_179,Relational,weighted,4.0,0.11666666666666665,0.10000000000000002,-0.016666666666666635
1022,G_240,Relational,weighted,4.0,0.5254385964912281,0.7666666666666666,0.24122807017543846
1023,G_347,Relational,weighted,4.0,0.6666666666666666,0.7333333333333334,0.06666666666666676
1024,G_163,Relational,weighted,5.0,0.9500000000000001,0.9,-0.050000000000000044
1025,H_093,Relational,weighted,5.0,0.36666666666666664,0.35000000000000003,-0.016666666666666607
1026,G_114,Relational,weighted,5.0,0.4833333333333334,0.8333333333333334,0.35
1027,G_104,Relational,weighted,5.0,0.049999999999999996,0.10000000000000002,0.050000000000000024
1028,G_123,Relational,weighted,5.0,0.30000000000000004,0.6833333333333332,0.3833333333333332
1029,H_088,Relational,weighted,5.0,0.2333333333333333,0.35000000000000003,0.11666666666666672
1030,G_255,Relational,weighted,5.0,0.5499999999999999,0.6622807017543859,0.11228070175438598
1031,G_458,Relational,weighted,5.0,0.0,0.08333333333333333,0.08333333333333333
1032,G_401,Relational,weighted,5.0,0.75,0.7666666666666667,0.01666666666666672
1033,G_227,Relational,weighted,5.0,0.8166666666666668,0.8333333333333334,0.016666666666666607
1034,H_027,Relational,weighted,5.0,0.65,0.7833333333333333,0.1333333333333333
1035,G_275,Relational,weighted,5.0,0.15000000000000002,0.45,0.3
1036,G_438,Relational,weighted,5.0,0.0,0.4166666666666667,0.4166666666666667
1037,G_044,Relational,weighted,5.0,0.4000000000000001,0.45,0.04999999999999993
1038,H_002,Relational,weighted,5.0,0.016666666666666666,0.11666666666666668,0.10000000000000002
1039,G_523,Relational,weighted,5.0,0.9,0.9666666666666667,0.06666666666666665
1040,G_312,Relational,weighted,5.0,0.9500000000000001,0.9,-0.050000000000000044
1041,G_009,Relational,weighted,5.0,0.85,0.8657894736842104,0.015789473684210464
1042,H_087,Relational,weighted,5.0,0.65,0.8666666666666667,0.21666666666666667
1043,G_199,Relational,weighted,5.0,0.9333333333333332,0.8666666666666667,-0.06666666666666654
1044,G_195,Relational,weighted,5.0,0.21666666666666665,0.7666666666666666,0.5499999999999999
1045,G_482,Relational,weighted,5.0,0.2333333333333333,0.20000000000000004,-0.03333333333333327
1046,H_084,Relational,weighted,5.0,0.9500000000000001,0.9333333333333332,-0.01666666666666683
1047,G_109,Relational,weighted,5.0,0.3,0.6657894736842106,0.3657894736842106
1048,H_023,Relational,weighted,5.0,0.03333333333333333,0.3,0.26666666666666666
1049,G_149,Relational,weighted,5.0,0.7333333333333334,0.6999999999999998,-0.03333333333333355
1050,G_113,Relational,weighted,5.0,0.75,0.85,0.09999999999999998
1051,G_269,Relational,weighted,5.0,0.20000000000000004,0.5166666666666667,0.31666666666666665
1052,G_592,Relational,weighted,5.0,0.8166666666666668,0.7833333333333332,-0.03333333333333355
1053,G_179,Relational,weighted,5.0,0.11666666666666665,0.05000000000000001,-0.06666666666666665
1054,G_240,Relational,weighted,5.0,0.5254385964912281,0.75,0.22456140350877185
1055,G_347,Relational,weighted,5.0,0.6666666666666666,0.75,0.08333333333333337
1056,G_163,Relational,unweighted,-5.0,0.9500000000000001,0.8833333333333334,-0.06666666666666665
1057,H_093,Relational,unweighted,-5.0,0.36666666666666664,0.5666666666666667,0.2
1058,G_114,Relational,unweighted,-5.0,0.4833333333333334,0.5666666666666667,0.08333333333333326
1059,G_104,Relational,unweighted,-5.0,0.049999999999999996,0.016666666666666666,-0.033333333333333326
1060,G_123,Relational,unweighted,-5.0,0.30000000000000004,0.2166666666666667,-0.08333333333333334
1061,H_088,Relational,unweighted,-5.0,0.2333333333333333,0.15,-0.08333333333333331
1062,G_255,Relational,unweighted,-5.0,0.5499999999999999,0.55,1.1102230246251565e-16
1063,G_458,Relational,unweighted,-5.0,0.0,0.016666666666666666,0.016666666666666666
1064,G_401,Relational,unweighted,-5.0,0.75,0.8166666666666668,0.06666666666666676
1065,G_227,Relational,unweighted,-5.0,0.8166666666666668,0.8166666666666668,0.0
1066,H_027,Relational,unweighted,-5.0,0.65,0.6666666666666666,0.016666666666666607
1067,G_275,Relational,unweighted,-5.0,0.15000000000000002,0.18333333333333335,0.033333333333333326
1068,G_438,Relational,unweighted,-5.0,0.0,0.06666666666666667,0.06666666666666667
1069,G_044,Relational,unweighted,-5.0,0.4000000000000001,0.2833333333333334,-0.1166666666666667
1070,H_002,Relational,unweighted,-5.0,0.016666666666666666,0.09999999999999999,0.08333333333333333
1071,G_523,Relational,unweighted,-5.0,0.9,0.8666666666666667,-0.033333333333333326
1072,G_312,Relational,unweighted,-5.0,0.9500000000000001,0.9833333333333334,0.033333333333333326
1073,G_009,Relational,unweighted,-5.0,0.85,0.8833333333333333,0.033333333333333326
1074,H_087,Relational,unweighted,-5.0,0.65,0.8000000000000002,0.15000000000000013
1075,G_199,Relational,unweighted,-5.0,0.9333333333333332,0.8666666666666667,-0.06666666666666654
1076,G_195,Relational,unweighted,-5.0,0.21666666666666665,0.6464912280701754,0.4298245614035088
1077,G_482,Relational,unweighted,-5.0,0.2333333333333333,0.18333333333333335,-0.04999999999999996
1078,H_084,Relational,unweighted,-5.0,0.9500000000000001,1.0,0.04999999999999993
1079,G_109,Relational,unweighted,-5.0,0.3,0.3666666666666667,0.06666666666666671
1080,H_023,Relational,unweighted,-5.0,0.03333333333333333,0.06666666666666667,0.03333333333333333
1081,G_149,Relational,unweighted,-5.0,0.7333333333333334,0.4333333333333333,-0.3000000000000001
1082,G_113,Relational,unweighted,-5.0,0.75,0.7000000000000001,-0.04999999999999993
1083,G_269,Relational,unweighted,-5.0,0.20000000000000004,0.6333333333333334,0.43333333333333335
1084,G_592,Relational,unweighted,-5.0,0.8166666666666668,0.6999999999999998,-0.11666666666666692
1085,G_179,Relational,unweighted,-5.0,0.11666666666666665,0.15,0.03333333333333334
1086,G_240,Relational,unweighted,-5.0,0.5254385964912281,0.35877192982456146,-0.16666666666666669
1087,G_347,Relational,unweighted,-5.0,0.6666666666666666,0.6166666666666667,-0.04999999999999993
1088,G_163,Relational,unweighted,-4.0,0.9500000000000001,0.85,-0.10000000000000009
1089,H_093,Relational,unweighted,-4.0,0.36666666666666664,0.5,0.13333333333333336
1090,G_114,Relational,unweighted,-4.0,0.4833333333333334,0.65,0.16666666666666663
1091,G_104,Relational,unweighted,-4.0,0.049999999999999996,0.016666666666666666,-0.033333333333333326
1092,G_123,Relational,unweighted,-4.0,0.30000000000000004,0.3333333333333333,0.03333333333333327
1093,H_088,Relational,unweighted,-4.0,0.2333333333333333,0.16666666666666666,-0.06666666666666665
1094,G_255,Relational,unweighted,-4.0,0.5499999999999999,0.6833333333333332,0.1333333333333333
1095,G_458,Relational,unweighted,-4.0,0.0,0.016666666666666666,0.016666666666666666
1096,G_401,Relational,unweighted,-4.0,0.75,0.75,0.0
1097,G_227,Relational,unweighted,-4.0,0.8166666666666668,0.8166666666666668,0.0
1098,H_027,Relational,unweighted,-4.0,0.65,0.7833333333333333,0.1333333333333333
1099,G_275,Relational,unweighted,-4.0,0.15000000000000002,0.26666666666666666,0.11666666666666664
1100,G_438,Relational,unweighted,-4.0,0.0,0.05000000000000001,0.05000000000000001
1101,G_044,Relational,unweighted,-4.0,0.4000000000000001,0.31666666666666665,-0.08333333333333343
1102,H_002,Relational,unweighted,-4.0,0.016666666666666666,0.13333333333333333,0.11666666666666667
1103,G_523,Relational,unweighted,-4.0,0.9,0.9333333333333332,0.033333333333333215
1104,G_312,Relational,unweighted,-4.0,0.9500000000000001,0.9666666666666667,0.016666666666666607
1105,G_009,Relational,unweighted,-4.0,0.85,0.9166666666666666,0.06666666666666665
1106,H_087,Relational,unweighted,-4.0,0.65,0.8000000000000002,0.15000000000000013
1107,G_199,Relational,unweighted,-4.0,0.9333333333333332,0.9,-0.033333333333333215
1108,G_195,Relational,unweighted,-4.0,0.21666666666666665,0.5166666666666667,0.30000000000000004
1109,G_482,Relational,unweighted,-4.0,0.2333333333333333,0.21666666666666667,-0.016666666666666635
1110,H_084,Relational,unweighted,-4.0,0.9500000000000001,0.9666666666666667,0.016666666666666607
1111,G_109,Relational,unweighted,-4.0,0.3,0.4000000000000001,0.10000000000000009
1112,H_023,Relational,unweighted,-4.0,0.03333333333333333,0.10000000000000002,0.06666666666666668
1113,G_149,Relational,unweighted,-4.0,0.7333333333333334,0.5,-0.2333333333333334
1114,G_113,Relational,unweighted,-4.0,0.75,0.7833333333333333,0.033333333333333326
1115,G_269,Relational,unweighted,-4.0,0.20000000000000004,0.5166666666666667,0.31666666666666665
1116,G_592,Relational,unweighted,-4.0,0.8166666666666668,0.7166666666666668,-0.09999999999999998
1117,G_179,Relational,unweighted,-4.0,0.11666666666666665,0.16666666666666666,0.05
1118,G_240,Relational,unweighted,-4.0,0.5254385964912281,0.5087719298245613,-0.01666666666666683
1119,G_347,Relational,unweighted,-4.0,0.6666666666666666,0.75,0.08333333333333337
1120,G_163,Relational,unweighted,-3.0,0.9500000000000001,0.9166666666666666,-0.03333333333333344
1121,H_093,Relational,unweighted,-3.0,0.36666666666666664,0.6,0.23333333333333334
1122,G_114,Relational,unweighted,-3.0,0.4833333333333334,0.7333333333333334,0.25
1123,G_104,Relational,unweighted,-3.0,0.049999999999999996,0.016666666666666666,-0.033333333333333326
1124,G_123,Relational,unweighted,-3.0,0.30000000000000004,0.4166666666666667,0.11666666666666664
1125,H_088,Relational,unweighted,-3.0,0.2333333333333333,0.18333333333333335,-0.04999999999999996
1126,G_255,Relational,unweighted,-3.0,0.5499999999999999,0.5833333333333334,0.03333333333333344
1127,G_458,Relational,unweighted,-3.0,0.0,0.016666666666666666,0.016666666666666666
1128,G_401,Relational,unweighted,-3.0,0.75,0.8333333333333334,0.08333333333333337
1129,G_227,Relational,unweighted,-3.0,0.8166666666666668,0.8333333333333334,0.016666666666666607
1130,H_027,Relational,unweighted,-3.0,0.65,0.75,0.09999999999999998
1131,G_275,Relational,unweighted,-3.0,0.15000000000000002,0.16666666666666666,0.016666666666666635
1132,G_438,Relational,unweighted,-3.0,0.0,0.03333333333333333,0.03333333333333333
1133,G_044,Relational,unweighted,-3.0,0.4000000000000001,0.28596491228070176,-0.11403508771929832
1134,H_002,Relational,unweighted,-3.0,0.016666666666666666,0.13333333333333333,0.11666666666666667
1135,G_523,Relational,unweighted,-3.0,0.9,0.9166666666666666,0.016666666666666607
1136,G_312,Relational,unweighted,-3.0,0.9500000000000001,0.9,-0.050000000000000044
1137,G_009,Relational,unweighted,-3.0,0.85,0.8833333333333334,0.03333333333333344
1138,H_087,Relational,unweighted,-3.0,0.65,0.7833333333333333,0.1333333333333333
1139,G_199,Relational,unweighted,-3.0,0.9333333333333332,0.7833333333333332,-0.15000000000000002
1140,G_195,Relational,unweighted,-3.0,0.21666666666666665,0.6333333333333334,0.41666666666666674
1141,G_482,Relational,unweighted,-3.0,0.2333333333333333,0.15,-0.08333333333333331
1142,H_084,Relational,unweighted,-3.0,0.9500000000000001,1.0,0.04999999999999993
1143,G_109,Relational,unweighted,-3.0,0.3,0.43333333333333335,0.13333333333333336
1144,H_023,Relational,unweighted,-3.0,0.03333333333333333,0.15,0.11666666666666667
1145,G_149,Relational,unweighted,-3.0,0.7333333333333334,0.5499999999999999,-0.18333333333333346
1146,G_113,Relational,unweighted,-3.0,0.75,0.7999999999999999,0.04999999999999993
1147,G_269,Relational,unweighted,-3.0,0.20000000000000004,0.65,0.44999999999999996
1148,G_592,Relational,unweighted,-3.0,0.8166666666666668,0.7333333333333334,-0.08333333333333337
1149,G_179,Relational,unweighted,-3.0,0.11666666666666665,0.15,0.03333333333333334
1150,G_240,Relational,unweighted,-3.0,0.5254385964912281,0.4000000000000001,-0.12543859649122807
1151,G_347,Relational,unweighted,-3.0,0.6666666666666666,0.7166666666666667,0.050000000000000044
1152,G_163,Relational,unweighted,-2.0,0.9500000000000001,0.9,-0.050000000000000044
1153,H_093,Relational,unweighted,-2.0,0.36666666666666664,0.46666666666666673,0.10000000000000009
1154,G_114,Relational,unweighted,-2.0,0.4833333333333334,0.7000000000000001,0.21666666666666667
1155,G_104,Relational,unweighted,-2.0,0.049999999999999996,0.0,-0.049999999999999996
1156,G_123,Relational,unweighted,-2.0,0.30000000000000004,0.36666666666666664,0.0666666666666666
1157,H_088,Relational,unweighted,-2.0,0.2333333333333333,0.15,-0.08333333333333331
1158,G_255,Relational,unweighted,-2.0,0.5499999999999999,0.65,0.10000000000000009
1159,G_458,Relational,unweighted,-2.0,0.0,0.03333333333333333,0.03333333333333333
1160,G_401,Relational,unweighted,-2.0,0.75,0.8166666666666668,0.06666666666666676
1161,G_227,Relational,unweighted,-2.0,0.8166666666666668,0.8166666666666668,0.0
1162,H_027,Relational,unweighted,-2.0,0.65,0.7000000000000001,0.050000000000000044
1163,G_275,Relational,unweighted,-2.0,0.15000000000000002,0.35000000000000003,0.2
1164,G_438,Relational,unweighted,-2.0,0.0,0.06666666666666667,0.06666666666666667
1165,G_044,Relational,unweighted,-2.0,0.4000000000000001,0.2833333333333334,-0.1166666666666667
1166,H_002,Relational,unweighted,-2.0,0.016666666666666666,0.11666666666666665,0.09999999999999999
1167,G_523,Relational,unweighted,-2.0,0.9,0.9500000000000001,0.050000000000000044
1168,G_312,Relational,unweighted,-2.0,0.9500000000000001,0.9833333333333334,0.033333333333333326
1169,G_009,Relational,unweighted,-2.0,0.85,0.9,0.050000000000000044
1170,H_087,Relational,unweighted,-2.0,0.65,0.75,0.09999999999999998
1171,G_199,Relational,unweighted,-2.0,0.9333333333333332,0.8666666666666666,-0.06666666666666665
1172,G_195,Relational,unweighted,-2.0,0.21666666666666665,0.65,0.43333333333333335
1173,G_482,Relational,unweighted,-2.0,0.2333333333333333,0.18333333333333335,-0.04999999999999996
1174,H_084,Relational,unweighted,-2.0,0.9500000000000001,0.9666666666666667,0.016666666666666607
1175,G_109,Relational,unweighted,-2.0,0.3,0.3833333333333333,0.08333333333333331
1176,H_023,Relational,unweighted,-2.0,0.03333333333333333,0.18333333333333335,0.15000000000000002
1177,G_149,Relational,unweighted,-2.0,0.7333333333333334,0.48333333333333334,-0.25000000000000006
1178,G_113,Relational,unweighted,-2.0,0.75,0.75,0.0
1179,G_269,Relational,unweighted,-2.0,0.20000000000000004,0.5833333333333334,0.3833333333333333
1180,G_592,Relational,unweighted,-2.0,0.8166666666666668,0.7666666666666666,-0.050000000000000155
1181,G_179,Relational,unweighted,-2.0,0.11666666666666665,0.16666666666666666,0.05
1182,G_240,Relational,unweighted,-2.0,0.5254385964912281,0.4333333333333333,-0.09210526315789486
1183,G_347,Relational,unweighted,-2.0,0.6666666666666666,0.75,0.08333333333333337
1184,G_163,Relational,unweighted,-1.0,0.9500000000000001,0.9,-0.050000000000000044
1185,H_093,Relational,unweighted,-1.0,0.36666666666666664,0.6333333333333333,0.26666666666666666
1186,G_114,Relational,unweighted,-1.0,0.4833333333333334,0.6499999999999999,0.16666666666666652
1187,G_104,Relational,unweighted,-1.0,0.049999999999999996,0.016666666666666666,-0.033333333333333326
1188,G_123,Relational,unweighted,-1.0,0.30000000000000004,0.4666666666666666,0.16666666666666657
1189,H_088,Relational,unweighted,-1.0,0.2333333333333333,0.20000000000000004,-0.03333333333333327
1190,G_255,Relational,unweighted,-1.0,0.5499999999999999,0.5666666666666668,0.01666666666666683
1191,G_458,Relational,unweighted,-1.0,0.0,0.06666666666666667,0.06666666666666667
1192,G_401,Relational,unweighted,-1.0,0.75,0.8166666666666668,0.06666666666666676
1193,G_227,Relational,unweighted,-1.0,0.8166666666666668,0.8333333333333334,0.016666666666666607
1194,H_027,Relational,unweighted,-1.0,0.65,0.8000000000000002,0.15000000000000013
1195,G_275,Relational,unweighted,-1.0,0.15000000000000002,0.25,0.09999999999999998
1196,G_438,Relational,unweighted,-1.0,0.0,0.09999999999999999,0.09999999999999999
1197,G_044,Relational,unweighted,-1.0,0.4000000000000001,0.26666666666666666,-0.13333333333333341
1198,H_002,Relational,unweighted,-1.0,0.016666666666666666,0.08333333333333333,0.06666666666666667
1199,G_523,Relational,unweighted,-1.0,0.9,0.9833333333333334,0.08333333333333337
1200,G_312,Relational,unweighted,-1.0,0.9500000000000001,0.9666666666666667,0.016666666666666607
1201,G_009,Relational,unweighted,-1.0,0.85,0.9,0.050000000000000044
1202,H_087,Relational,unweighted,-1.0,0.65,0.85,0.19999999999999996
1203,G_199,Relational,unweighted,-1.0,0.9333333333333332,0.8833333333333334,-0.04999999999999982
1204,G_195,Relational,unweighted,-1.0,0.21666666666666665,0.6,0.3833333333333333
1205,G_482,Relational,unweighted,-1.0,0.2333333333333333,0.13333333333333333,-0.09999999999999998
1206,H_084,Relational,unweighted,-1.0,0.9500000000000001,0.9833333333333334,0.033333333333333326
1207,G_109,Relational,unweighted,-1.0,0.3,0.4259259259259259,0.12592592592592589
1208,H_023,Relational,unweighted,-1.0,0.03333333333333333,0.18333333333333335,0.15000000000000002
1209,G_149,Relational,unweighted,-1.0,0.7333333333333334,0.5499999999999999,-0.18333333333333346
1210,G_113,Relational,unweighted,-1.0,0.75,0.7833333333333333,0.033333333333333326
1211,G_269,Relational,unweighted,-1.0,0.20000000000000004,0.6166666666666666,0.4166666666666665
1212,G_592,Relational,unweighted,-1.0,0.8166666666666668,0.75,-0.06666666666666676
1213,G_179,Relational,unweighted,-1.0,0.11666666666666665,0.18333333333333335,0.0666666666666667
1214,G_240,Relational,unweighted,-1.0,0.5254385964912281,0.4166666666666667,-0.10877192982456146
1215,G_347,Relational,unweighted,-1.0,0.6666666666666666,0.6166666666666667,-0.04999999999999993
1216,G_163,Relational,unweighted,0.0,0.9500000000000001,0.85,-0.10000000000000009
1217,H_093,Relational,unweighted,0.0,0.36666666666666664,0.5833333333333334,0.21666666666666673
1218,G_114,Relational,unweighted,0.0,0.4833333333333334,0.7000000000000001,0.21666666666666667
1219,G_104,Relational,unweighted,0.0,0.049999999999999996,0.03333333333333333,-0.016666666666666663
1220,G_123,Relational,unweighted,0.0,0.30000000000000004,0.5333333333333333,0.23333333333333328
1221,H_088,Relational,unweighted,0.0,0.2333333333333333,0.19999999999999998,-0.033333333333333326
1222,G_255,Relational,unweighted,0.0,0.5499999999999999,0.6131578947368421,0.06315789473684219
1223,G_458,Relational,unweighted,0.0,0.0,0.016666666666666666,0.016666666666666666
1224,G_401,Relational,unweighted,0.0,0.75,0.7999999999999999,0.04999999999999993
1225,G_227,Relational,unweighted,0.0,0.8166666666666668,0.8166666666666668,0.0
1226,H_027,Relational,unweighted,0.0,0.65,0.7000000000000001,0.050000000000000044
1227,G_275,Relational,unweighted,0.0,0.15000000000000002,0.15,-2.7755575615628914e-17
1228,G_438,Relational,unweighted,0.0,0.0,0.10000000000000002,0.10000000000000002
1229,G_044,Relational,unweighted,0.0,0.4000000000000001,0.26666666666666666,-0.13333333333333341
1230,H_002,Relational,unweighted,0.0,0.016666666666666666,0.11666666666666665,0.09999999999999999
1231,G_523,Relational,unweighted,0.0,0.9,0.9500000000000001,0.050000000000000044
1232,G_312,Relational,unweighted,0.0,0.9500000000000001,0.9500000000000001,0.0
1233,G_009,Relational,unweighted,0.0,0.85,0.9333333333333332,0.08333333333333326
1234,H_087,Relational,unweighted,0.0,0.65,0.85,0.19999999999999996
1235,G_199,Relational,unweighted,0.0,0.9333333333333332,0.8833333333333333,-0.04999999999999993
1236,G_195,Relational,unweighted,0.0,0.21666666666666665,0.6833333333333332,0.46666666666666656
1237,G_482,Relational,unweighted,0.0,0.2333333333333333,0.23333333333333336,5.551115123125783e-17
1238,H_084,Relational,unweighted,0.0,0.9500000000000001,0.9666666666666667,0.016666666666666607
1239,G_109,Relational,unweighted,0.0,0.3,0.48333333333333334,0.18333333333333335
1240,H_023,Relational,unweighted,0.0,0.03333333333333333,0.11666666666666665,0.08333333333333331
1241,G_149,Relational,unweighted,0.0,0.7333333333333334,0.6,-0.13333333333333341
1242,G_113,Relational,unweighted,0.0,0.75,0.7999999999999999,0.04999999999999993
1243,G_269,Relational,unweighted,0.0,0.20000000000000004,0.6333333333333334,0.43333333333333335
1244,G_592,Relational,unweighted,0.0,0.8166666666666668,0.7833333333333333,-0.03333333333333344
1245,G_179,Relational,unweighted,0.0,0.11666666666666665,0.15,0.03333333333333334
1246,G_240,Relational,unweighted,0.0,0.5254385964912281,0.5666666666666667,0.0412280701754385
1247,G_347,Relational,unweighted,0.0,0.6666666666666666,0.7166666666666667,0.050000000000000044
1248,G_163,Relational,unweighted,1.0,0.9500000000000001,0.8333333333333334,-0.1166666666666667
1249,H_093,Relational,unweighted,1.0,0.36666666666666664,0.4833333333333334,0.11666666666666675
1250,G_114,Relational,unweighted,1.0,0.4833333333333334,0.7666666666666666,0.2833333333333332
1251,G_104,Relational,unweighted,1.0,0.049999999999999996,0.0,-0.049999999999999996
1252,G_123,Relational,unweighted,1.0,0.30000000000000004,0.48333333333333334,0.1833333333333333
1253,H_088,Relational,unweighted,1.0,0.2333333333333333,0.16666666666666666,-0.06666666666666665
1254,G_255,Relational,unweighted,1.0,0.5499999999999999,0.7166666666666667,0.16666666666666674
1255,G_458,Relational,unweighted,1.0,0.0,0.016666666666666666,0.016666666666666666
1256,G_401,Relational,unweighted,1.0,0.75,0.8333333333333334,0.08333333333333337
1257,G_227,Relational,unweighted,1.0,0.8166666666666668,0.8166666666666668,0.0
1258,H_027,Relational,unweighted,1.0,0.65,0.7833333333333332,0.1333333333333332
1259,G_275,Relational,unweighted,1.0,0.15000000000000002,0.3166666666666667,0.16666666666666669
1260,G_438,Relational,unweighted,1.0,0.0,0.08333333333333333,0.08333333333333333
1261,G_044,Relational,unweighted,1.0,0.4000000000000001,0.3666666666666667,-0.03333333333333338
1262,H_002,Relational,unweighted,1.0,0.016666666666666666,0.049999999999999996,0.033333333333333326
1263,G_523,Relational,unweighted,1.0,0.9,0.9500000000000001,0.050000000000000044
1264,G_312,Relational,unweighted,1.0,0.9500000000000001,0.9333333333333332,-0.01666666666666683
1265,G_009,Relational,unweighted,1.0,0.85,0.8482456140350877,-0.0017543859649122862
1266,H_087,Relational,unweighted,1.0,0.65,0.8333333333333334,0.18333333333333335
1267,G_199,Relational,unweighted,1.0,0.9333333333333332,0.8666666666666667,-0.06666666666666654
1268,G_195,Relational,unweighted,1.0,0.21666666666666665,0.6333333333333333,0.41666666666666663
1269,G_482,Relational,unweighted,1.0,0.2333333333333333,0.09999999999999999,-0.1333333333333333
1270,H_084,Relational,unweighted,1.0,0.9500000000000001,0.9666666666666667,0.016666666666666607
1271,G_109,Relational,unweighted,1.0,0.3,0.5166666666666667,0.21666666666666673
1272,H_023,Relational,unweighted,1.0,0.03333333333333333,0.16666666666666666,0.13333333333333333
1273,G_149,Relational,unweighted,1.0,0.7333333333333334,0.6,-0.13333333333333341
1274,G_113,Relational,unweighted,1.0,0.75,0.7666666666666666,0.016666666666666607
1275,G_269,Relational,unweighted,1.0,0.20000000000000004,0.5596491228070176,0.35964912280701755
1276,G_592,Relational,unweighted,1.0,0.8166666666666668,0.6947368421052632,-0.12192982456140355
1277,G_179,Relational,unweighted,1.0,0.11666666666666665,0.13333333333333333,0.016666666666666677
1278,G_240,Relational,unweighted,1.0,0.5254385964912281,0.6333333333333333,0.10789473684210515
1279,G_347,Relational,unweighted,1.0,0.6666666666666666,0.6666666666666666,0.0
1280,G_163,Relational,unweighted,2.0,0.9500000000000001,0.8999999999999999,-0.050000000000000155
1281,H_093,Relational,unweighted,2.0,0.36666666666666664,0.5333333333333333,0.16666666666666669
1282,G_114,Relational,unweighted,2.0,0.4833333333333334,0.730701754385965,0.24736842105263157
1283,G_104,Relational,unweighted,2.0,0.049999999999999996,0.016666666666666666,-0.033333333333333326
1284,G_123,Relational,unweighted,2.0,0.30000000000000004,0.45,0.14999999999999997
1285,H_088,Relational,unweighted,2.0,0.2333333333333333,0.18333333333333335,-0.04999999999999996
1286,G_255,Relational,unweighted,2.0,0.5499999999999999,0.6,0.050000000000000044
1287,G_458,Relational,unweighted,2.0,0.0,0.016666666666666666,0.016666666666666666
1288,G_401,Relational,unweighted,2.0,0.75,0.8333333333333334,0.08333333333333337
1289,G_227,Relational,unweighted,2.0,0.8166666666666668,0.85,0.033333333333333215
1290,H_027,Relational,unweighted,2.0,0.65,0.7333333333333334,0.08333333333333337
1291,G_275,Relational,unweighted,2.0,0.15000000000000002,0.2833333333333334,0.13333333333333336
1292,G_438,Relational,unweighted,2.0,0.0,0.11666666666666665,0.11666666666666665
1293,G_044,Relational,unweighted,2.0,0.4000000000000001,0.3499999999999999,-0.050000000000000155
1294,H_002,Relational,unweighted,2.0,0.016666666666666666,0.09999999999999999,0.08333333333333333
1295,G_523,Relational,unweighted,2.0,0.9,0.9833333333333334,0.08333333333333337
1296,G_312,Relational,unweighted,2.0,0.9500000000000001,0.9333333333333332,-0.01666666666666683
1297,G_009,Relational,unweighted,2.0,0.85,0.9,0.050000000000000044
1298,H_087,Relational,unweighted,2.0,0.65,0.8333333333333334,0.18333333333333335
1299,G_199,Relational,unweighted,2.0,0.9333333333333332,0.9,-0.033333333333333215
1300,G_195,Relational,unweighted,2.0,0.21666666666666665,0.6666666666666666,0.44999999999999996
1301,G_482,Relational,unweighted,2.0,0.2333333333333333,0.20000000000000004,-0.03333333333333327
1302,H_084,Relational,unweighted,2.0,0.9500000000000001,0.9833333333333334,0.033333333333333326
1303,G_109,Relational,unweighted,2.0,0.3,0.5,0.2
1304,H_023,Relational,unweighted,2.0,0.03333333333333333,0.18333333333333335,0.15000000000000002
1305,G_149,Relational,unweighted,2.0,0.7333333333333334,0.5333333333333333,-0.20000000000000007
1306,G_113,Relational,unweighted,2.0,0.75,0.8166666666666668,0.06666666666666676
1307,G_269,Relational,unweighted,2.0,0.20000000000000004,0.6,0.3999999999999999
1308,G_592,Relational,unweighted,2.0,0.8166666666666668,0.8166666666666668,0.0
1309,G_179,Relational,unweighted,2.0,0.11666666666666665,0.11666666666666665,0.0
1310,G_240,Relational,unweighted,2.0,0.5254385964912281,0.5,-0.02543859649122815
1311,G_347,Relational,unweighted,2.0,0.6666666666666666,0.7096491228070176,0.04298245614035101
1312,G_163,Relational,unweighted,3.0,0.9500000000000001,0.8999999999999999,-0.050000000000000155
1313,H_093,Relational,unweighted,3.0,0.36666666666666664,0.5666666666666668,0.20000000000000012
1314,G_114,Relational,unweighted,3.0,0.4833333333333334,0.7333333333333334,0.25
1315,G_104,Relational,unweighted,3.0,0.049999999999999996,0.016666666666666666,-0.033333333333333326
1316,G_123,Relational,unweighted,3.0,0.30000000000000004,0.5499999999999999,0.2499999999999999
1317,H_088,Relational,unweighted,3.0,0.2333333333333333,0.21666666666666667,-0.016666666666666635
1318,G_255,Relational,unweighted,3.0,0.5499999999999999,0.6833333333333335,0.13333333333333353
1319,G_458,Relational,unweighted,3.0,0.0,0.049999999999999996,0.049999999999999996
1320,G_401,Relational,unweighted,3.0,0.75,0.85,0.09999999999999998
1321,G_227,Relational,unweighted,3.0,0.8166666666666668,0.8833333333333333,0.06666666666666654
1322,H_027,Relational,unweighted,3.0,0.65,0.7999999999999999,0.1499999999999999
1323,G_275,Relational,unweighted,3.0,0.15000000000000002,0.3333333333333333,0.1833333333333333
1324,G_438,Relational,unweighted,3.0,0.0,0.11666666666666665,0.11666666666666665
1325,G_044,Relational,unweighted,3.0,0.4000000000000001,0.31666666666666665,-0.08333333333333343
1326,H_002,Relational,unweighted,3.0,0.016666666666666666,0.11666666666666665,0.09999999999999999
1327,G_523,Relational,unweighted,3.0,0.9,0.9666666666666667,0.06666666666666665
1328,G_312,Relational,unweighted,3.0,0.9500000000000001,0.9500000000000001,0.0
1329,G_009,Relational,unweighted,3.0,0.85,0.9,0.050000000000000044
1330,H_087,Relational,unweighted,3.0,0.65,0.8166666666666668,0.16666666666666674
1331,G_199,Relational,unweighted,3.0,0.9333333333333332,0.9166666666666666,-0.016666666666666607
1332,G_195,Relational,unweighted,3.0,0.21666666666666665,0.7000000000000001,0.4833333333333334
1333,G_482,Relational,unweighted,3.0,0.2333333333333333,0.2833333333333334,0.05000000000000007
1334,H_084,Relational,unweighted,3.0,0.9500000000000001,0.9166666666666666,-0.03333333333333344
1335,G_109,Relational,unweighted,3.0,0.3,0.45,0.15000000000000002
1336,H_023,Relational,unweighted,3.0,0.03333333333333333,0.26842105263157895,0.23508771929824562
1337,G_149,Relational,unweighted,3.0,0.7333333333333334,0.5,-0.2333333333333334
1338,G_113,Relational,unweighted,3.0,0.75,0.75,0.0
1339,G_269,Relational,unweighted,3.0,0.20000000000000004,0.6666666666666666,0.46666666666666656
1340,G_592,Relational,unweighted,3.0,0.8166666666666668,0.7666666666666666,-0.050000000000000155
1341,G_179,Relational,unweighted,3.0,0.11666666666666665,0.09999999999999999,-0.016666666666666663
1342,G_240,Relational,unweighted,3.0,0.5254385964912281,0.6464912280701754,0.1210526315789473
1343,G_347,Relational,unweighted,3.0,0.6666666666666666,0.7166666666666667,0.050000000000000044
1344,G_163,Relational,unweighted,4.0,0.9500000000000001,0.8333333333333334,-0.1166666666666667
1345,H_093,Relational,unweighted,4.0,0.36666666666666664,0.5333333333333333,0.16666666666666669
1346,G_114,Relational,unweighted,4.0,0.4833333333333334,0.7000000000000001,0.21666666666666667
1347,G_104,Relational,unweighted,4.0,0.049999999999999996,0.0,-0.049999999999999996
1348,G_123,Relational,unweighted,4.0,0.30000000000000004,0.5833333333333334,0.2833333333333333
1349,H_088,Relational,unweighted,4.0,0.2333333333333333,0.16666666666666666,-0.06666666666666665
1350,G_255,Relational,unweighted,4.0,0.5499999999999999,0.5833333333333334,0.03333333333333344
1351,G_458,Relational,unweighted,4.0,0.0,0.09999999999999999,0.09999999999999999
1352,G_401,Relational,unweighted,4.0,0.75,0.7999999999999999,0.04999999999999993
1353,G_227,Relational,unweighted,4.0,0.8166666666666668,0.85,0.033333333333333215
1354,H_027,Relational,unweighted,4.0,0.65,0.8166666666666668,0.16666666666666674
1355,G_275,Relational,unweighted,4.0,0.15000000000000002,0.45,0.3
1356,G_438,Relational,unweighted,4.0,0.0,0.18333333333333335,0.18333333333333335
1357,G_044,Relational,unweighted,4.0,0.4000000000000001,0.35000000000000003,-0.050000000000000044
1358,H_002,Relational,unweighted,4.0,0.016666666666666666,0.049999999999999996,0.033333333333333326
1359,G_523,Relational,unweighted,4.0,0.9,0.9833333333333334,0.08333333333333337
1360,G_312,Relational,unweighted,4.0,0.9500000000000001,0.9500000000000001,0.0
1361,G_009,Relational,unweighted,4.0,0.85,0.8333333333333334,-0.016666666666666607
1362,H_087,Relational,unweighted,4.0,0.65,0.7666666666666666,0.11666666666666659
1363,G_199,Relational,unweighted,4.0,0.9333333333333332,0.9166666666666666,-0.016666666666666607
1364,G_195,Relational,unweighted,4.0,0.21666666666666665,0.6666666666666666,0.44999999999999996
1365,G_482,Relational,unweighted,4.0,0.2333333333333333,0.2333333333333333,0.0
1366,H_084,Relational,unweighted,4.0,0.9500000000000001,0.9500000000000001,0.0
1367,G_109,Relational,unweighted,4.0,0.3,0.5,0.2
1368,H_023,Relational,unweighted,4.0,0.03333333333333333,0.21754385964912282,0.1842105263157895
1369,G_149,Relational,unweighted,4.0,0.7333333333333334,0.6666666666666666,-0.06666666666666676
1370,G_113,Relational,unweighted,4.0,0.75,0.7333333333333334,-0.016666666666666607
1371,G_269,Relational,unweighted,4.0,0.20000000000000004,0.6166666666666667,0.41666666666666663
1372,G_592,Relational,unweighted,4.0,0.8166666666666668,0.7333333333333333,-0.08333333333333348
1373,G_179,Relational,unweighted,4.0,0.11666666666666665,0.15,0.03333333333333334
1374,G_240,Relational,unweighted,4.0,0.5254385964912281,0.6807017543859649,0.15526315789473677
1375,G_347,Relational,unweighted,4.0,0.6666666666666666,0.7666666666666666,0.09999999999999998
1376,G_163,Relational,unweighted,5.0,0.9500000000000001,0.9166666666666666,-0.03333333333333344
1377,H_093,Relational,unweighted,5.0,0.36666666666666664,0.6166666666666666,0.24999999999999994
1378,G_114,Relational,unweighted,5.0,0.4833333333333334,0.75,0.2666666666666666
1379,G_104,Relational,unweighted,5.0,0.049999999999999996,0.016666666666666666,-0.033333333333333326
1380,G_123,Relational,unweighted,5.0,0.30000000000000004,0.65,0.35
1381,H_088,Relational,unweighted,5.0,0.2333333333333333,0.20000000000000004,-0.03333333333333327
1382,G_255,Relational,unweighted,5.0,0.5499999999999999,0.6333333333333334,0.08333333333333348
1383,G_458,Relational,unweighted,5.0,0.0,0.10000000000000002,0.10000000000000002
1384,G_401,Relational,unweighted,5.0,0.75,0.85,0.09999999999999998
1385,G_227,Relational,unweighted,5.0,0.8166666666666668,0.8833333333333333,0.06666666666666654
1386,H_027,Relational,unweighted,5.0,0.65,0.7999999999999999,0.1499999999999999
1387,G_275,Relational,unweighted,5.0,0.15000000000000002,0.4166666666666667,0.26666666666666666
1388,G_438,Relational,unweighted,5.0,0.0,0.18859649122807018,0.18859649122807018
1389,G_044,Relational,unweighted,5.0,0.4000000000000001,0.2833333333333334,-0.1166666666666667
1390,H_002,Relational,unweighted,5.0,0.016666666666666666,0.09999999999999999,0.08333333333333333
1391,G_523,Relational,unweighted,5.0,0.9,0.9833333333333334,0.08333333333333337
1392,G_312,Relational,unweighted,5.0,0.9500000000000001,0.9666666666666667,0.016666666666666607
1393,G_009,Relational,unweighted,5.0,0.85,0.8166666666666668,-0.033333333333333215
1394,H_087,Relational,unweighted,5.0,0.65,0.8666666666666667,0.21666666666666667
1395,G_199,Relational,unweighted,5.0,0.9333333333333332,0.8666666666666667,-0.06666666666666654
1396,G_195,Relational,unweighted,5.0,0.21666666666666665,0.7333333333333334,0.5166666666666667
1397,G_482,Relational,unweighted,5.0,0.2333333333333333,0.26666666666666666,0.033333333333333354
1398,H_084,Relational,unweighted,5.0,0.9500000000000001,0.9333333333333332,-0.01666666666666683
1399,G_109,Relational,unweighted,5.0,0.3,0.65,0.35000000000000003
1400,H_023,Relational,unweighted,5.0,0.03333333333333333,0.2333333333333333,0.19999999999999998
1401,G_149,Relational,unweighted,5.0,0.7333333333333334,0.5,-0.2333333333333334
1402,G_113,Relational,unweighted,5.0,0.75,0.75,0.0
1403,G_269,Relational,unweighted,5.0,0.20000000000000004,0.5833333333333334,0.3833333333333333
1404,G_592,Relational,unweighted,5.0,0.8166666666666668,0.6333333333333333,-0.18333333333333346
1405,G_179,Relational,unweighted,5.0,0.11666666666666665,0.11666666666666665,0.0
1406,G_240,Relational,unweighted,5.0,0.5254385964912281,0.75,0.22456140350877185
1407,G_347,Relational,unweighted,5.0,0.6666666666666666,0.65,-0.016666666666666607
1408,H_002,Emotional,weighted,-5.0,0.016666666666666666,0.15,0.13333333333333333
1409,G_009,Emotional,weighted,-5.0,0.85,0.6666666666666666,-0.18333333333333335
1410,G_109,Emotional,weighted,-5.0,0.3,0.21666666666666667,-0.08333333333333331
1411,G_044,Emotional,weighted,-5.0,0.4000000000000001,0.35000000000000003,-0.050000000000000044
1412,H_087,Emotional,weighted,-5.0,0.65,0.18333333333333335,-0.4666666666666667
1413,G_482,Emotional,weighted,-5.0,0.2333333333333333,0.20087719298245613,-0.03245614035087718
1414,G_114,Emotional,weighted,-5.0,0.4833333333333334,0.26666666666666666,-0.21666666666666673
1415,G_227,Emotional,weighted,-5.0,0.8166666666666668,0.5236842105263158,-0.292982456140351
1416,H_027,Emotional,weighted,-5.0,0.65,0.2350877192982456,-0.41491228070175445
1417,G_592,Emotional,weighted,-5.0,0.8166666666666668,0.5666666666666667,-0.2500000000000001
1418,G_195,Emotional,weighted,-5.0,0.21666666666666665,0.16666666666666666,-0.04999999999999999
1419,G_438,Emotional,weighted,-5.0,0.0,0.11666666666666665,0.11666666666666665
1420,G_123,Emotional,weighted,-5.0,0.30000000000000004,0.11666666666666665,-0.1833333333333334
1421,G_163,Emotional,weighted,-5.0,0.9500000000000001,0.7833333333333332,-0.16666666666666685
1422,G_269,Emotional,weighted,-5.0,0.20000000000000004,0.19999999999999998,-5.551115123125783e-17
1423,H_088,Emotional,weighted,-5.0,0.2333333333333333,0.16666666666666666,-0.06666666666666665
1424,G_347,Emotional,weighted,-5.0,0.6666666666666666,0.5166666666666667,-0.1499999999999999
1425,H_023,Emotional,weighted,-5.0,0.03333333333333333,0.15,0.11666666666666667
1426,H_084,Emotional,weighted,-5.0,0.9500000000000001,0.7666666666666666,-0.18333333333333346
1427,G_312,Emotional,weighted,-5.0,0.9500000000000001,0.8833333333333333,-0.06666666666666676
1428,G_255,Emotional,weighted,-5.0,0.5499999999999999,0.7166666666666668,0.16666666666666685
1429,G_179,Emotional,weighted,-5.0,0.11666666666666665,0.16666666666666666,0.05
1430,G_401,Emotional,weighted,-5.0,0.75,0.5333333333333333,-0.21666666666666667
1431,G_458,Emotional,weighted,-5.0,0.0,0.13333333333333333,0.13333333333333333
1432,G_199,Emotional,weighted,-5.0,0.9333333333333332,0.5666666666666668,-0.3666666666666665
1433,G_113,Emotional,weighted,-5.0,0.75,0.3833333333333333,-0.3666666666666667
1434,G_523,Emotional,weighted,-5.0,0.9,0.85,-0.050000000000000044
1435,G_104,Emotional,weighted,-5.0,0.049999999999999996,0.16666666666666666,0.11666666666666667
1436,H_093,Emotional,weighted,-5.0,0.36666666666666664,0.3,-0.06666666666666665
1437,G_149,Emotional,weighted,-5.0,0.7333333333333334,0.3666666666666667,-0.3666666666666667
1438,G_240,Emotional,weighted,-5.0,0.5254385964912281,0.17037037037037037,-0.35506822612085776
1439,G_275,Emotional,weighted,-5.0,0.15000000000000002,0.7166666666666667,0.5666666666666667
1440,H_002,Emotional,weighted,-4.0,0.016666666666666666,0.16666666666666666,0.15
1441,G_009,Emotional,weighted,-4.0,0.85,0.6263157894736842,-0.22368421052631582
1442,G_109,Emotional,weighted,-4.0,0.3,0.2833333333333334,-0.016666666666666607
1443,G_044,Emotional,weighted,-4.0,0.4000000000000001,0.3833333333333333,-0.016666666666666774
1444,H_087,Emotional,weighted,-4.0,0.65,0.2333333333333333,-0.41666666666666674
1445,G_482,Emotional,weighted,-4.0,0.2333333333333333,0.25087719298245614,0.017543859649122834
1446,G_114,Emotional,weighted,-4.0,0.4833333333333334,0.35000000000000003,-0.13333333333333336
1447,G_227,Emotional,weighted,-4.0,0.8166666666666668,0.5166666666666666,-0.30000000000000016
1448,H_027,Emotional,weighted,-4.0,0.65,0.26666666666666666,-0.38333333333333336
1449,G_592,Emotional,weighted,-4.0,0.8166666666666668,0.5,-0.31666666666666676
1450,G_195,Emotional,weighted,-4.0,0.21666666666666665,0.11666666666666665,-0.09999999999999999
1451,G_438,Emotional,weighted,-4.0,0.0,0.049999999999999996,0.049999999999999996
1452,G_123,Emotional,weighted,-4.0,0.30000000000000004,0.13333333333333333,-0.1666666666666667
1453,G_163,Emotional,weighted,-4.0,0.9500000000000001,0.6333333333333333,-0.31666666666666676
1454,G_269,Emotional,weighted,-4.0,0.20000000000000004,0.16666666666666666,-0.03333333333333338
1455,H_088,Emotional,weighted,-4.0,0.2333333333333333,0.16666666666666666,-0.06666666666666665
1456,G_347,Emotional,weighted,-4.0,0.6666666666666666,0.5333333333333333,-0.1333333333333333
1457,H_023,Emotional,weighted,-4.0,0.03333333333333333,0.20000000000000004,0.1666666666666667
1458,H_084,Emotional,weighted,-4.0,0.9500000000000001,0.7999999999999999,-0.15000000000000013
1459,G_312,Emotional,weighted,-4.0,0.9500000000000001,0.8833333333333333,-0.06666666666666676
1460,G_255,Emotional,weighted,-4.0,0.5499999999999999,0.7166666666666667,0.16666666666666674
1461,G_179,Emotional,weighted,-4.0,0.11666666666666665,0.16666666666666666,0.05
1462,G_401,Emotional,weighted,-4.0,0.75,0.5245614035087719,-0.2254385964912281
1463,G_458,Emotional,weighted,-4.0,0.0,0.06666666666666667,0.06666666666666667
1464,G_199,Emotional,weighted,-4.0,0.9333333333333332,0.7000000000000001,-0.23333333333333317
1465,G_113,Emotional,weighted,-4.0,0.75,0.35000000000000003,-0.39999999999999997
1466,G_523,Emotional,weighted,-4.0,0.9,0.8666666666666667,-0.033333333333333326
1467,G_104,Emotional,weighted,-4.0,0.049999999999999996,0.15,0.1
1468,H_093,Emotional,weighted,-4.0,0.36666666666666664,0.18333333333333335,-0.1833333333333333
1469,G_149,Emotional,weighted,-4.0,0.7333333333333334,0.35000000000000003,-0.38333333333333336
1470,G_240,Emotional,weighted,-4.0,0.5254385964912281,0.2333333333333333,-0.29210526315789487
1471,G_275,Emotional,weighted,-4.0,0.15000000000000002,0.7166666666666667,0.5666666666666667
1472,H_002,Emotional,weighted,-3.0,0.016666666666666666,0.06666666666666667,0.05
1473,G_009,Emotional,weighted,-3.0,0.85,0.7333333333333334,-0.11666666666666659
1474,G_109,Emotional,weighted,-3.0,0.3,0.21666666666666665,-0.08333333333333334
1475,G_044,Emotional,weighted,-3.0,0.4000000000000001,0.38333333333333336,-0.01666666666666672
1476,H_087,Emotional,weighted,-3.0,0.65,0.2833333333333333,-0.3666666666666667
1477,G_482,Emotional,weighted,-3.0,0.2333333333333333,0.20000000000000004,-0.03333333333333327
1478,G_114,Emotional,weighted,-3.0,0.4833333333333334,0.3,-0.1833333333333334
1479,G_227,Emotional,weighted,-3.0,0.8166666666666668,0.6,-0.21666666666666679
1480,H_027,Emotional,weighted,-3.0,0.65,0.31666666666666665,-0.33333333333333337
1481,G_592,Emotional,weighted,-3.0,0.8166666666666668,0.6833333333333332,-0.13333333333333353
1482,G_195,Emotional,weighted,-3.0,0.21666666666666665,0.15087719298245614,-0.06578947368421051
1483,G_438,Emotional,weighted,-3.0,0.0,0.03333333333333333,0.03333333333333333
1484,G_123,Emotional,weighted,-3.0,0.30000000000000004,0.18333333333333335,-0.1166666666666667
1485,G_163,Emotional,weighted,-3.0,0.9500000000000001,0.75,-0.20000000000000007
1486,G_269,Emotional,weighted,-3.0,0.20000000000000004,0.18333333333333335,-0.01666666666666669
1487,H_088,Emotional,weighted,-3.0,0.2333333333333333,0.13333333333333333,-0.09999999999999998
1488,G_347,Emotional,weighted,-3.0,0.6666666666666666,0.5333333333333333,-0.1333333333333333
1489,H_023,Emotional,weighted,-3.0,0.03333333333333333,0.15,0.11666666666666667
1490,H_084,Emotional,weighted,-3.0,0.9500000000000001,0.8833333333333333,-0.06666666666666676
1491,G_312,Emotional,weighted,-3.0,0.9500000000000001,0.9500000000000001,0.0
1492,G_255,Emotional,weighted,-3.0,0.5499999999999999,0.8333333333333334,0.28333333333333344
1493,G_179,Emotional,weighted,-3.0,0.11666666666666665,0.16666666666666666,0.05
1494,G_401,Emotional,weighted,-3.0,0.75,0.7166666666666668,-0.033333333333333215
1495,G_458,Emotional,weighted,-3.0,0.0,0.016666666666666666,0.016666666666666666
1496,G_199,Emotional,weighted,-3.0,0.9333333333333332,0.6666666666666666,-0.2666666666666666
1497,G_113,Emotional,weighted,-3.0,0.75,0.5166666666666667,-0.23333333333333328
1498,G_523,Emotional,weighted,-3.0,0.9,0.8666666666666667,-0.033333333333333326
1499,G_104,Emotional,weighted,-3.0,0.049999999999999996,0.16666666666666666,0.11666666666666667
1500,H_093,Emotional,weighted,-3.0,0.36666666666666664,0.26666666666666666,-0.09999999999999998
1501,G_149,Emotional,weighted,-3.0,0.7333333333333334,0.4833333333333332,-0.25000000000000017
1502,G_240,Emotional,weighted,-3.0,0.5254385964912281,0.3333333333333333,-0.19210526315789483
1503,G_275,Emotional,weighted,-3.0,0.15000000000000002,0.6666666666666666,0.5166666666666666
1504,H_002,Emotional,weighted,-2.0,0.016666666666666666,0.049999999999999996,0.033333333333333326
1505,G_009,Emotional,weighted,-2.0,0.85,0.7833333333333333,-0.06666666666666665
1506,G_109,Emotional,weighted,-2.0,0.3,0.4000000000000001,0.10000000000000009
1507,G_044,Emotional,weighted,-2.0,0.4000000000000001,0.5166666666666666,0.11666666666666653
1508,H_087,Emotional,weighted,-2.0,0.65,0.4166666666666667,-0.23333333333333334
1509,G_482,Emotional,weighted,-2.0,0.2333333333333333,0.3166666666666667,0.0833333333333334
1510,G_114,Emotional,weighted,-2.0,0.4833333333333334,0.48333333333333334,-5.551115123125783e-17
1511,G_227,Emotional,weighted,-2.0,0.8166666666666668,0.6166666666666667,-0.20000000000000007
1512,H_027,Emotional,weighted,-2.0,0.65,0.45,-0.2
1513,G_592,Emotional,weighted,-2.0,0.8166666666666668,0.6833333333333332,-0.13333333333333353
1514,G_195,Emotional,weighted,-2.0,0.21666666666666665,0.08333333333333333,-0.1333333333333333
1515,G_438,Emotional,weighted,-2.0,0.0,0.0,0.0
1516,G_123,Emotional,weighted,-2.0,0.30000000000000004,0.09999999999999999,-0.20000000000000007
1517,G_163,Emotional,weighted,-2.0,0.9500000000000001,0.8166666666666668,-0.1333333333333333
1518,G_269,Emotional,weighted,-2.0,0.20000000000000004,0.25,0.04999999999999996
1519,H_088,Emotional,weighted,-2.0,0.2333333333333333,0.15,-0.08333333333333331
1520,G_347,Emotional,weighted,-2.0,0.6666666666666666,0.7000000000000001,0.03333333333333344
1521,H_023,Emotional,weighted,-2.0,0.03333333333333333,0.18333333333333335,0.15000000000000002
1522,H_084,Emotional,weighted,-2.0,0.9500000000000001,0.9,-0.050000000000000044
1523,G_312,Emotional,weighted,-2.0,0.9500000000000001,0.9500000000000001,0.0
1524,G_255,Emotional,weighted,-2.0,0.5499999999999999,0.75,0.20000000000000007
1525,G_179,Emotional,weighted,-2.0,0.11666666666666665,0.16666666666666666,0.05
1526,G_401,Emotional,weighted,-2.0,0.75,0.75,0.0
1527,G_458,Emotional,weighted,-2.0,0.0,0.0,0.0
1528,G_199,Emotional,weighted,-2.0,0.9333333333333332,0.7833333333333333,-0.1499999999999999
1529,G_113,Emotional,weighted,-2.0,0.75,0.55,-0.19999999999999996
1530,G_523,Emotional,weighted,-2.0,0.9,0.9166666666666666,0.016666666666666607
1531,G_104,Emotional,weighted,-2.0,0.049999999999999996,0.15,0.1
1532,H_093,Emotional,weighted,-2.0,0.36666666666666664,0.26666666666666666,-0.09999999999999998
1533,G_149,Emotional,weighted,-2.0,0.7333333333333334,0.48333333333333334,-0.25000000000000006
1534,G_240,Emotional,weighted,-2.0,0.5254385964912281,0.3666666666666667,-0.15877192982456145
1535,G_275,Emotional,weighted,-2.0,0.15000000000000002,0.5833333333333334,0.43333333333333335
1536,H_002,Emotional,weighted,-1.0,0.016666666666666666,0.049999999999999996,0.033333333333333326
1537,G_009,Emotional,weighted,-1.0,0.85,0.7833333333333333,-0.06666666666666665
1538,G_109,Emotional,weighted,-1.0,0.3,0.5166666666666666,0.21666666666666662
1539,G_044,Emotional,weighted,-1.0,0.4000000000000001,0.5833333333333334,0.1833333333333333
1540,H_087,Emotional,weighted,-1.0,0.65,0.5,-0.15000000000000002
1541,G_482,Emotional,weighted,-1.0,0.2333333333333333,0.35000000000000003,0.11666666666666672
1542,G_114,Emotional,weighted,-1.0,0.4833333333333334,0.5333333333333333,0.04999999999999993
1543,G_227,Emotional,weighted,-1.0,0.8166666666666668,0.7000000000000001,-0.1166666666666667
1544,H_027,Emotional,weighted,-1.0,0.65,0.5499999999999999,-0.10000000000000009
1545,G_592,Emotional,weighted,-1.0,0.8166666666666668,0.7666666666666666,-0.050000000000000155
1546,G_195,Emotional,weighted,-1.0,0.21666666666666665,0.11666666666666665,-0.09999999999999999
1547,G_438,Emotional,weighted,-1.0,0.0,0.0,0.0
1548,G_123,Emotional,weighted,-1.0,0.30000000000000004,0.18333333333333335,-0.1166666666666667
1549,G_163,Emotional,weighted,-1.0,0.9500000000000001,0.9333333333333332,-0.01666666666666683
1550,G_269,Emotional,weighted,-1.0,0.20000000000000004,0.20000000000000004,0.0
1551,H_088,Emotional,weighted,-1.0,0.2333333333333333,0.13333333333333333,-0.09999999999999998
1552,G_347,Emotional,weighted,-1.0,0.6666666666666666,0.6833333333333335,0.01666666666666683
1553,H_023,Emotional,weighted,-1.0,0.03333333333333333,0.08333333333333333,0.049999999999999996
1554,H_084,Emotional,weighted,-1.0,0.9500000000000001,0.9500000000000001,0.0
1555,G_312,Emotional,weighted,-1.0,0.9500000000000001,0.9166666666666666,-0.03333333333333344
1556,G_255,Emotional,weighted,-1.0,0.5499999999999999,0.8833333333333333,0.33333333333333337
1557,G_179,Emotional,weighted,-1.0,0.11666666666666665,0.16666666666666666,0.05
1558,G_401,Emotional,weighted,-1.0,0.75,0.7333333333333334,-0.016666666666666607
1559,G_458,Emotional,weighted,-1.0,0.0,0.0,0.0
1560,G_199,Emotional,weighted,-1.0,0.9333333333333332,0.9333333333333332,0.0
1561,G_113,Emotional,weighted,-1.0,0.75,0.6833333333333335,-0.06666666666666654
1562,G_523,Emotional,weighted,-1.0,0.9,0.9500000000000001,0.050000000000000044
1563,G_104,Emotional,weighted,-1.0,0.049999999999999996,0.15,0.1
1564,H_093,Emotional,weighted,-1.0,0.36666666666666664,0.2833333333333333,-0.08333333333333331
1565,G_149,Emotional,weighted,-1.0,0.7333333333333334,0.6,-0.13333333333333341
1566,G_240,Emotional,weighted,-1.0,0.5254385964912281,0.4666666666666666,-0.05877192982456153
1567,G_275,Emotional,weighted,-1.0,0.15000000000000002,0.5833333333333334,0.43333333333333335
1568,H_002,Emotional,weighted,0.0,0.016666666666666666,0.0,-0.016666666666666666
1569,G_009,Emotional,weighted,0.0,0.85,0.8166666666666668,-0.033333333333333215
1570,G_109,Emotional,weighted,0.0,0.3,0.5833333333333334,0.2833333333333334
1571,G_044,Emotional,weighted,0.0,0.4000000000000001,0.75,0.3499999999999999
1572,H_087,Emotional,weighted,0.0,0.65,0.5833333333333334,-0.06666666666666665
1573,G_482,Emotional,weighted,0.0,0.2333333333333333,0.3833333333333333,0.15
1574,G_114,Emotional,weighted,0.0,0.4833333333333334,0.6833333333333332,0.19999999999999984
1575,G_227,Emotional,weighted,0.0,0.8166666666666668,0.7824561403508771,-0.03421052631578969
1576,H_027,Emotional,weighted,0.0,0.65,0.5833333333333333,-0.06666666666666676
1577,G_592,Emotional,weighted,0.0,0.8166666666666668,0.8833333333333333,0.06666666666666654
1578,G_195,Emotional,weighted,0.0,0.21666666666666665,0.18333333333333335,-0.0333333333333333
1579,G_438,Emotional,weighted,0.0,0.0,0.03333333333333333,0.03333333333333333
1580,G_123,Emotional,weighted,0.0,0.30000000000000004,0.3,-5.551115123125783e-17
1581,G_163,Emotional,weighted,0.0,0.9500000000000001,0.8833333333333333,-0.06666666666666676
1582,G_269,Emotional,weighted,0.0,0.20000000000000004,0.18333333333333335,-0.01666666666666669
1583,H_088,Emotional,weighted,0.0,0.2333333333333333,0.15,-0.08333333333333331
1584,G_347,Emotional,weighted,0.0,0.6666666666666666,0.8166666666666668,0.15000000000000013
1585,H_023,Emotional,weighted,0.0,0.03333333333333333,0.16666666666666666,0.13333333333333333
1586,H_084,Emotional,weighted,0.0,0.9500000000000001,0.9,-0.050000000000000044
1587,G_312,Emotional,weighted,0.0,0.9500000000000001,0.9500000000000001,0.0
1588,G_255,Emotional,weighted,0.0,0.5499999999999999,0.7833333333333333,0.2333333333333334
1589,G_179,Emotional,weighted,0.0,0.11666666666666665,0.08333333333333333,-0.033333333333333326
1590,G_401,Emotional,weighted,0.0,0.75,0.6833333333333332,-0.06666666666666676
1591,G_458,Emotional,weighted,0.0,0.0,0.0,0.0
1592,G_199,Emotional,weighted,0.0,0.9333333333333332,0.8833333333333333,-0.04999999999999993
1593,G_113,Emotional,weighted,0.0,0.75,0.85,0.09999999999999998
1594,G_523,Emotional,weighted,0.0,0.9,0.9166666666666666,0.016666666666666607
1595,G_104,Emotional,weighted,0.0,0.049999999999999996,0.03333333333333333,-0.016666666666666663
1596,H_093,Emotional,weighted,0.0,0.36666666666666664,0.3,-0.06666666666666665
1597,G_149,Emotional,weighted,0.0,0.7333333333333334,0.6333333333333334,-0.09999999999999998
1598,G_240,Emotional,weighted,0.0,0.5254385964912281,0.4666666666666666,-0.05877192982456153
1599,G_275,Emotional,weighted,0.0,0.15000000000000002,0.3245614035087719,0.17456140350877186
1600,H_002,Emotional,weighted,1.0,0.016666666666666666,0.016666666666666666,0.0
1601,G_009,Emotional,weighted,1.0,0.85,0.7833333333333333,-0.06666666666666665
1602,G_109,Emotional,weighted,1.0,0.3,0.5833333333333334,0.2833333333333334
1603,G_044,Emotional,weighted,1.0,0.4000000000000001,0.7999999999999999,0.39999999999999986
1604,H_087,Emotional,weighted,1.0,0.65,0.7000000000000001,0.050000000000000044
1605,G_482,Emotional,weighted,1.0,0.2333333333333333,0.43333333333333335,0.20000000000000004
1606,G_114,Emotional,weighted,1.0,0.4833333333333334,0.75,0.2666666666666666
1607,G_227,Emotional,weighted,1.0,0.8166666666666668,0.85,0.033333333333333215
1608,H_027,Emotional,weighted,1.0,0.65,0.8166666666666668,0.16666666666666674
1609,G_592,Emotional,weighted,1.0,0.8166666666666668,0.8166666666666668,0.0
1610,G_195,Emotional,weighted,1.0,0.21666666666666665,0.2333333333333333,0.016666666666666663
1611,G_438,Emotional,weighted,1.0,0.0,0.05000000000000001,0.05000000000000001
1612,G_123,Emotional,weighted,1.0,0.30000000000000004,0.3666666666666667,0.06666666666666665
1613,G_163,Emotional,weighted,1.0,0.9500000000000001,0.85,-0.10000000000000009
1614,G_269,Emotional,weighted,1.0,0.20000000000000004,0.20000000000000004,0.0
1615,H_088,Emotional,weighted,1.0,0.2333333333333333,0.16666666666666666,-0.06666666666666665
1616,G_347,Emotional,weighted,1.0,0.6666666666666666,0.8666666666666667,0.20000000000000007
1617,H_023,Emotional,weighted,1.0,0.03333333333333333,0.31666666666666665,0.2833333333333333
1618,H_084,Emotional,weighted,1.0,0.9500000000000001,0.8833333333333333,-0.06666666666666676
1619,G_312,Emotional,weighted,1.0,0.9500000000000001,0.9166666666666666,-0.03333333333333344
1620,G_255,Emotional,weighted,1.0,0.5499999999999999,0.6982456140350877,0.14824561403508774
1621,G_179,Emotional,weighted,1.0,0.11666666666666665,0.08333333333333333,-0.033333333333333326
1622,G_401,Emotional,weighted,1.0,0.75,0.6798245614035089,-0.07017543859649111
1623,G_458,Emotional,weighted,1.0,0.0,0.0,0.0
1624,G_199,Emotional,weighted,1.0,0.9333333333333332,0.8999999999999999,-0.033333333333333326
1625,G_113,Emotional,weighted,1.0,0.75,0.7999999999999999,0.04999999999999993
1626,G_523,Emotional,weighted,1.0,0.9,0.8666666666666667,-0.033333333333333326
1627,G_104,Emotional,weighted,1.0,0.049999999999999996,0.06666666666666667,0.01666666666666667
1628,H_093,Emotional,weighted,1.0,0.36666666666666664,0.35000000000000003,-0.016666666666666607
1629,G_149,Emotional,weighted,1.0,0.7333333333333334,0.7833333333333333,0.04999999999999993
1630,G_240,Emotional,weighted,1.0,0.5254385964912281,0.5333333333333333,0.007894736842105177
1631,G_275,Emotional,weighted,1.0,0.15000000000000002,0.26666666666666666,0.11666666666666664
1632,H_002,Emotional,weighted,2.0,0.016666666666666666,0.03333333333333333,0.016666666666666666
1633,G_009,Emotional,weighted,2.0,0.85,0.8166666666666668,-0.033333333333333215
1634,G_109,Emotional,weighted,2.0,0.3,0.7333333333333334,0.4333333333333334
1635,G_044,Emotional,weighted,2.0,0.4000000000000001,0.7333333333333334,0.3333333333333333
1636,H_087,Emotional,weighted,2.0,0.65,0.7833333333333333,0.1333333333333333
1637,G_482,Emotional,weighted,2.0,0.2333333333333333,0.48333333333333334,0.25
1638,G_114,Emotional,weighted,2.0,0.4833333333333334,0.75,0.2666666666666666
1639,G_227,Emotional,weighted,2.0,0.8166666666666668,0.8333333333333334,0.016666666666666607
1640,H_027,Emotional,weighted,2.0,0.65,0.7666666666666666,0.11666666666666659
1641,G_592,Emotional,weighted,2.0,0.8166666666666668,0.85,0.033333333333333215
1642,G_195,Emotional,weighted,2.0,0.21666666666666665,0.39999999999999997,0.18333333333333332
1643,G_438,Emotional,weighted,2.0,0.0,0.051754385964912275,0.051754385964912275
1644,G_123,Emotional,weighted,2.0,0.30000000000000004,0.5,0.19999999999999996
1645,G_163,Emotional,weighted,2.0,0.9500000000000001,0.9666666666666667,0.016666666666666607
1646,G_269,Emotional,weighted,2.0,0.20000000000000004,0.25,0.04999999999999996
1647,H_088,Emotional,weighted,2.0,0.2333333333333333,0.16666666666666666,-0.06666666666666665
1648,G_347,Emotional,weighted,2.0,0.6666666666666666,0.8333333333333334,0.16666666666666674
1649,H_023,Emotional,weighted,2.0,0.03333333333333333,0.38333333333333336,0.35000000000000003
1650,H_084,Emotional,weighted,2.0,0.9500000000000001,0.9166666666666666,-0.03333333333333344
1651,G_312,Emotional,weighted,2.0,0.9500000000000001,0.8833333333333333,-0.06666666666666676
1652,G_255,Emotional,weighted,2.0,0.5499999999999999,0.7999999999999999,0.25
1653,G_179,Emotional,weighted,2.0,0.11666666666666665,0.06666666666666667,-0.04999999999999999
1654,G_401,Emotional,weighted,2.0,0.75,0.7999999999999999,0.04999999999999993
1655,G_458,Emotional,weighted,2.0,0.0,0.0,0.0
1656,G_199,Emotional,weighted,2.0,0.9333333333333332,0.9333333333333332,0.0
1657,G_113,Emotional,weighted,2.0,0.75,0.8333333333333334,0.08333333333333337
1658,G_523,Emotional,weighted,2.0,0.9,0.8666666666666667,-0.033333333333333326
1659,G_104,Emotional,weighted,2.0,0.049999999999999996,0.016666666666666666,-0.033333333333333326
1660,H_093,Emotional,weighted,2.0,0.36666666666666664,0.35000000000000003,-0.016666666666666607
1661,G_149,Emotional,weighted,2.0,0.7333333333333334,0.8482456140350877,0.1149122807017543
1662,G_240,Emotional,weighted,2.0,0.5254385964912281,0.5833333333333334,0.05789473684210522
1663,G_275,Emotional,weighted,2.0,0.15000000000000002,0.38333333333333336,0.23333333333333334
1664,H_002,Emotional,weighted,3.0,0.016666666666666666,0.13333333333333333,0.11666666666666667
1665,G_009,Emotional,weighted,3.0,0.85,0.8833333333333333,0.033333333333333326
1666,G_109,Emotional,weighted,3.0,0.3,0.7000000000000001,0.4000000000000001
1667,G_044,Emotional,weighted,3.0,0.4000000000000001,0.8000000000000002,0.4000000000000001
1668,H_087,Emotional,weighted,3.0,0.65,0.8000000000000002,0.15000000000000013
1669,G_482,Emotional,weighted,3.0,0.2333333333333333,0.6,0.3666666666666667
1670,G_114,Emotional,weighted,3.0,0.4833333333333334,0.7833333333333333,0.29999999999999993
1671,G_227,Emotional,weighted,3.0,0.8166666666666668,0.7999999999999999,-0.01666666666666683
1672,H_027,Emotional,weighted,3.0,0.65,0.7833333333333333,0.1333333333333333
1673,G_592,Emotional,weighted,3.0,0.8166666666666668,0.8666666666666667,0.04999999999999993
1674,G_195,Emotional,weighted,3.0,0.21666666666666665,0.39999999999999997,0.18333333333333332
1675,G_438,Emotional,weighted,3.0,0.0,0.05000000000000001,0.05000000000000001
1676,G_123,Emotional,weighted,3.0,0.30000000000000004,0.6166666666666667,0.31666666666666665
1677,G_163,Emotional,weighted,3.0,0.9500000000000001,0.85,-0.10000000000000009
1678,G_269,Emotional,weighted,3.0,0.20000000000000004,0.3166666666666667,0.11666666666666667
1679,H_088,Emotional,weighted,3.0,0.2333333333333333,0.16666666666666666,-0.06666666666666665
1680,G_347,Emotional,weighted,3.0,0.6666666666666666,0.7999999999999999,0.1333333333333333
1681,H_023,Emotional,weighted,3.0,0.03333333333333333,0.39999999999999997,0.36666666666666664
1682,H_084,Emotional,weighted,3.0,0.9500000000000001,0.8666666666666667,-0.08333333333333337
1683,G_312,Emotional,weighted,3.0,0.9500000000000001,0.8666666666666667,-0.08333333333333337
1684,G_255,Emotional,weighted,3.0,0.5499999999999999,0.7333333333333334,0.18333333333333346
1685,G_179,Emotional,weighted,3.0,0.11666666666666665,0.15,0.03333333333333334
1686,G_401,Emotional,weighted,3.0,0.75,0.7666666666666666,0.016666666666666607
1687,G_458,Emotional,weighted,3.0,0.0,0.0,0.0
1688,G_199,Emotional,weighted,3.0,0.9333333333333332,0.9166666666666666,-0.016666666666666607
1689,G_113,Emotional,weighted,3.0,0.75,0.8833333333333333,0.1333333333333333
1690,G_523,Emotional,weighted,3.0,0.9,0.8333333333333334,-0.06666666666666665
1691,G_104,Emotional,weighted,3.0,0.049999999999999996,0.06666666666666667,0.01666666666666667
1692,H_093,Emotional,weighted,3.0,0.36666666666666664,0.4166666666666667,0.050000000000000044
1693,G_149,Emotional,weighted,3.0,0.7333333333333334,0.7999999999999999,0.06666666666666654
1694,G_240,Emotional,weighted,3.0,0.5254385964912281,0.5833333333333334,0.05789473684210522
1695,G_275,Emotional,weighted,3.0,0.15000000000000002,0.3333333333333333,0.1833333333333333
1696,H_002,Emotional,weighted,4.0,0.016666666666666666,0.08333333333333333,0.06666666666666667
1697,G_009,Emotional,weighted,4.0,0.85,0.8666666666666667,0.01666666666666672
1698,G_109,Emotional,weighted,4.0,0.3,0.6833333333333332,0.38333333333333325
1699,G_044,Emotional,weighted,4.0,0.4000000000000001,0.8333333333333334,0.4333333333333333
1700,H_087,Emotional,weighted,4.0,0.65,0.8166666666666668,0.16666666666666674
1701,G_482,Emotional,weighted,4.0,0.2333333333333333,0.5833333333333334,0.3500000000000001
1702,G_114,Emotional,weighted,4.0,0.4833333333333334,0.85,0.3666666666666666
1703,G_227,Emotional,weighted,4.0,0.8166666666666668,0.8333333333333334,0.016666666666666607
1704,H_027,Emotional,weighted,4.0,0.65,0.8833333333333333,0.23333333333333328
1705,G_592,Emotional,weighted,4.0,0.8166666666666668,0.8333333333333334,0.016666666666666607
1706,G_195,Emotional,weighted,4.0,0.21666666666666665,0.5666666666666667,0.35
1707,G_438,Emotional,weighted,4.0,0.0,0.18333333333333335,0.18333333333333335
1708,G_123,Emotional,weighted,4.0,0.30000000000000004,0.65,0.35
1709,G_163,Emotional,weighted,4.0,0.9500000000000001,0.8833333333333333,-0.06666666666666676
1710,G_269,Emotional,weighted,4.0,0.20000000000000004,0.18333333333333335,-0.01666666666666669
1711,H_088,Emotional,weighted,4.0,0.2333333333333333,0.16666666666666666,-0.06666666666666665
1712,G_347,Emotional,weighted,4.0,0.6666666666666666,0.85,0.18333333333333335
1713,H_023,Emotional,weighted,4.0,0.03333333333333333,0.5166666666666667,0.4833333333333334
1714,H_084,Emotional,weighted,4.0,0.9500000000000001,0.8666666666666667,-0.08333333333333337
1715,G_312,Emotional,weighted,4.0,0.9500000000000001,0.8333333333333334,-0.1166666666666667
1716,G_255,Emotional,weighted,4.0,0.5499999999999999,0.7833333333333332,0.23333333333333328
1717,G_179,Emotional,weighted,4.0,0.11666666666666665,0.13333333333333333,0.016666666666666677
1718,G_401,Emotional,weighted,4.0,0.75,0.7666666666666666,0.016666666666666607
1719,G_458,Emotional,weighted,4.0,0.0,0.016666666666666666,0.016666666666666666
1720,G_199,Emotional,weighted,4.0,0.9333333333333332,0.85,-0.08333333333333326
1721,G_113,Emotional,weighted,4.0,0.75,0.8666666666666667,0.1166666666666667
1722,G_523,Emotional,weighted,4.0,0.9,0.8333333333333334,-0.06666666666666665
1723,G_104,Emotional,weighted,4.0,0.049999999999999996,0.13333333333333333,0.08333333333333334
1724,H_093,Emotional,weighted,4.0,0.36666666666666664,0.30000000000000004,-0.0666666666666666
1725,G_149,Emotional,weighted,4.0,0.7333333333333334,0.7999999999999999,0.06666666666666654
1726,G_240,Emotional,weighted,4.0,0.5254385964912281,0.7333333333333334,0.20789473684210524
1727,G_275,Emotional,weighted,4.0,0.15000000000000002,0.3,0.14999999999999997
1728,H_002,Emotional,weighted,5.0,0.016666666666666666,0.19999999999999998,0.18333333333333332
1729,G_009,Emotional,weighted,5.0,0.85,0.8333333333333334,-0.016666666666666607
1730,G_109,Emotional,weighted,5.0,0.3,0.6833333333333332,0.38333333333333325
1731,G_044,Emotional,weighted,5.0,0.4000000000000001,0.8333333333333334,0.4333333333333333
1732,H_087,Emotional,weighted,5.0,0.65,0.7999999999999999,0.1499999999999999
1733,G_482,Emotional,weighted,5.0,0.2333333333333333,0.6,0.3666666666666667
1734,G_114,Emotional,weighted,5.0,0.4833333333333334,0.8166666666666668,0.33333333333333337
1735,G_227,Emotional,weighted,5.0,0.8166666666666668,0.8333333333333334,0.016666666666666607
1736,H_027,Emotional,weighted,5.0,0.65,0.8166666666666668,0.16666666666666674
1737,G_592,Emotional,weighted,5.0,0.8166666666666668,0.8333333333333334,0.016666666666666607
1738,G_195,Emotional,weighted,5.0,0.21666666666666665,0.6833333333333332,0.46666666666666656
1739,G_438,Emotional,weighted,5.0,0.0,0.21666666666666667,0.21666666666666667
1740,G_123,Emotional,weighted,5.0,0.30000000000000004,0.7666666666666666,0.46666666666666656
1741,G_163,Emotional,weighted,5.0,0.9500000000000001,0.85,-0.10000000000000009
1742,G_269,Emotional,weighted,5.0,0.20000000000000004,0.19999999999999998,-5.551115123125783e-17
1743,H_088,Emotional,weighted,5.0,0.2333333333333333,0.18333333333333335,-0.04999999999999996
1744,G_347,Emotional,weighted,5.0,0.6666666666666666,0.7833333333333333,0.1166666666666667
1745,H_023,Emotional,weighted,5.0,0.03333333333333333,0.5666666666666668,0.5333333333333334
1746,H_084,Emotional,weighted,5.0,0.9500000000000001,0.8333333333333334,-0.1166666666666667
1747,G_312,Emotional,weighted,5.0,0.9500000000000001,0.8333333333333334,-0.1166666666666667
1748,G_255,Emotional,weighted,5.0,0.5499999999999999,0.8333333333333334,0.28333333333333344
1749,G_179,Emotional,weighted,5.0,0.11666666666666665,0.19999999999999998,0.08333333333333333
1750,G_401,Emotional,weighted,5.0,0.75,0.7999999999999999,0.04999999999999993
1751,G_458,Emotional,weighted,5.0,0.0,0.017543859649122806,0.017543859649122806
1752,G_199,Emotional,weighted,5.0,0.9333333333333332,0.8333333333333334,-0.09999999999999987
1753,G_113,Emotional,weighted,5.0,0.75,0.8166666666666668,0.06666666666666676
1754,G_523,Emotional,weighted,5.0,0.9,0.8333333333333334,-0.06666666666666665
1755,G_104,Emotional,weighted,5.0,0.049999999999999996,0.11666666666666665,0.06666666666666665
1756,H_093,Emotional,weighted,5.0,0.36666666666666664,0.3833333333333333,0.016666666666666663
1757,G_149,Emotional,weighted,5.0,0.7333333333333334,0.8166666666666668,0.08333333333333337
1758,G_240,Emotional,weighted,5.0,0.5254385964912281,0.65,0.12456140350877187
1759,G_275,Emotional,weighted,5.0,0.15000000000000002,0.2333333333333333,0.08333333333333329
1760,H_002,Emotional,unweighted,-5.0,0.016666666666666666,0.08333333333333333,0.06666666666666667
1761,G_009,Emotional,unweighted,-5.0,0.85,0.8333333333333334,-0.016666666666666607
1762,G_109,Emotional,unweighted,-5.0,0.3,0.3333333333333333,0.033333333333333326
1763,G_044,Emotional,unweighted,-5.0,0.4000000000000001,0.6333333333333334,0.23333333333333334
1764,H_087,Emotional,unweighted,-5.0,0.65,0.39999999999999997,-0.25000000000000006
1765,G_482,Emotional,unweighted,-5.0,0.2333333333333333,0.25,0.01666666666666669
1766,G_114,Emotional,unweighted,-5.0,0.4833333333333334,0.6833333333333335,0.20000000000000007
1767,G_227,Emotional,unweighted,-5.0,0.8166666666666668,0.8166666666666665,-2.220446049250313e-16
1768,H_027,Emotional,unweighted,-5.0,0.65,0.5499999999999999,-0.10000000000000009
1769,G_592,Emotional,unweighted,-5.0,0.8166666666666668,0.7833333333333333,-0.03333333333333344
1770,G_195,Emotional,unweighted,-5.0,0.21666666666666665,0.18333333333333335,-0.0333333333333333
1771,G_438,Emotional,unweighted,-5.0,0.0,0.0,0.0
1772,G_123,Emotional,unweighted,-5.0,0.30000000000000004,0.16666666666666666,-0.1333333333333334
1773,G_163,Emotional,unweighted,-5.0,0.9500000000000001,0.8473684210526317,-0.10263157894736841
1774,G_269,Emotional,unweighted,-5.0,0.20000000000000004,0.05000000000000001,-0.15000000000000002
1775,H_088,Emotional,unweighted,-5.0,0.2333333333333333,0.13333333333333333,-0.09999999999999998
1776,G_347,Emotional,unweighted,-5.0,0.6666666666666666,0.7333333333333334,0.06666666666666676
1777,H_023,Emotional,unweighted,-5.0,0.03333333333333333,0.18333333333333335,0.15000000000000002
1778,H_084,Emotional,unweighted,-5.0,0.9500000000000001,0.85,-0.10000000000000009
1779,G_312,Emotional,unweighted,-5.0,0.9500000000000001,0.9666666666666667,0.016666666666666607
1780,G_255,Emotional,unweighted,-5.0,0.5499999999999999,0.7666666666666667,0.21666666666666679
1781,G_179,Emotional,unweighted,-5.0,0.11666666666666665,0.18333333333333335,0.0666666666666667
1782,G_401,Emotional,unweighted,-5.0,0.75,0.6,-0.15000000000000002
1783,G_458,Emotional,unweighted,-5.0,0.0,0.0,0.0
1784,G_199,Emotional,unweighted,-5.0,0.9333333333333332,0.85,-0.08333333333333326
1785,G_113,Emotional,unweighted,-5.0,0.75,0.6666666666666666,-0.08333333333333337
1786,G_523,Emotional,unweighted,-5.0,0.9,0.8833333333333333,-0.01666666666666672
1787,G_104,Emotional,unweighted,-5.0,0.049999999999999996,0.15,0.1
1788,H_093,Emotional,unweighted,-5.0,0.36666666666666664,0.25,-0.11666666666666664
1789,G_149,Emotional,unweighted,-5.0,0.7333333333333334,0.5833333333333334,-0.15000000000000002
1790,G_240,Emotional,unweighted,-5.0,0.5254385964912281,0.39999999999999997,-0.12543859649122818
1791,G_275,Emotional,unweighted,-5.0,0.15000000000000002,0.6166666666666667,0.4666666666666667
1792,H_002,Emotional,unweighted,-4.0,0.016666666666666666,0.06666666666666667,0.05
1793,G_009,Emotional,unweighted,-4.0,0.85,0.7166666666666667,-0.1333333333333333
1794,G_109,Emotional,unweighted,-4.0,0.3,0.4166666666666667,0.1166666666666667
1795,G_044,Emotional,unweighted,-4.0,0.4000000000000001,0.7999999999999999,0.39999999999999986
1796,H_087,Emotional,unweighted,-4.0,0.65,0.5,-0.15000000000000002
1797,G_482,Emotional,unweighted,-4.0,0.2333333333333333,0.35000000000000003,0.11666666666666672
1798,G_114,Emotional,unweighted,-4.0,0.4833333333333334,0.6666666666666666,0.18333333333333324
1799,G_227,Emotional,unweighted,-4.0,0.8166666666666668,0.8166666666666668,0.0
1800,H_027,Emotional,unweighted,-4.0,0.65,0.4666666666666666,-0.1833333333333334
1801,G_592,Emotional,unweighted,-4.0,0.8166666666666668,0.7833333333333333,-0.03333333333333344
1802,G_195,Emotional,unweighted,-4.0,0.21666666666666665,0.08333333333333333,-0.1333333333333333
1803,G_438,Emotional,unweighted,-4.0,0.0,0.016666666666666666,0.016666666666666666
1804,G_123,Emotional,unweighted,-4.0,0.30000000000000004,0.21666666666666665,-0.0833333333333334
1805,G_163,Emotional,unweighted,-4.0,0.9500000000000001,0.8333333333333334,-0.1166666666666667
1806,G_269,Emotional,unweighted,-4.0,0.20000000000000004,0.16666666666666666,-0.03333333333333338
1807,H_088,Emotional,unweighted,-4.0,0.2333333333333333,0.16666666666666666,-0.06666666666666665
1808,G_347,Emotional,unweighted,-4.0,0.6666666666666666,0.7333333333333334,0.06666666666666676
1809,H_023,Emotional,unweighted,-4.0,0.03333333333333333,0.13333333333333333,0.1
1810,H_084,Emotional,unweighted,-4.0,0.9500000000000001,0.9,-0.050000000000000044
1811,G_312,Emotional,unweighted,-4.0,0.9500000000000001,0.9500000000000001,0.0
1812,G_255,Emotional,unweighted,-4.0,0.5499999999999999,0.85,0.30000000000000004
1813,G_179,Emotional,unweighted,-4.0,0.11666666666666665,0.16666666666666666,0.05
1814,G_401,Emotional,unweighted,-4.0,0.75,0.6333333333333333,-0.1166666666666667
1815,G_458,Emotional,unweighted,-4.0,0.0,0.016666666666666666,0.016666666666666666
1816,G_199,Emotional,unweighted,-4.0,0.9333333333333332,0.7333333333333334,-0.19999999999999984
1817,G_113,Emotional,unweighted,-4.0,0.75,0.6666666666666666,-0.08333333333333337
1818,G_523,Emotional,unweighted,-4.0,0.9,0.8666666666666667,-0.033333333333333326
1819,G_104,Emotional,unweighted,-4.0,0.049999999999999996,0.13333333333333333,0.08333333333333334
1820,H_093,Emotional,unweighted,-4.0,0.36666666666666664,0.23333333333333336,-0.13333333333333328
1821,G_149,Emotional,unweighted,-4.0,0.7333333333333334,0.6833333333333332,-0.050000000000000155
1822,G_240,Emotional,unweighted,-4.0,0.5254385964912281,0.35000000000000003,-0.17543859649122812
1823,G_275,Emotional,unweighted,-4.0,0.15000000000000002,0.46666666666666673,0.3166666666666667
1824,H_002,Emotional,unweighted,-3.0,0.016666666666666666,0.03333333333333333,0.016666666666666666
1825,G_009,Emotional,unweighted,-3.0,0.85,0.8166666666666668,-0.033333333333333215
1826,G_109,Emotional,unweighted,-3.0,0.3,0.4166666666666667,0.1166666666666667
1827,G_044,Emotional,unweighted,-3.0,0.4000000000000001,0.6166666666666667,0.21666666666666662
1828,H_087,Emotional,unweighted,-3.0,0.65,0.5166666666666667,-0.1333333333333333
1829,G_482,Emotional,unweighted,-3.0,0.2333333333333333,0.25,0.01666666666666669
1830,G_114,Emotional,unweighted,-3.0,0.4833333333333334,0.7666666666666667,0.2833333333333333
1831,G_227,Emotional,unweighted,-3.0,0.8166666666666668,0.7666666666666667,-0.050000000000000044
1832,H_027,Emotional,unweighted,-3.0,0.65,0.5333333333333333,-0.1166666666666667
1833,G_592,Emotional,unweighted,-3.0,0.8166666666666668,0.8166666666666668,0.0
1834,G_195,Emotional,unweighted,-3.0,0.21666666666666665,0.13333333333333333,-0.08333333333333331
1835,G_438,Emotional,unweighted,-3.0,0.0,0.0,0.0
1836,G_123,Emotional,unweighted,-3.0,0.30000000000000004,0.16666666666666666,-0.1333333333333334
1837,G_163,Emotional,unweighted,-3.0,0.9500000000000001,0.8833333333333333,-0.06666666666666676
1838,G_269,Emotional,unweighted,-3.0,0.20000000000000004,0.11666666666666665,-0.08333333333333338
1839,H_088,Emotional,unweighted,-3.0,0.2333333333333333,0.16666666666666666,-0.06666666666666665
1840,G_347,Emotional,unweighted,-3.0,0.6666666666666666,0.75,0.08333333333333337
1841,H_023,Emotional,unweighted,-3.0,0.03333333333333333,0.21666666666666665,0.18333333333333332
1842,H_084,Emotional,unweighted,-3.0,0.9500000000000001,0.8666666666666667,-0.08333333333333337
1843,G_312,Emotional,unweighted,-3.0,0.9500000000000001,0.9,-0.050000000000000044
1844,G_255,Emotional,unweighted,-3.0,0.5499999999999999,0.6999999999999998,0.1499999999999999
1845,G_179,Emotional,unweighted,-3.0,0.11666666666666665,0.16666666666666666,0.05
1846,G_401,Emotional,unweighted,-3.0,0.75,0.7000000000000001,-0.04999999999999993
1847,G_458,Emotional,unweighted,-3.0,0.0,0.0,0.0
1848,G_199,Emotional,unweighted,-3.0,0.9333333333333332,0.8833333333333334,-0.04999999999999982
1849,G_113,Emotional,unweighted,-3.0,0.75,0.7000000000000001,-0.04999999999999993
1850,G_523,Emotional,unweighted,-3.0,0.9,0.9,0.0
1851,G_104,Emotional,unweighted,-3.0,0.049999999999999996,0.15,0.1
1852,H_093,Emotional,unweighted,-3.0,0.36666666666666664,0.35000000000000003,-0.016666666666666607
1853,G_149,Emotional,unweighted,-3.0,0.7333333333333334,0.7000000000000001,-0.033333333333333326
1854,G_240,Emotional,unweighted,-3.0,0.5254385964912281,0.39999999999999997,-0.12543859649122818
1855,G_275,Emotional,unweighted,-3.0,0.15000000000000002,0.5333333333333333,0.3833333333333333
1856,H_002,Emotional,unweighted,-2.0,0.016666666666666666,0.049999999999999996,0.033333333333333326
1857,G_009,Emotional,unweighted,-2.0,0.85,0.7833333333333333,-0.06666666666666665
1858,G_109,Emotional,unweighted,-2.0,0.3,0.5166666666666666,0.21666666666666662
1859,G_044,Emotional,unweighted,-2.0,0.4000000000000001,0.6666666666666666,0.26666666666666655
1860,H_087,Emotional,unweighted,-2.0,0.65,0.5833333333333334,-0.06666666666666665
1861,G_482,Emotional,unweighted,-2.0,0.2333333333333333,0.2833333333333333,0.05000000000000002
1862,G_114,Emotional,unweighted,-2.0,0.4833333333333334,0.6666666666666666,0.18333333333333324
1863,G_227,Emotional,unweighted,-2.0,0.8166666666666668,0.8666666666666666,0.04999999999999982
1864,H_027,Emotional,unweighted,-2.0,0.65,0.5333333333333333,-0.1166666666666667
1865,G_592,Emotional,unweighted,-2.0,0.8166666666666668,0.8166666666666668,0.0
1866,G_195,Emotional,unweighted,-2.0,0.21666666666666665,0.08333333333333333,-0.1333333333333333
1867,G_438,Emotional,unweighted,-2.0,0.0,0.016666666666666666,0.016666666666666666
1868,G_123,Emotional,unweighted,-2.0,0.30000000000000004,0.3,-5.551115123125783e-17
1869,G_163,Emotional,unweighted,-2.0,0.9500000000000001,0.8000000000000002,-0.1499999999999999
1870,G_269,Emotional,unweighted,-2.0,0.20000000000000004,0.2333333333333333,0.03333333333333327
1871,H_088,Emotional,unweighted,-2.0,0.2333333333333333,0.09999999999999999,-0.1333333333333333
1872,G_347,Emotional,unweighted,-2.0,0.6666666666666666,0.7333333333333334,0.06666666666666676
1873,H_023,Emotional,unweighted,-2.0,0.03333333333333333,0.16666666666666666,0.13333333333333333
1874,H_084,Emotional,unweighted,-2.0,0.9500000000000001,0.8833333333333333,-0.06666666666666676
1875,G_312,Emotional,unweighted,-2.0,0.9500000000000001,0.8833333333333333,-0.06666666666666676
1876,G_255,Emotional,unweighted,-2.0,0.5499999999999999,0.8166666666666668,0.26666666666666683
1877,G_179,Emotional,unweighted,-2.0,0.11666666666666665,0.15,0.03333333333333334
1878,G_401,Emotional,unweighted,-2.0,0.75,0.7000000000000001,-0.04999999999999993
1879,G_458,Emotional,unweighted,-2.0,0.0,0.0,0.0
1880,G_199,Emotional,unweighted,-2.0,0.9333333333333332,0.85,-0.08333333333333326
1881,G_113,Emotional,unweighted,-2.0,0.75,0.7166666666666667,-0.033333333333333326
1882,G_523,Emotional,unweighted,-2.0,0.9,0.9166666666666666,0.016666666666666607
1883,G_104,Emotional,unweighted,-2.0,0.049999999999999996,0.15,0.1
1884,H_093,Emotional,unweighted,-2.0,0.36666666666666664,0.35000000000000003,-0.016666666666666607
1885,G_149,Emotional,unweighted,-2.0,0.7333333333333334,0.7000000000000001,-0.033333333333333326
1886,G_240,Emotional,unweighted,-2.0,0.5254385964912281,0.43333333333333335,-0.0921052631578948
1887,G_275,Emotional,unweighted,-2.0,0.15000000000000002,0.45,0.3
1888,H_002,Emotional,unweighted,-1.0,0.016666666666666666,0.03333333333333333,0.016666666666666666
1889,G_009,Emotional,unweighted,-1.0,0.85,0.8333333333333334,-0.016666666666666607
1890,G_109,Emotional,unweighted,-1.0,0.3,0.5,0.2
1891,G_044,Emotional,unweighted,-1.0,0.4000000000000001,0.6666666666666666,0.26666666666666655
1892,H_087,Emotional,unweighted,-1.0,0.65,0.43333333333333335,-0.21666666666666667
1893,G_482,Emotional,unweighted,-1.0,0.2333333333333333,0.3166666666666667,0.0833333333333334
1894,G_114,Emotional,unweighted,-1.0,0.4833333333333334,0.6666666666666666,0.18333333333333324
1895,G_227,Emotional,unweighted,-1.0,0.8166666666666668,0.75,-0.06666666666666676
1896,H_027,Emotional,unweighted,-1.0,0.65,0.75,0.09999999999999998
1897,G_592,Emotional,unweighted,-1.0,0.8166666666666668,0.8666666666666667,0.04999999999999993
1898,G_195,Emotional,unweighted,-1.0,0.21666666666666665,0.15,-0.06666666666666665
1899,G_438,Emotional,unweighted,-1.0,0.0,0.0,0.0
1900,G_123,Emotional,unweighted,-1.0,0.30000000000000004,0.21666666666666667,-0.08333333333333337
1901,G_163,Emotional,unweighted,-1.0,0.9500000000000001,0.8833333333333334,-0.06666666666666665
1902,G_269,Emotional,unweighted,-1.0,0.20000000000000004,0.16929824561403506,-0.03070175438596498
1903,H_088,Emotional,unweighted,-1.0,0.2333333333333333,0.13333333333333333,-0.09999999999999998
1904,G_347,Emotional,unweighted,-1.0,0.6666666666666666,0.7666666666666666,0.09999999999999998
1905,H_023,Emotional,unweighted,-1.0,0.03333333333333333,0.15,0.11666666666666667
1906,H_084,Emotional,unweighted,-1.0,0.9500000000000001,0.8833333333333333,-0.06666666666666676
1907,G_312,Emotional,unweighted,-1.0,0.9500000000000001,0.9666666666666667,0.016666666666666607
1908,G_255,Emotional,unweighted,-1.0,0.5499999999999999,0.7999999999999999,0.25
1909,G_179,Emotional,unweighted,-1.0,0.11666666666666665,0.16666666666666666,0.05
1910,G_401,Emotional,unweighted,-1.0,0.75,0.6833333333333332,-0.06666666666666676
1911,G_458,Emotional,unweighted,-1.0,0.0,0.0,0.0
1912,G_199,Emotional,unweighted,-1.0,0.9333333333333332,0.9333333333333332,0.0
1913,G_113,Emotional,unweighted,-1.0,0.75,0.7333333333333334,-0.016666666666666607
1914,G_523,Emotional,unweighted,-1.0,0.9,0.9666666666666667,0.06666666666666665
1915,G_104,Emotional,unweighted,-1.0,0.049999999999999996,0.06666666666666667,0.01666666666666667
1916,H_093,Emotional,unweighted,-1.0,0.36666666666666664,0.3833333333333333,0.016666666666666663
1917,G_149,Emotional,unweighted,-1.0,0.7333333333333334,0.7666666666666666,0.033333333333333215
1918,G_240,Emotional,unweighted,-1.0,0.5254385964912281,0.43333333333333335,-0.0921052631578948
1919,G_275,Emotional,unweighted,-1.0,0.15000000000000002,0.43333333333333335,0.2833333333333333
1920,H_002,Emotional,unweighted,0.0,0.016666666666666666,0.049999999999999996,0.033333333333333326
1921,G_009,Emotional,unweighted,0.0,0.85,0.7999999999999999,-0.050000000000000044
1922,G_109,Emotional,unweighted,0.0,0.3,0.6666666666666666,0.36666666666666664
1923,G_044,Emotional,unweighted,0.0,0.4000000000000001,0.75,0.3499999999999999
1924,H_087,Emotional,unweighted,0.0,0.65,0.6166666666666667,-0.033333333333333326
1925,G_482,Emotional,unweighted,0.0,0.2333333333333333,0.39999999999999997,0.16666666666666666
1926,G_114,Emotional,unweighted,0.0,0.4833333333333334,0.7000000000000001,0.21666666666666667
1927,G_227,Emotional,unweighted,0.0,0.8166666666666668,0.7833333333333333,-0.03333333333333344
1928,H_027,Emotional,unweighted,0.0,0.65,0.75,0.09999999999999998
1929,G_592,Emotional,unweighted,0.0,0.8166666666666668,0.8333333333333334,0.016666666666666607
1930,G_195,Emotional,unweighted,0.0,0.21666666666666665,0.11666666666666668,-0.09999999999999996
1931,G_438,Emotional,unweighted,0.0,0.0,0.016666666666666666,0.016666666666666666
1932,G_123,Emotional,unweighted,0.0,0.30000000000000004,0.31666666666666665,0.016666666666666607
1933,G_163,Emotional,unweighted,0.0,0.9500000000000001,0.8473684210526317,-0.10263157894736841
1934,G_269,Emotional,unweighted,0.0,0.20000000000000004,0.2333333333333333,0.03333333333333327
1935,H_088,Emotional,unweighted,0.0,0.2333333333333333,0.13333333333333333,-0.09999999999999998
1936,G_347,Emotional,unweighted,0.0,0.6666666666666666,0.7999999999999999,0.1333333333333333
1937,H_023,Emotional,unweighted,0.0,0.03333333333333333,0.21666666666666665,0.18333333333333332
1938,H_084,Emotional,unweighted,0.0,0.9500000000000001,0.9500000000000001,0.0
1939,G_312,Emotional,unweighted,0.0,0.9500000000000001,0.9666666666666667,0.016666666666666607
1940,G_255,Emotional,unweighted,0.0,0.5499999999999999,0.7999999999999999,0.25
1941,G_179,Emotional,unweighted,0.0,0.11666666666666665,0.09999999999999999,-0.016666666666666663
1942,G_401,Emotional,unweighted,0.0,0.75,0.7666666666666667,0.01666666666666672
1943,G_458,Emotional,unweighted,0.0,0.0,0.0,0.0
1944,G_199,Emotional,unweighted,0.0,0.9333333333333332,0.9166666666666666,-0.016666666666666607
1945,G_113,Emotional,unweighted,0.0,0.75,0.8166666666666668,0.06666666666666676
1946,G_523,Emotional,unweighted,0.0,0.9,0.9500000000000001,0.050000000000000044
1947,G_104,Emotional,unweighted,0.0,0.049999999999999996,0.049999999999999996,0.0
1948,H_093,Emotional,unweighted,0.0,0.36666666666666664,0.3833333333333333,0.016666666666666663
1949,G_149,Emotional,unweighted,0.0,0.7333333333333334,0.6833333333333332,-0.050000000000000155
1950,G_240,Emotional,unweighted,0.0,0.5254385964912281,0.5,-0.02543859649122815
1951,G_275,Emotional,unweighted,0.0,0.15000000000000002,0.45,0.3
1952,H_002,Emotional,unweighted,1.0,0.016666666666666666,0.016666666666666666,0.0
1953,G_009,Emotional,unweighted,1.0,0.85,0.9,0.050000000000000044
1954,G_109,Emotional,unweighted,1.0,0.3,0.5807017543859649,0.28070175438596495
1955,G_044,Emotional,unweighted,1.0,0.4000000000000001,0.7166666666666667,0.3166666666666666
1956,H_087,Emotional,unweighted,1.0,0.65,0.6166666666666667,-0.033333333333333326
1957,G_482,Emotional,unweighted,1.0,0.2333333333333333,0.3333333333333333,0.1
1958,G_114,Emotional,unweighted,1.0,0.4833333333333334,0.7666666666666667,0.2833333333333333
1959,G_227,Emotional,unweighted,1.0,0.8166666666666668,0.75,-0.06666666666666676
1960,H_027,Emotional,unweighted,1.0,0.65,0.7333333333333334,0.08333333333333337
1961,G_592,Emotional,unweighted,1.0,0.8166666666666668,0.8333333333333334,0.016666666666666607
1962,G_195,Emotional,unweighted,1.0,0.21666666666666665,0.15,-0.06666666666666665
1963,G_438,Emotional,unweighted,1.0,0.0,0.03333333333333333,0.03333333333333333
1964,G_123,Emotional,unweighted,1.0,0.30000000000000004,0.31666666666666665,0.016666666666666607
1965,G_163,Emotional,unweighted,1.0,0.9500000000000001,0.9166666666666666,-0.03333333333333344
1966,G_269,Emotional,unweighted,1.0,0.20000000000000004,0.21666666666666667,0.016666666666666635
1967,H_088,Emotional,unweighted,1.0,0.2333333333333333,0.11666666666666665,-0.11666666666666665
1968,G_347,Emotional,unweighted,1.0,0.6666666666666666,0.7166666666666667,0.050000000000000044
1969,H_023,Emotional,unweighted,1.0,0.03333333333333333,0.18333333333333335,0.15000000000000002
1970,H_084,Emotional,unweighted,1.0,0.9500000000000001,0.9,-0.050000000000000044
1971,G_312,Emotional,unweighted,1.0,0.9500000000000001,0.9666666666666667,0.016666666666666607
1972,G_255,Emotional,unweighted,1.0,0.5499999999999999,0.7833333333333333,0.2333333333333334
1973,G_179,Emotional,unweighted,1.0,0.11666666666666665,0.09999999999999999,-0.016666666666666663
1974,G_401,Emotional,unweighted,1.0,0.75,0.6833333333333332,-0.06666666666666676
1975,G_458,Emotional,unweighted,1.0,0.0,0.0,0.0
1976,G_199,Emotional,unweighted,1.0,0.9333333333333332,0.9500000000000001,0.01666666666666683
1977,G_113,Emotional,unweighted,1.0,0.75,0.7833333333333332,0.033333333333333215
1978,G_523,Emotional,unweighted,1.0,0.9,0.8833333333333333,-0.01666666666666672
1979,G_104,Emotional,unweighted,1.0,0.049999999999999996,0.06666666666666667,0.01666666666666667
1980,H_093,Emotional,unweighted,1.0,0.36666666666666664,0.30000000000000004,-0.0666666666666666
1981,G_149,Emotional,unweighted,1.0,0.7333333333333334,0.7999999999999999,0.06666666666666654
1982,G_240,Emotional,unweighted,1.0,0.5254385964912281,0.47631578947368425,-0.0491228070175439
1983,G_275,Emotional,unweighted,1.0,0.15000000000000002,0.39999999999999997,0.24999999999999994
1984,H_002,Emotional,unweighted,2.0,0.016666666666666666,0.06666666666666667,0.05
1985,G_009,Emotional,unweighted,2.0,0.85,0.7833333333333333,-0.06666666666666665
1986,G_109,Emotional,unweighted,2.0,0.3,0.65,0.35000000000000003
1987,G_044,Emotional,unweighted,2.0,0.4000000000000001,0.7833333333333332,0.38333333333333314
1988,H_087,Emotional,unweighted,2.0,0.65,0.6,-0.050000000000000044
1989,G_482,Emotional,unweighted,2.0,0.2333333333333333,0.48333333333333334,0.25
1990,G_114,Emotional,unweighted,2.0,0.4833333333333334,0.7166666666666667,0.23333333333333328
1991,G_227,Emotional,unweighted,2.0,0.8166666666666668,0.75,-0.06666666666666676
1992,H_027,Emotional,unweighted,2.0,0.65,0.7166666666666668,0.06666666666666676
1993,G_592,Emotional,unweighted,2.0,0.8166666666666668,0.85,0.033333333333333215
1994,G_195,Emotional,unweighted,2.0,0.21666666666666665,0.21666666666666667,2.7755575615628914e-17
1995,G_438,Emotional,unweighted,2.0,0.0,0.016666666666666666,0.016666666666666666
1996,G_123,Emotional,unweighted,2.0,0.30000000000000004,0.3166666666666667,0.016666666666666663
1997,G_163,Emotional,unweighted,2.0,0.9500000000000001,0.8105263157894737,-0.13947368421052642
1998,G_269,Emotional,unweighted,2.0,0.20000000000000004,0.21666666666666667,0.016666666666666635
1999,H_088,Emotional,unweighted,2.0,0.2333333333333333,0.11666666666666665,-0.11666666666666665
2000,G_347,Emotional,unweighted,2.0,0.6666666666666666,0.7333333333333334,0.06666666666666676
2001,H_023,Emotional,unweighted,2.0,0.03333333333333333,0.13333333333333333,0.1
2002,H_084,Emotional,unweighted,2.0,0.9500000000000001,0.9166666666666666,-0.03333333333333344
2003,G_312,Emotional,unweighted,2.0,0.9500000000000001,0.9666666666666667,0.016666666666666607
2004,G_255,Emotional,unweighted,2.0,0.5499999999999999,0.7833333333333333,0.2333333333333334
2005,G_179,Emotional,unweighted,2.0,0.11666666666666665,0.15,0.03333333333333334
2006,G_401,Emotional,unweighted,2.0,0.75,0.7000000000000001,-0.04999999999999993
2007,G_458,Emotional,unweighted,2.0,0.0,0.0,0.0
2008,G_199,Emotional,unweighted,2.0,0.9333333333333332,0.9666666666666667,0.03333333333333344
2009,G_113,Emotional,unweighted,2.0,0.75,0.7333333333333334,-0.016666666666666607
2010,G_523,Emotional,unweighted,2.0,0.9,0.8666666666666667,-0.033333333333333326
2011,G_104,Emotional,unweighted,2.0,0.049999999999999996,0.03333333333333333,-0.016666666666666663
2012,H_093,Emotional,unweighted,2.0,0.36666666666666664,0.3333333333333333,-0.033333333333333326
2013,G_149,Emotional,unweighted,2.0,0.7333333333333334,0.7999999999999999,0.06666666666666654
2014,G_240,Emotional,unweighted,2.0,0.5254385964912281,0.55,0.024561403508771895
2015,G_275,Emotional,unweighted,2.0,0.15000000000000002,0.4833333333333334,0.33333333333333337
2016,H_002,Emotional,unweighted,3.0,0.016666666666666666,0.03333333333333333,0.016666666666666666
2017,G_009,Emotional,unweighted,3.0,0.85,0.8333333333333334,-0.016666666666666607
2018,G_109,Emotional,unweighted,3.0,0.3,0.65,0.35000000000000003
2019,G_044,Emotional,unweighted,3.0,0.4000000000000001,0.7000000000000001,0.3
2020,H_087,Emotional,unweighted,3.0,0.65,0.6999999999999998,0.04999999999999982
2021,G_482,Emotional,unweighted,3.0,0.2333333333333333,0.43333333333333335,0.20000000000000004
2022,G_114,Emotional,unweighted,3.0,0.4833333333333334,0.7833333333333333,0.29999999999999993
2023,G_227,Emotional,unweighted,3.0,0.8166666666666668,0.7999999999999999,-0.01666666666666683
2024,H_027,Emotional,unweighted,3.0,0.65,0.7166666666666667,0.06666666666666665
2025,G_592,Emotional,unweighted,3.0,0.8166666666666668,0.8833333333333333,0.06666666666666654
2026,G_195,Emotional,unweighted,3.0,0.21666666666666665,0.3666666666666667,0.15000000000000005
2027,G_438,Emotional,unweighted,3.0,0.0,0.016666666666666666,0.016666666666666666
2028,G_123,Emotional,unweighted,3.0,0.30000000000000004,0.46666666666666673,0.16666666666666669
2029,G_163,Emotional,unweighted,3.0,0.9500000000000001,0.9333333333333332,-0.01666666666666683
2030,G_269,Emotional,unweighted,3.0,0.20000000000000004,0.2833333333333333,0.08333333333333329
2031,H_088,Emotional,unweighted,3.0,0.2333333333333333,0.16666666666666666,-0.06666666666666665
2032,G_347,Emotional,unweighted,3.0,0.6666666666666666,0.7000000000000001,0.03333333333333344
2033,H_023,Emotional,unweighted,3.0,0.03333333333333333,0.21666666666666667,0.18333333333333335
2034,H_084,Emotional,unweighted,3.0,0.9500000000000001,0.9,-0.050000000000000044
2035,G_312,Emotional,unweighted,3.0,0.9500000000000001,0.9333333333333332,-0.01666666666666683
2036,G_255,Emotional,unweighted,3.0,0.5499999999999999,0.75,0.20000000000000007
2037,G_179,Emotional,unweighted,3.0,0.11666666666666665,0.08333333333333333,-0.033333333333333326
2038,G_401,Emotional,unweighted,3.0,0.75,0.7833333333333333,0.033333333333333326
2039,G_458,Emotional,unweighted,3.0,0.0,0.0,0.0
2040,G_199,Emotional,unweighted,3.0,0.9333333333333332,0.9166666666666666,-0.016666666666666607
2041,G_113,Emotional,unweighted,3.0,0.75,0.8166666666666668,0.06666666666666676
2042,G_523,Emotional,unweighted,3.0,0.9,0.8833333333333333,-0.01666666666666672
2043,G_104,Emotional,unweighted,3.0,0.049999999999999996,0.016666666666666666,-0.033333333333333326
2044,H_093,Emotional,unweighted,3.0,0.36666666666666664,0.3043859649122807,-0.062280701754385936
2045,G_149,Emotional,unweighted,3.0,0.7333333333333334,0.7000000000000001,-0.033333333333333326
2046,G_240,Emotional,unweighted,3.0,0.5254385964912281,0.575925925925926,0.0504873294346978
2047,G_275,Emotional,unweighted,3.0,0.15000000000000002,0.4833333333333334,0.33333333333333337
2048,H_002,Emotional,unweighted,4.0,0.016666666666666666,0.049999999999999996,0.033333333333333326
2049,G_009,Emotional,unweighted,4.0,0.85,0.8166666666666668,-0.033333333333333215
2050,G_109,Emotional,unweighted,4.0,0.3,0.6666666666666666,0.36666666666666664
2051,G_044,Emotional,unweighted,4.0,0.4000000000000001,0.7666666666666666,0.36666666666666653
2052,H_087,Emotional,unweighted,4.0,0.65,0.6166666666666667,-0.033333333333333326
2053,G_482,Emotional,unweighted,4.0,0.2333333333333333,0.45,0.2166666666666667
2054,G_114,Emotional,unweighted,4.0,0.4833333333333334,0.7999999999999999,0.31666666666666654
2055,G_227,Emotional,unweighted,4.0,0.8166666666666668,0.8157894736842106,-0.0008771929824561431
2056,H_027,Emotional,unweighted,4.0,0.65,0.75,0.09999999999999998
2057,G_592,Emotional,unweighted,4.0,0.8166666666666668,0.8333333333333334,0.016666666666666607
2058,G_195,Emotional,unweighted,4.0,0.21666666666666665,0.2754385964912281,0.05877192982456145
2059,G_438,Emotional,unweighted,4.0,0.0,0.06666666666666667,0.06666666666666667
2060,G_123,Emotional,unweighted,4.0,0.30000000000000004,0.4666666666666666,0.16666666666666657
2061,G_163,Emotional,unweighted,4.0,0.9500000000000001,0.9,-0.050000000000000044
2062,G_269,Emotional,unweighted,4.0,0.20000000000000004,0.3,0.09999999999999995
2063,H_088,Emotional,unweighted,4.0,0.2333333333333333,0.13333333333333333,-0.09999999999999998
2064,G_347,Emotional,unweighted,4.0,0.6666666666666666,0.8333333333333334,0.16666666666666674
2065,H_023,Emotional,unweighted,4.0,0.03333333333333333,0.2833333333333333,0.25
2066,H_084,Emotional,unweighted,4.0,0.9500000000000001,0.9,-0.050000000000000044
2067,G_312,Emotional,unweighted,4.0,0.9500000000000001,0.9333333333333332,-0.01666666666666683
2068,G_255,Emotional,unweighted,4.0,0.5499999999999999,0.7666666666666666,0.21666666666666667
2069,G_179,Emotional,unweighted,4.0,0.11666666666666665,0.09999999999999999,-0.016666666666666663
2070,G_401,Emotional,unweighted,4.0,0.75,0.7333333333333334,-0.016666666666666607
2071,G_458,Emotional,unweighted,4.0,0.0,0.0,0.0
2072,G_199,Emotional,unweighted,4.0,0.9333333333333332,0.9166666666666666,-0.016666666666666607
2073,G_113,Emotional,unweighted,4.0,0.75,0.8166666666666668,0.06666666666666676
2074,G_523,Emotional,unweighted,4.0,0.9,0.9,0.0
2075,G_104,Emotional,unweighted,4.0,0.049999999999999996,0.03333333333333333,-0.016666666666666663
2076,H_093,Emotional,unweighted,4.0,0.36666666666666664,0.4166666666666667,0.050000000000000044
2077,G_149,Emotional,unweighted,4.0,0.7333333333333334,0.75,0.016666666666666607
2078,G_240,Emotional,unweighted,4.0,0.5254385964912281,0.5166666666666666,-0.008771929824561542
2079,G_275,Emotional,unweighted,4.0,0.15000000000000002,0.2833333333333333,0.1333333333333333
2080,H_002,Emotional,unweighted,5.0,0.016666666666666666,0.03333333333333333,0.016666666666666666
2081,G_009,Emotional,unweighted,5.0,0.85,0.8833333333333333,0.033333333333333326
2082,G_109,Emotional,unweighted,5.0,0.3,0.6657894736842106,0.3657894736842106
2083,G_044,Emotional,unweighted,5.0,0.4000000000000001,0.7166666666666667,0.3166666666666666
2084,H_087,Emotional,unweighted,5.0,0.65,0.8166666666666668,0.16666666666666674
2085,G_482,Emotional,unweighted,5.0,0.2333333333333333,0.5,0.2666666666666667
2086,G_114,Emotional,unweighted,5.0,0.4833333333333334,0.8333333333333334,0.35
2087,G_227,Emotional,unweighted,5.0,0.8166666666666668,0.85,0.033333333333333215
2088,H_027,Emotional,unweighted,5.0,0.65,0.75,0.09999999999999998
2089,G_592,Emotional,unweighted,5.0,0.8166666666666668,0.8333333333333334,0.016666666666666607
2090,G_195,Emotional,unweighted,5.0,0.21666666666666665,0.3666666666666667,0.15000000000000005
2091,G_438,Emotional,unweighted,5.0,0.0,0.017543859649122806,0.017543859649122806
2092,G_123,Emotional,unweighted,5.0,0.30000000000000004,0.5666666666666668,0.2666666666666667
2093,G_163,Emotional,unweighted,5.0,0.9500000000000001,0.9,-0.050000000000000044
2094,G_269,Emotional,unweighted,5.0,0.20000000000000004,0.25,0.04999999999999996
2095,H_088,Emotional,unweighted,5.0,0.2333333333333333,0.18333333333333335,-0.04999999999999996
2096,G_347,Emotional,unweighted,5.0,0.6666666666666666,0.8271929824561403,0.16052631578947363
2097,H_023,Emotional,unweighted,5.0,0.03333333333333333,0.3666666666666667,0.33333333333333337
2098,H_084,Emotional,unweighted,5.0,0.9500000000000001,0.8833333333333333,-0.06666666666666676
2099,G_312,Emotional,unweighted,5.0,0.9500000000000001,0.8333333333333334,-0.1166666666666667
2100,G_255,Emotional,unweighted,5.0,0.5499999999999999,0.7999999999999999,0.25
2101,G_179,Emotional,unweighted,5.0,0.11666666666666665,0.09999999999999999,-0.016666666666666663
2102,G_401,Emotional,unweighted,5.0,0.75,0.7999999999999999,0.04999999999999993
2103,G_458,Emotional,unweighted,5.0,0.0,0.0,0.0
2104,G_199,Emotional,unweighted,5.0,0.9333333333333332,0.9166666666666666,-0.016666666666666607
2105,G_113,Emotional,unweighted,5.0,0.75,0.8000000000000002,0.050000000000000155
2106,G_523,Emotional,unweighted,5.0,0.9,0.8666666666666667,-0.033333333333333326
2107,G_104,Emotional,unweighted,5.0,0.049999999999999996,0.049999999999999996,0.0
2108,H_093,Emotional,unweighted,5.0,0.36666666666666664,0.3333333333333333,-0.033333333333333326
2109,G_149,Emotional,unweighted,5.0,0.7333333333333334,0.7999999999999999,0.06666666666666654
2110,G_240,Emotional,unweighted,5.0,0.5254385964912281,0.5622807017543859,0.03684210526315779
2111,G_275,Emotional,unweighted,5.0,0.15000000000000002,0.3833333333333333,0.23333333333333328
